c --- [ banner ] -------------------------------------------------------------
c 
c CaDiCaL SAT Solver
c Copyright (c) 2016-2026
c A. Biere, M. Fleury, N. Froleyks, K. Fazekas, F. Pollitt, T. Faller
c JKU Linz, University of Freiburg, TU Wien
c 
c Version 3.0.1
c g++-13.3.0
c Aug 19 2026 11:58:27
c 
c --- [ proof tracing ] ------------------------------------------------------
c 
c opening file to write 'proof/case1_direct_unary31.drat'
c writing binary proof trace to 'proof/case1_direct_unary31.drat'
c 
c --- [ parsing input ] ------------------------------------------------------
c 
c reading DIMACS file from 'cnf/case1_direct_unary31.cnf'
c opening file to read 'cnf/case1_direct_unary31.cnf'
c found 'p cnf 5872 109614' header
c parsed 109614 clauses in 0.06 seconds process time
c 
c --- [ options ] ------------------------------------------------------------
c 
c all options are set to their default value
c 
c --- [ solving ] ------------------------------------------------------------
c 
c time measured in process time since initialization
c 
c  seconds  reduction conflicts       size tier2       variables
c         MB    restarts   redundant    glue  trail         remaining
c          level     rate       size/glu tier1  irredundant
c 
c *  0.06 17  0 0   0  0    0    0 0.0 0 0 2 6  0% 109440 4526 77%
c )  0.07 18  0 0   0  0    0    0 0.0 1 0 2 6 28% 109440 4521 77%
c {  0.07 18  0 0   0  0    0    0 0.0 1 0 2 6 28% 109440 4521 77%
c i  0.07 18  0 0   0  0    0    0 0.0 1 0 2 6 28% 109440 4521 77%
c i  0.07 18 187 0   0 188    1    0 0.0 1 0 2 6 39% 109440 4518 77%
c i  0.07 18 321 0   0 161    2    0 0.0 1 0 2 6 47% 109440 4516 77%
c i  0.07 18 377 0   1 128    4    1 10.0 1 0 2 6 52% 109440 4509 77%
c i  0.07 18 340 0   1 115    5    1 11.0 1 0 2 6 51% 109440 4508 77%
c i  0.07 18 309 0   1 105    6    1 12.0 1 0 2 6 50% 109440 4505 77%
c i  0.08 18 209 0   5 94   19   13 1.2 30 25 2 6 49% 109440 4490 76%
c -  0.11 18 63 1  10 10  300   82 1.8 45 26 2 6 78% 57364 4490 76%
c -  0.14 21 44 2  11  5  733  185 1.7 34 20 2 6 78% 57364 4490 76%
c }  0.15 21 44 2  14  4 1026  371 1.7 32 19 2 6 77% 57364 4490 76%
c [  0.15 21  0 2  14  0 1026  371 0.0 0 0 2 6  0% 57364 4490 76%
c O  0.15 21  3 2  14  4 1027  372 2.0 2 1 2 6 35% 57364 4490 76%
c -  0.18 21 14 3  14  1 1410  391 2.0 16 8 2 6 78% 57364 4490 76%
c ]  0.22 21 13 3  14  1 1919  871 2.2 20 9 2 6 78% 57364 4490 76%
c {  0.22 21 44 3  14  4 1919  871 1.7 32 19 2 6 77% 57364 4490 76%
c -  0.26 21 41 4  21  3 2350  601 1.8 33 18 2 6 73% 57364 4490 76%
c t  0.30 21 39 4  21  3 2539  757 1.9 32 18 2 6 73% 57361 4490 76%
c 
c  seconds  reduction conflicts       size   tier2      variables
c         MB    restarts   redundant     glue   trail        remaining
c          level     rate       size/glue  tier1  irredundant
c 
c O  0.33 21 36 4  22  3 3028 1128 1.8 31 17 2 6 72% 57361 4490 76%
c -  0.37 20 33 5  34  2 3573  762 1.9 30 16 2 6 72% 57361 4490 76%
c -  0.46 23 30 6  55  2 5070 1731 1.9 28 15 6 14 70% 57361 4490 76%
c }  0.52 23 28 6  55  2 5971 2348 1.9 26 14 6 14 70% 57361 4490 76%
c [  0.52 23 13 6  55  1 5971 2348 2.2 20 9 2 6 102% 57361 4490 76%
c I  0.52 23 13 6  55  1 6031 2400 2.2 20 9 5 8 100% 57361 4490 76%
c -  0.56 23 24 7  56  1 6851 2715 1.8 21 12 5 8 83% 57361 4490 76%
c -  0.69 23 27 8  57  1 8923 3211 1.7 25 15 5 11 75% 57361 4490 76%
c s  0.73 23 27 8  57  1 9192 3286 1.7 25 15 6 14 74% 57053 4490 76%
c t  0.73 23 27 8  57  1 9192 3285 1.7 25 15 6 14 74% 57053 4490 76%
c e  0.76 23 27 8  57  1 9192 1768 1.7 25 15 6 14 74% 55682 2882 49%
c s  0.78 23 27 8  57  1 9192 1758 1.7 25 15 6 14 74% 55603 2882 49%
c e  0.78 23 27 8  57  1 9192 1746 1.7 25 15 6 14 74% 55603 2876 49%
c B  0.83 21 26 8  58  1 10034 2350 1.6 25 15 6 14 70% 55603 2876 49%
c u  0.86 21 27 8  58  1 10341 2564 1.7 26 15 6 14 70% 55603 2876 49%
c v  0.86 21 27 8  58  1 10341 2562 1.7 26 15 6 14 70% 55603 2876 49%
c w  0.86 21 27 8  58  1 10341 2562 1.7 26 15 6 14 70% 55603 2876 49%
c x  0.87 21 27 8  58  1 10341 2562 1.7 26 15 6 14 70% 55603 2876 49%
c ]  0.91 21 26 8  59  1 11125 3175 1.8 27 15 6 14 70% 55603 2876 49%
c {  0.91 21 28 8  59  2 11125 3175 1.9 26 14 6 14 109% 55603 2876 49%
c 
c  seconds  reductions conflicts       size   tier2        variables
c         MB    restarts    redundant     glue    trail         remaining
c          level     rate        size/glue  tier1    irredundant
c 
c -  0.93 23 27 9  64  2 11284 2611 1.9 26 14 6 14 108% 55603 2876 49%
c -  1.07 23 30 10 151  2 13941 4059 2.0 27 14 6 14 93% 55603 2876 49%
c #  1.12 23 30 10 176  2 15035 4957 2.0 26 13 6 14 88% 55603 2876 49%
c -  1.23 26 30 11 220  2 16892 5278 2.0 27 13 6 14 85% 55603 2876 49%
c -  1.45 23 27 12 233  2 20141 6537 2.0 27 13 6 14 82% 55603 2876 49%
c B  1.50 23 27 12 289  2 21037 7342 2.1 27 13 6 14 81% 55603 2876 49%
c }  1.54 23 28 12 347  2 21718 7901 2.1 27 13 5 12 80% 55603 2876 49%
c [  1.54 23 26 12 347  1 21718 7901 1.8 27 15 6 14 70% 55603 2876 49%
c u  1.58 23 25 12 347  1 21945 8031 1.8 27 15 6 14 71% 55603 2876 49%
c v  1.58 23 25 12 347  1 21945 8028 1.8 27 15 6 14 71% 55603 2876 49%
c w  1.58 23 25 12 347  1 21945 8028 1.8 27 15 6 14 71% 55603 2876 49%
c x  1.59 23 25 12 347  1 21945 8028 1.8 27 15 6 14 71% 55597 2876 49%
c -  1.71 26 25 13 348  1 23688 6296 1.8 28 15 6 14 72% 55597 2876 49%
c s  1.92 26 24 13 349  1 26287 7947 1.8 28 15 6 14 73% 55270 2876 49%
c s  1.97 26 24 13 349  1 26287 7903 1.8 28 15 6 14 73% 55266 2876 49%
c -  2.08 23 23 14 349  1 27537 6275 1.8 28 15 6 14 74% 55266 2876 49%
c W  2.17 23 23 14 349  1 28039 6669 1.8 28 16 6 14 74% 55266 2876 49%
c p  2.17 23 24 14 349  1 28165 6914 1.8 28 16 6 14 74% 55266 2876 49%
c -  2.36 26 27 15 352  1 31687 6878 1.6 29 18 6 14 70% 55266 2876 49%
c ]  2.40 26 28 15 353  1 32808 7636 1.6 29 18 6 14 69% 55266 2876 49%
c 
c  seconds  reductions  conflicts       size   tier2       variables
c         MB     restarts    redundant     glue    trail        remaining
c          level      rate        size/glue  tier1   irredundant
c 
c {  2.40 26 28 15 353  2 32808 7636 2.1 27 13 5 12 80% 55266 2876 49%
c W  2.62 26 28 15 448  2 36040 10439 2.1 27 13 5 12 78% 55266 2876 49%
c -  2.64 23 28 16 451  2 36137 7912 2.1 27 13 5 12 78% 55266 2876 49%
c u  2.65 23 28 16 451  2 36137 7815 2.1 27 13 5 12 78% 55266 2876 49%
c v  2.66 23 28 16 451  2 36137 7808 2.1 27 13 5 12 78% 55266 2876 49%
c w  2.66 23 28 16 451  2 36137 7806 2.1 27 13 5 12 78% 55266 2876 49%
c -  2.92 26 28 17 616  2 40893 8231 2.1 27 13 4 10 76% 55266 2876 49%
c t  2.93 26 28 17 616  2 40893 8230 2.1 27 13 4 10 76% 55266 2876 49%
c F  3.18 26 26 17 675  2 45042 11487 2.1 27 13 4 10 75% 55266 2876 49%
c -  3.25 26 26 18 697  2 45950 9268 2.1 27 13 4 10 74% 55266 2876 49%
c p  3.25 26 26 18 697  2 45950 9268 2.1 27 13 4 10 74% 55266 2876 49%
c }  3.54 26 25 18 758  2 50853 13232 2.1 26 12 4 10 74% 55266 2876 49%
c [  3.54 26 28 18 758  1 50853 13232 1.6 29 18 6 14 69% 55266 2876 49%
c -  3.58 26 27 19 758  1 51308 10627 1.6 29 18 6 14 69% 55266 2876 49%
c p  3.59 26 27 19 758  1 51308 10812 1.6 29 18 6 14 69% 55266 2866 49%
c u  3.63 26 27 19 758  1 51308 10585 1.6 29 18 6 14 69% 54415 2866 49%
c v  3.64 26 27 19 758  1 51308 10572 1.6 29 18 6 14 69% 54415 2866 49%
c w  3.64 26 27 19 758  1 51308 10569 1.6 29 18 6 14 69% 54415 2866 49%
c x  3.65 26 27 19 758  1 51308 10569 1.6 29 18 6 14 69% 54408 2866 49%
c s  3.72 26 28 19 759  1 51876 10805 1.6 29 18 6 14 70% 53829 2866 49%
c 
c  seconds  reductions  conflicts        size   tier2       variables
c         MB     restarts     redundant     glue    trail        remaining
c          level      rate         size/glue  tier1   irredundant
c 
c e  3.74 26 28 19 759  1 51876 10761 1.6 29 18 6 14 70% 53816 2854 49%
c s  3.77 26 28 19 759  1 51876 10669 1.6 29 18 6 14 70% 53794 2854 49%
c e  3.78 26 28 19 759  1 51876 10669 1.6 29 18 6 14 70% 53792 2852 49%
c O  3.97 26 27 19 761  1 55043 13251 1.6 29 18 6 14 70% 53792 2852 49%
c -  4.13 23 26 20 761  1 56970 10789 1.7 29 17 6 14 71% 53792 2852 49%
c p  4.13 23 26 20 761  1 56970 10821 1.7 29 17 6 14 71% 53792 2852 49%
c -  4.53 25 24 21 762  1 62939 10825 1.6 27 17 6 14 71% 53792 2852 49%
c p  4.53 25 24 21 762  1 62939 10973 1.6 27 17 6 14 71% 53792 2850 49%
c u  4.55 25 24 21 762  1 62939 10894 1.6 27 17 6 14 71% 53792 2850 49%
c v  4.55 25 24 21 762  1 62939 10878 1.6 27 17 6 14 71% 53792 2850 49%
c w  4.55 25 24 21 762  1 62939 10877 1.6 27 17 6 14 71% 53792 2850 49%
c t  4.55 25 24 21 762  1 62939 10874 1.6 27 17 6 14 71% 53792 2850 49%
c B  4.78 25 23 21 762  1 66044 12358 1.6 26 16 6 14 71% 53792 2850 49%
c ]  4.87 25 25 21 763  1 68016 13950 1.6 27 17 6 14 71% 53792 2850 49%
c {  4.87 25 25 21 763  2 68016 13950 2.1 26 12 4 10 74% 53792 2850 49%
c -  4.95 28 25 22 803  2 69210 11394 2.1 26 12 4 10 74% 53786 2850 49%
c p  4.95 28 25 22 803  2 69210 11416 2.1 26 12 4 10 74% 53786 2850 49%
c -  5.33 23 25 23 977  2 75787 10927 2.1 25 12 3 7 73% 53786 2850 49%
c u  5.34 23 25 23 977  2 75787 10801 2.1 25 12 3 7 73% 53786 2850 49%
c v  5.35 23 25 23 977  2 75787 10779 2.1 25 12 3 7 73% 53786 2850 49%
c 
c  seconds  reductions  conflicts        size   tier2      variables
c         MB     restarts     redundant     glue   trail        remaining
c          level      rate         size/glue  tier1  irredundant
c 
c w  5.35 23 25 23 977  2 75787 10777 2.1 25 12 3 7 73% 53786 2850 49%
c B  5.46 23 24 23 1015  2 78046 12623 2.1 25 12 3 7 72% 53786 2850 49%
c -  5.71 25 24 24 1121  2 82673 11873 2.1 25 12 3 7 72% 53786 2850 49%
c p  5.71 25 24 24 1121  2 82673 11923 2.1 25 12 3 7 72% 53786 2850 49%
c t  5.72 25 24 24 1121  2 82673 11922 2.1 25 12 3 7 72% 53786 2850 49%
c s  5.92 25 23 24 1139  2 85775 14126 2.1 24 12 3 7 71% 53668 2850 49%
c t  5.93 25 23 24 1139  2 85775 14126 2.1 24 12 3 7 71% 53666 2850 49%
c e  5.94 25 23 24 1139  2 85775 14126 2.1 24 12 3 7 71% 53661 2844 48%
c s  5.97 25 23 24 1139  2 85775 14091 2.1 24 12 3 7 71% 53648 2844 48%
c e  5.97 25 23 24 1139  2 85775 14091 2.1 24 12 3 7 71% 53644 2840 48%
c i  6.11 25 23 24 1180  2 87842 15854 2.1 24 12 3 7 71% 53644 2835 48%
c -  6.25 28 23 25 1215  2 89861 12951 2.1 24 11 3 7 71% 53625 2835 48%
c p  6.26 28 23 25 1215  2 89861 13064 2.1 24 11 3 7 71% 53625 2831 48%
c =  6.30 28 23 25 1215  2 89861 13040 2.1 24 11 3 7 71% 53601 2828 48%
c u  6.31 28 23 25 1215  2 89861 12947 2.1 24 11 3 7 71% 53601 2828 48%
c v  6.31 28 23 25 1215  2 89861 12939 2.1 24 11 3 7 71% 53601 2828 48%
c w  6.31 28 23 25 1215  2 89861 12939 2.1 24 11 3 7 71% 53601 2828 48%
c x  6.32 28 23 25 1215  2 89861 12939 2.1 24 11 3 7 71% 53599 2828 48%
c t  6.32 28 23 25 1215  2 89861 12939 2.1 24 11 3 7 71% 53597 2828 48%
c W  6.48 21 23 25 1251  2 91051 13965 2.1 24 11 3 7 71% 53597 2828 48%
c 
c  seconds  reductions   conflicts        size   tier2      variables
c         MB     restarts      redundant     glue   trail        remaining
c          level       rate         size/glue  tier1  irredundant
c 
c }  6.71 21 23 25 1403  2 94993 17407 2.1 24 11 3 7 71% 53597 2828 48%
c [  6.71 21 25 25 1403  1 94993 17407 1.6 27 17 6 14 71% 53597 2828 48%
c -  6.87 24 25 26 1405  1 97355 14038 1.7 28 17 6 14 71% 53597 2828 48%
c W  7.26 24 26 26 1409  1 105055 20356 1.6 29 18 6 14 70% 53597 2828 48%
c -  7.28 21 26 27 1409  1 105155 13394 1.6 29 18 6 14 69% 53597 2828 48%
c p  7.28 21 26 27 1409  1 105155 13397 1.6 29 18 6 14 69% 53597 2828 48%
c u  7.30 21 26 27 1409  1 105155 13278 1.6 29 18 6 14 69% 53597 2828 48%
c v  7.30 21 26 27 1409  1 105155 13246 1.6 29 18 6 14 69% 53597 2828 48%
c w  7.30 21 26 27 1409  1 105155 13245 1.6 29 18 6 14 69% 53597 2828 48%
c t  7.31 21 26 27 1409  1 105155 13244 1.6 29 18 6 14 69% 53597 2828 48%
c -  7.60 24 26 28 1415  1 113261 12873 1.5 28 18 6 14 67% 53597 2828 48%
c p  7.60 24 26 28 1415  1 113261 13252 1.5 28 18 6 14 67% 53597 2827 48%
c I  7.97 24 26 28 1417  1 120056 18247 1.6 29 18 6 14 67% 53593 2827 48%
c -  8.03 24 26 29 1417  1 121675 13410 1.6 29 18 6 14 66% 53593 2827 48%
c p  8.03 24 26 29 1417  1 121675 13807 1.6 29 18 6 14 66% 53593 2817 48%
c u  8.04 24 26 29 1417  1 121675 13739 1.6 29 18 6 14 66% 53593 2817 48%
c v  8.05 24 26 29 1417  1 121675 13723 1.6 29 18 6 14 66% 53593 2817 48%
c w  8.05 24 26 29 1417  1 121675 13722 1.6 29 18 6 14 66% 53593 2817 48%
c x  8.05 24 26 29 1417  1 121675 13721 1.6 29 18 6 14 66% 53593 2817 48%
c t  8.05 24 26 29 1417  1 121675 13721 1.6 29 18 6 14 66% 53592 2817 48%
c 
c  seconds  reductions   conflicts         size   tier2       variables
c         MB     restarts       redundant     glue    trail        remaining
c          level       rate          size/glue  tier1   irredundant
c 
c s  8.28 25 26 29 1418  1 128170 17516 1.5 28 18 6 14 65% 53331 2817 48%
c e  8.29 25 26 29 1418  1 128170 17498 1.5 28 18 6 14 65% 53281 2804 48%
c s  8.33 25 26 29 1418  1 128170 17431 1.5 28 18 6 14 65% 53261 2804 48%
c e  8.33 25 26 29 1418  1 128170 17431 1.5 28 18 6 14 65% 53256 2799 48%
c -  8.45 25 26 30 1418  1 130396 12942 1.5 28 18 6 14 65% 53256 2799 48%
c p  8.45 25 26 30 1418  1 130396 12969 1.5 28 18 6 14 65% 53256 2799 48%
c ]  8.55 25 25 30 1418  1 132889 14524 1.5 28 18 6 14 64% 53256 2799 48%
c {  8.55 25 23 30 1418  2 132889 14524 2.1 24 11 3 7 71% 53256 2799 48%
c #  8.74 25 23 30 1503  2 136058 17208 2.1 24 11 3 7 71% 53256 2799 48%
c -  8.96 25 22 31 1616  2 139425 13952 2.1 24 11 3 5 70% 53256 2799 48%
c p  8.96 25 22 31 1616  2 139425 13953 2.1 24 11 3 5 70% 53256 2799 48%
c u  8.97 25 22 31 1616  2 139425 13861 2.1 24 11 3 5 70% 53256 2799 48%
c v  8.97 25 22 31 1616  2 139425 13845 2.1 24 11 3 5 70% 53256 2799 48%
c x  8.98 25 22 31 1616  2 139425 13844 2.1 24 11 3 5 70% 53253 2799 48%
c -  9.48 25 21 32 1704  2 148760 15359 2.1 23 11 3 5 70% 53253 2799 48%
c p  9.48 25 21 32 1704  2 148760 15416 2.1 23 11 3 5 70% 53253 2799 48%
c B  9.74 25 21 32 1730  2 153059 18605 2.1 23 11 3 5 70% 53254 2799 48%
c - 10.09 21 21 33 1973  2 158402 16810 2.1 23 11 3 5 70% 53254 2799 48%
c p 10.09 21 21 33 1973  2 158402 17123 2.1 23 11 3 5 70% 53254 2789 47%
c u 10.11 21 21 33 1973  2 158402 17012 2.1 23 11 3 5 70% 53254 2789 47%
c 
c  seconds  reductions   conflicts         size   tier2      variables
c         MB     restarts       redundant     glue   trail        remaining
c          level       rate          size/glue  tier1  irredundant
c 
c v 10.12 21 21 33 1973  2 158402 17007 2.1 23 11 3 5 70% 53254 2789 47%
c w 10.12 21 21 33 1973  2 158402 17007 2.1 23 11 3 5 70% 53254 2789 47%
c x 10.13 21 21 33 1973  2 158402 17006 2.1 23 11 3 5 70% 53252 2789 47%
c t 10.13 21 21 33 1973  2 158402 17006 2.1 23 11 3 5 70% 53251 2789 47%
c - 10.68 21 20 34 2133  2 168352 18129 2.1 22 11 3 5 69% 53217 2789 47%
c p 10.69 21 20 34 2133  2 168352 18130 2.1 22 11 3 5 69% 53217 2789 47%
c W 10.94 21 20 34 2259  2 171060 20339 2.1 22 11 3 5 69% 53217 2789 47%
c } 11.02 21 20 34 2303  2 172537 21561 2.1 22 11 3 5 69% 53217 2789 47%
c [ 11.02 21 25 34 2303  1 172537 21561 1.5 28 18 6 14 64% 53217 2789 47%
c - 11.36 21 24 35 2303  1 178611 18791 1.5 26 18 6 14 65% 53217 2789 47%
c p 11.36 21 24 35 2303  1 178611 19451 1.5 26 18 6 14 65% 53217 2770 47%
c u 11.38 21 24 35 2303  1 178611 19402 1.5 26 18 6 14 65% 53217 2770 47%
c v 11.39 21 24 35 2303  1 178611 19382 1.5 26 18 6 14 65% 53217 2770 47%
c w 11.39 21 24 35 2303  1 178611 19382 1.5 26 18 6 14 65% 53217 2770 47%
c x 11.40 21 24 35 2303  1 178611 19382 1.5 26 18 6 14 65% 53216 2770 47%
c t 11.40 21 24 35 2303  1 178611 19381 1.5 26 18 6 14 65% 53216 2770 47%
c s 11.49 22 24 35 2303  1 179172 19301 1.5 26 17 6 14 65% 52967 2770 47%
c t 11.49 22 24 35 2303  1 179172 19299 1.5 26 17 6 14 65% 52967 2770 47%
c e 11.50 22 24 35 2303  1 179172 19237 1.5 26 17 6 14 65% 52881 2755 47%
c s 11.55 22 24 35 2303  1 179172 19167 1.5 26 17 6 14 65% 52875 2755 47%
c 
c  seconds  reductions   conflicts         size   tier2       variables
c         MB     restarts       redundant     glue    trail        remaining
c          level       rate          size/glue  tier1   irredundant
c 
c - 12.15 20 23 36 2308  1 189177 17815 1.5 25 17 6 14 65% 52875 2755 47%
c p 12.15 20 23 36 2308  1 189177 17847 1.5 25 17 6 14 65% 52875 2750 47%
c B 12.20 20 22 36 2309  1 190063 18347 1.5 25 17 6 14 65% 52875 2750 47%
c - 12.73 23 23 37 2313  1 200051 18771 1.5 26 17 6 14 65% 52855 2750 47%
c p 12.73 23 23 37 2313  1 200051 19142 1.5 26 17 6 14 65% 52855 2745 47%
c u 12.78 23 23 37 2313  1 200051 18785 1.5 26 17 6 14 65% 52837 2745 47%
c v 12.79 23 23 37 2313  1 200051 18766 1.5 26 17 6 14 65% 52837 2745 47%
c w 12.79 23 23 37 2313  1 200051 18766 1.5 26 17 6 14 65% 52837 2745 47%
c x 12.80 23 23 37 2313  1 200051 18766 1.5 26 17 6 14 65% 52833 2745 47%
c t 12.80 23 23 37 2313  1 200051 18766 1.5 26 17 6 14 65% 52832 2745 47%
c W 13.38 27 23 37 2318  1 210068 25032 1.5 26 17 2 4 65% 52832 2745 47%
c - 13.45 23 23 38 2318  1 211234 18391 1.5 26 17 2 4 65% 52832 2745 47%
c p 13.46 23 23 38 2318  1 211234 18400 1.5 26 17 2 4 65% 52832 2741 47%
c ] 13.72 23 24 38 2318  1 216586 22299 1.5 26 17 2 4 64% 52832 2741 47%
c { 13.72 23 20 38 2318  2 216586 22299 2.1 22 11 3 5 69% 52832 2741 47%
c - 14.16 23 20 39 2614  2 222724 19880 2.1 22 11 3 5 69% 52821 2741 47%
c p 14.16 23 20 39 2614  2 222724 20143 2.1 22 11 3 5 69% 52821 2736 47%
c u 14.18 23 20 39 2614  2 222724 20076 2.1 22 11 3 5 69% 52821 2736 47%
c v 14.19 23 20 39 2614  2 222724 20066 2.1 22 11 3 5 69% 52821 2736 47%
c w 14.19 23 20 39 2614  2 222724 20066 2.1 22 11 3 5 69% 52821 2736 47%
c 
c  seconds  reductions   conflicts         size   tier2      variables
c         MB     restarts       redundant     glue   trail        remaining
c          level       rate          size/glue  tier1  irredundant
c 
c x 14.20 23 20 39 2614  2 222724 20066 2.1 22 11 3 5 69% 52816 2736 47%
c F 14.70 23 20 39 2809  2 231069 27184 2.1 22 11 3 5 69% 52816 2736 47%
c - 14.94 26 20 40 2865  2 234522 21983 2.1 22 10 3 5 69% 52797 2736 47%
c p 14.94 26 20 40 2865  2 234522 21997 2.1 22 10 3 5 69% 52797 2735 47%
c u 14.97 26 20 40 2865  2 234522 21965 2.1 22 10 3 5 69% 52796 2735 47%
c v 14.97 26 20 40 2865  2 234522 21958 2.1 22 10 3 5 69% 52796 2735 47%
c w 14.97 26 20 40 2865  2 234522 21958 2.1 22 10 3 5 69% 52796 2735 47%
c x 14.98 26 20 40 2865  2 234522 21958 2.1 22 10 3 5 69% 52796 2735 47%
c t 14.98 26 20 40 2865  2 234522 21958 2.1 22 10 3 5 69% 52793 2735 47%
c s 15.25 26 20 40 2889  2 238847 25455 2.1 22 10 3 5 68% 52618 2735 47%
c e 15.26 26 20 40 2889  2 238847 25295 2.1 22 10 3 5 68% 52608 2726 46%
c s 15.32 26 20 40 2889  2 238847 25250 2.1 22 10 3 5 68% 52607 2726 46%
c - 15.77 26 19 41 2988  2 246628 23274 2.1 21 10 3 5 68% 52607 2726 46%
c p 15.78 26 19 41 2988  2 246628 23276 2.1 21 10 3 5 68% 52607 2726 46%
c B 16.07 26 19 41 3099  2 253071 28225 2.0 21 10 3 5 68% 52607 2726 46%
c - 16.44 26 18 42 3196  2 259043 24796 2.0 20 10 3 5 68% 52607 2726 46%
c p 16.45 26 18 42 3196  2 259043 25145 2.0 20 10 3 5 68% 52607 2725 46%
c u 16.47 26 18 42 3196  2 259043 25075 2.0 20 10 3 5 68% 52607 2725 46%
c v 16.48 26 18 42 3196  2 259043 25064 2.0 20 10 3 5 68% 52607 2725 46%
c x 16.49 26 18 42 3196  2 259043 25064 2.0 20 10 3 5 68% 52605 2725 46%
c 
c  seconds  reductions   conflicts         size   tier2      variables
c         MB     restarts       redundant     glue   trail        remaining
c          level       rate          size/glue  tier1  irredundant
c 
c i 16.75 26 18 42 3312  2 263204 28421 2.0 20 10 3 5 67% 52605 2721 46%
c } 17.06 26 18 42 3418  2 268784 32733 2.0 20 10 2 3 67% 52605 2721 46%
c [ 17.06 26 24 42 3418  1 268784 32733 1.5 26 17 2 4 64% 52605 2721 46%
c - 17.26 26 23 43 3421  1 271767 20150 1.5 26 17 2 4 64% 52588 2721 46%
c p 17.27 26 23 43 3421  1 271767 20414 1.5 26 17 2 4 64% 52588 2720 46%
c u 17.33 26 23 43 3421  1 271767 20243 1.5 26 17 2 4 64% 52585 2720 46%
c v 17.33 26 23 43 3421  1 271767 20236 1.5 26 17 2 4 64% 52585 2720 46%
c x 17.34 26 23 43 3421  1 271767 20236 1.5 26 17 2 4 64% 52581 2720 46%
c O 17.56 26 24 43 3424  1 276074 23655 1.5 26 17 2 4 64% 52581 2720 46%
c - 18.12 26 23 44 3428  1 284799 18936 1.5 26 17 2 4 65% 52581 2720 46%
c p 18.12 26 23 44 3428  1 284799 18995 1.5 26 17 2 4 65% 52581 2716 46%
c u 18.14 26 23 44 3428  1 284799 18934 1.5 26 17 2 4 65% 52581 2716 46%
c v 18.14 26 23 44 3428  1 284799 18921 1.5 26 17 2 4 65% 52581 2716 46%
c w 18.14 26 23 44 3428  1 284799 18921 1.5 26 17 2 4 65% 52581 2716 46%
c x 18.15 26 23 44 3428  1 284799 18921 1.5 26 17 2 4 65% 52579 2716 46%
c - 18.87 26 22 45 3433  1 298140 17671 1.5 24 16 2 4 65% 52568 2716 46%
c p 18.88 26 22 45 3433  1 298140 17971 1.5 24 16 2 4 65% 52568 2713 46%
c u 18.89 26 22 45 3433  1 298140 17912 1.5 24 16 2 4 65% 52568 2713 46%
c v 18.89 26 22 45 3433  1 298140 17901 1.5 24 16 2 4 65% 52568 2713 46%
c x 18.90 26 22 45 3433  1 298140 17901 1.5 24 16 2 4 65% 52568 2713 46%
c 
c  seconds  reductions   conflicts         size   tier2      variables
c         MB     restarts       redundant     glue   trail        remaining
c          level       rate          size/glue  tier1  irredundant
c 
c B 18.99 26 22 45 3433  1 300076 19295 1.5 24 16 2 4 65% 52568 2713 46%
c s 19.39 26 23 45 3434  1 307174 24824 1.5 25 17 2 4 65% 52440 2713 46%
c e 19.40 26 23 45 3434  1 307174 24720 1.5 25 17 2 4 65% 52420 2702 46%
c s 19.43 26 23 45 3434  1 307174 24688 1.5 25 17 2 4 65% 52419 2702 46%
c - 19.71 26 23 46 3434  1 311792 18086 1.5 26 17 2 4 65% 52419 2702 46%
c p 19.72 26 23 46 3434  1 311792 18157 1.5 26 17 2 4 65% 52419 2702 46%
c u 19.73 26 23 46 3434  1 311792 18112 1.5 26 17 2 4 65% 52419 2702 46%
c v 19.73 26 23 46 3434  1 311792 18103 1.5 26 17 2 4 65% 52419 2702 46%
c w 19.73 26 23 46 3434  1 311792 18103 1.5 26 17 2 4 65% 52419 2702 46%
c x 19.74 26 23 46 3434  1 311792 18103 1.5 26 17 2 4 65% 52419 2702 46%
c t 19.74 26 23 46 3434  1 311792 18103 1.5 26 17 2 4 65% 52418 2702 46%
c W 20.69 26 23 46 3435  1 325077 28949 1.6 27 17 2 4 64% 52418 2702 46%
c - 20.74 26 23 47 3435  1 325751 18191 1.6 27 17 2 4 64% 52418 2702 46%
c p 20.74 26 23 47 3435  1 325751 18276 1.6 27 17 2 4 64% 52418 2702 46%
c u 20.76 26 23 47 3435  1 325751 18223 1.6 27 17 2 4 64% 52418 2702 46%
c v 20.76 26 23 47 3435  1 325751 18213 1.6 27 17 2 4 64% 52418 2702 46%
c w 20.76 26 23 47 3435  1 325751 18213 1.6 27 17 2 4 64% 52418 2702 46%
c x 20.77 26 23 47 3435  1 325751 18213 1.6 27 17 2 4 64% 52416 2702 46%
c ] 20.81 26 24 47 3435  1 326679 18960 1.6 27 17 2 4 64% 52416 2702 46%
c { 20.81 26 18 47 3435  2 326679 18960 2.0 20 10 2 3 67% 52416 2702 46%
c 
c  seconds  reductions   conflicts         size   tier2      variables
c         MB     restarts       redundant     glue   trail        remaining
c          level       rate          size/glue  tier1  irredundant
c 
c - 21.56 26 17 48 3697  2 340019 19206 2.0 19 10 2 3 67% 52416 2702 46%
c p 21.57 26 17 48 3697  2 340019 19267 2.0 19 10 2 3 67% 52416 2702 46%
c u 21.58 26 17 48 3697  2 340019 19219 2.0 19 10 2 3 67% 52416 2702 46%
c v 21.58 26 17 48 3697  2 340019 19201 2.0 19 10 2 3 67% 52416 2702 46%
c w 21.59 26 17 48 3697  2 340019 19200 2.0 19 10 2 3 67% 52416 2702 46%
c x 21.59 26 17 48 3697  2 340019 19200 2.0 19 10 2 3 67% 52416 2702 46%
c W 22.19 26 17 48 3870  2 351080 27703 1.9 19 10 2 3 67% 52416 2702 46%
c - 22.44 26 17 49 4057  2 354598 20447 1.9 19 10 2 3 67% 52416 2702 46%
c p 22.45 26 17 49 4057  2 354598 20624 1.9 19 10 2 3 67% 52416 2700 46%
c u 22.48 26 17 49 4057  2 354598 20571 1.9 19 10 2 3 67% 52413 2700 46%
c v 22.48 26 17 49 4057  2 354598 20550 1.9 19 10 2 3 67% 52413 2700 46%
c w 22.48 26 17 49 4057  2 354598 20550 1.9 19 10 2 3 67% 52413 2700 46%
c x 22.49 26 17 49 4057  2 354598 20550 1.9 19 10 2 3 67% 52412 2700 46%
c - 23.27 26 16 50 4485  2 369485 21388 1.9 18 10 2 3 66% 52407 2700 46%
c p 23.27 26 16 50 4485  2 369485 21400 1.9 18 10 2 3 66% 52407 2700 46%
c u 23.34 26 16 50 4485  2 369485 21331 1.9 18 10 2 3 66% 52407 2700 46%
c v 23.34 26 16 50 4485  2 369485 21313 1.9 18 10 2 3 66% 52407 2700 46%
c w 23.34 26 16 50 4485  2 369485 21313 1.9 18 10 2 3 66% 52407 2700 46%
c x 23.35 26 16 50 4485  2 369485 21313 1.9 18 10 2 3 66% 52407 2700 46%
c # 23.83 26 16 50 4794  2 378081 27987 1.9 18 10 2 3 66% 52407 2700 46%
c 
c  seconds  reductions   conflicts         size  tier2      variables
c         MB     restarts       redundant     glue  trail        remaining
c          level       rate          size/glue tier1  irredundant
c 
c s 24.20 26 16 50 4885  2 384178 32147 1.9 18 9 2 3 66% 52299 2700 46%
c t 24.20 26 16 50 4885  2 384178 32146 1.9 18 9 2 3 66% 52299 2700 46%
c e 24.21 26 16 50 4885  2 384178 32138 1.9 18 9 2 3 66% 52298 2698 46%
c s 24.25 26 16 50 4885  2 384178 32096 1.9 18 9 2 3 66% 52294 2698 46%
c - 24.30 26 16 51 4898  2 384683 21896 1.9 18 9 2 3 66% 52294 2698 46%
c 2 24.31 26 16 51 4898  2 384683 21895 1.9 18 9 2 3 66% 52294 2698 46%
c p 24.31 26 16 51 4898  2 384683 22093 1.9 18 9 2 3 66% 52294 2696 46%
c u 24.32 26 16 51 4898  2 384683 22017 1.9 18 9 2 3 66% 52294 2696 46%
c v 24.33 26 16 51 4898  2 384683 21997 1.9 18 9 2 3 66% 52294 2696 46%
c x 24.34 26 16 51 4898  2 384683 21996 1.9 18 9 2 3 66% 52293 2696 46%
c t 24.34 26 16 51 4898  2 384683 21996 1.9 18 9 2 3 66% 52291 2696 46%
c } 25.04 26 16 51 5248  2 397376 32274 1.9 18 9 2 3 66% 52291 2696 46%
c [ 25.04 26 24 51 5248  1 397376 32274 1.6 27 17 2 4 64% 52291 2696 46%
c - 25.24 26 23 52 5248  1 400190 22900 1.6 26 17 2 3 64% 52283 2696 46%
c p 25.24 26 23 52 5248  1 400190 23006 1.6 26 17 2 3 64% 52283 2695 46%
c u 25.26 26 23 52 5248  1 400190 22922 1.6 26 17 2 3 64% 52283 2695 46%
c v 25.26 26 23 52 5248  1 400190 22893 1.6 26 17 2 3 64% 52283 2695 46%
c w 25.26 26 23 52 5248  1 400190 22893 1.6 26 17 2 3 64% 52283 2695 46%
c x 25.27 26 23 52 5248  1 400190 22893 1.6 26 17 2 3 64% 52283 2695 46%
c t 25.27 26 23 52 5248  1 400190 22892 1.6 26 17 2 3 64% 52280 2695 46%
c 
c  seconds  reductions   conflicts         size   tier2      variables
c         MB     restarts       redundant     glue   trail        remaining
c          level       rate          size/glue  tier1  irredundant
c 
c I 25.55 26 24 52 5248  1 406082 27776 1.5 27 17 2 3 64% 52280 2695 46%
c - 26.07 26 24 53 5248  1 416009 23244 1.5 27 18 2 3 63% 52277 2695 46%
c p 26.08 26 24 53 5248  1 416009 23351 1.5 27 18 2 3 63% 52277 2694 46%
c u 26.09 26 24 53 5248  1 416009 23287 1.5 27 18 2 3 63% 52277 2694 46%
c v 26.10 26 24 53 5248  1 416009 23259 1.5 27 18 2 3 63% 52277 2694 46%
c w 26.10 26 24 53 5248  1 416009 23259 1.5 27 18 2 3 63% 52277 2694 46%
c x 26.11 26 24 53 5248  1 416009 23259 1.5 27 18 2 3 63% 52274 2694 46%
c - 27.01 26 25 54 5255  1 432133 22528 1.5 27 18 2 3 62% 52272 2694 46%
c p 27.02 26 25 54 5255  1 432133 22793 1.5 27 18 2 3 62% 52272 2693 46%
c u 27.03 26 25 54 5255  1 432133 22703 1.5 27 18 2 3 62% 52272 2693 46%
c v 27.04 26 25 54 5255  1 432133 22673 1.5 27 18 2 3 62% 52272 2693 46%
c x 27.04 26 25 54 5255  1 432133 22673 1.5 27 18 2 3 62% 52268 2693 46%
c t 27.04 26 25 54 5255  1 432133 22672 1.5 27 18 2 3 62% 52266 2693 46%
c B 27.20 26 25 54 5255  1 435085 24985 1.5 27 18 2 3 62% 52266 2693 46%
c - 27.95 26 25 55 5263  1 448567 22725 1.5 27 18 2 3 62% 52262 2693 46%
c p 27.96 26 25 55 5263  1 448567 23053 1.5 27 18 2 3 62% 52262 2689 46%
c u 27.97 26 25 55 5263  1 448567 22990 1.5 27 18 2 3 62% 52262 2689 46%
c v 27.98 26 25 55 5263  1 448567 22959 1.5 27 18 2 3 62% 52262 2689 46%
c w 27.98 26 25 55 5263  1 448567 22959 1.5 27 18 2 3 62% 52262 2689 46%
c x 27.98 26 25 55 5263  1 448567 22959 1.5 27 18 2 3 62% 52262 2689 46%
c 
c  seconds  reductions   conflicts         size   tier2      variables
c         MB     restarts       redundant     glue   trail        remaining
c          level       rate          size/glue  tier1  irredundant
c 
c t 27.98 26 25 55 5263  1 448567 22959 1.5 27 18 2 3 62% 52261 2689 46%
c W 29.14 24 26 55 5270  1 465086 36027 1.5 29 19 2 3 62% 52248 2689 46%
c - 29.17 21 26 56 5270  1 465312 23251 1.5 29 19 2 3 62% 52248 2689 46%
c p 29.18 21 26 56 5270  1 465312 23251 1.5 29 19 2 3 62% 52248 2688 46%
c u 29.19 21 26 56 5270  1 465312 23178 1.5 29 19 2 3 62% 52248 2688 46%
c v 29.20 21 26 56 5270  1 465312 23146 1.5 29 19 2 3 62% 52248 2688 46%
c w 29.20 21 26 56 5270  1 465312 23146 1.5 29 19 2 3 62% 52248 2688 46%
c x 29.21 21 26 56 5270  1 465312 23146 1.5 29 19 2 3 62% 52243 2688 46%
c s 29.44 24 26 56 5271  1 469713 26097 1.5 29 18 2 3 62% 52140 2688 46%
c e 29.46 24 26 56 5271  1 469713 26082 1.5 29 18 2 3 62% 52131 2684 46%
c s 29.50 24 26 56 5271  1 469713 26034 1.5 29 18 2 3 62% 52127 2684 46%
c e 29.50 24 26 56 5271  1 469713 26026 1.5 29 18 2 3 62% 52126 2683 46%
c ] 29.80 24 25 56 5276  1 475154 30003 1.5 28 18 2 3 62% 52126 2683 46%
c { 29.80 24 16 56 5276  2 475154 30003 1.9 18 9 2 3 66% 52126 2683 46%
c - 30.26 26 16 57 5491  2 482365 23870 1.9 17 9 2 3 66% 52126 2683 46%
c p 30.26 26 16 57 5491  2 482365 24190 1.9 17 9 2 3 66% 52126 2681 46%
c u 30.28 26 16 57 5491  2 482365 24126 1.9 17 9 2 3 66% 52126 2681 46%
c v 30.28 26 16 57 5491  2 482365 24097 1.9 17 9 2 3 66% 52126 2681 46%
c w 30.29 26 16 57 5491  2 482365 24097 1.9 17 9 2 3 66% 52126 2681 46%
c x 30.29 26 16 57 5491  2 482365 24097 1.9 17 9 2 3 66% 52121 2681 46%
c 
c  seconds  reductions   conflicts         size  tier2      variables
c         MB     restarts       redundant     glue  trail        remaining
c          level       rate          size/glue tier1  irredundant
c 
c B 31.01 26 15 57 5810  2 496088 34791 1.9 17 9 2 3 65% 52121 2681 46%
c - 31.25 26 15 58 5972  2 499729 25142 1.9 17 9 2 3 65% 52115 2681 46%
c p 31.26 26 15 58 5972  2 499729 25145 1.9 17 9 2 3 65% 52115 2681 46%
c u 31.33 26 15 58 5972  2 499729 25093 1.9 17 9 2 3 65% 52115 2681 46%
c v 31.34 26 15 58 5972  2 499729 25058 1.9 17 9 2 3 65% 52115 2681 46%
c x 31.35 26 15 58 5972  2 499729 25058 1.9 17 9 2 3 65% 52108 2681 46%
c t 31.35 26 15 58 5972  2 499729 25058 1.9 17 9 2 3 65% 52106 2681 46%
c - 32.33 26 15 59 6228  2 517401 26311 1.9 17 9 2 3 65% 52106 2681 46%
c p 32.34 26 15 59 6228  2 517401 26655 1.9 17 9 2 3 65% 52106 2678 46%
c u 32.37 26 15 59 6228  2 517401 26605 1.9 17 9 2 3 65% 52105 2678 46%
c v 32.38 26 15 59 6228  2 517401 26576 1.9 17 9 2 3 65% 52105 2678 46%
c x 32.39 26 15 59 6228  2 517401 26576 1.9 17 9 2 3 65% 52103 2678 46%
c t 32.39 26 15 59 6228  2 517401 26576 1.9 17 9 2 3 65% 52101 2678 46%
c W 33.05 29 14 59 6486  2 528089 34741 1.8 16 9 2 3 65% 52093 2678 46%
c - 33.46 29 14 60 6722  2 535384 27345 1.8 16 9 2 3 65% 52093 2678 46%
c p 33.46 29 14 60 6722  2 535384 27351 1.8 16 9 2 3 65% 52093 2677 46%
c u 33.48 29 14 60 6722  2 535384 27292 1.8 16 9 2 3 65% 52093 2677 46%
c v 33.48 29 14 60 6722  2 535384 27251 1.8 16 9 2 3 65% 52093 2677 46%
c w 33.48 29 14 60 6722  2 535384 27251 1.8 16 9 2 3 65% 52093 2677 46%
c x 33.49 29 14 60 6722  2 535384 27251 1.8 16 9 2 3 65% 52089 2677 46%
c 
c  seconds  reductions   conflicts         size  tier2      variables
c         MB     restarts       redundant     glue  trail        remaining
c          level       rate          size/glue tier1  irredundant
c 
c t 33.49 29 14 60 6722  2 535384 27250 1.8 16 9 2 3 65% 52085 2677 46%
c - 34.49 29 14 61 7039  2 553676 27720 1.8 16 9 2 3 65% 52082 2677 46%
c p 34.50 29 14 61 7039  2 553676 27882 1.8 16 9 2 3 65% 52082 2677 46%
c u 34.52 29 14 61 7039  2 553676 27830 1.8 16 9 2 3 65% 52082 2677 46%
c v 34.53 29 14 61 7039  2 553676 27805 1.8 16 9 2 3 65% 52082 2677 46%
c w 34.53 29 14 61 7039  2 553676 27805 1.8 16 9 2 3 65% 52082 2677 46%
c x 34.54 29 14 61 7039  2 553676 27805 1.8 16 9 2 3 65% 52070 2677 46%
c t 34.54 29 14 61 7039  2 553676 27805 1.8 16 9 2 3 65% 52066 2677 46%
c F 34.95 29 14 61 7293  1 561090 33564 1.8 16 9 2 3 65% 52066 2677 46%
c } 35.02 29 14 61 7324  2 562300 34544 1.8 16 9 2 3 64% 52066 2677 46%
c [ 35.02 29 25 61 7324  1 562300 34544 1.5 28 18 2 3 62% 52066 2677 46%
c s 35.17 29 25 61 7324  1 563875 35088 1.5 28 18 2 3 62% 51945 2677 46%
c e 35.18 29 25 61 7324  1 563875 35065 1.5 28 18 2 3 62% 51940 2673 46%
c s 35.23 29 25 61 7324  1 563875 35032 1.5 28 18 2 3 62% 51940 2673 46%
c - 35.80 29 24 62 7326  1 572278 27794 1.5 27 18 2 3 62% 51940 2673 46%
c p 35.80 29 24 62 7326  1 572278 27932 1.5 27 18 2 3 62% 51940 2673 46%
c u 35.82 29 24 62 7326  1 572278 27878 1.5 27 18 2 3 62% 51940 2673 46%
c v 35.83 29 24 62 7326  1 572278 27851 1.5 27 18 2 3 62% 51940 2673 46%
c w 35.83 29 24 62 7326  1 572278 27851 1.5 27 18 2 3 62% 51940 2673 46%
c x 35.84 29 24 62 7326  1 572278 27851 1.5 27 18 2 3 62% 51940 2673 46%
c 
c  seconds  reductions   conflicts         size   tier2      variables
c         MB     restarts       redundant     glue   trail        remaining
c          level       rate          size/glue  tier1  irredundant
c 
c t 35.84 29 24 62 7326  1 572278 27850 1.5 27 18 2 3 62% 51940 2673 46%
c - 36.99 29 23 63 7327  1 591192 27518 1.5 26 17 2 3 62% 51940 2673 46%
c p 37.00 29 23 63 7327  1 591192 27643 1.5 26 17 2 3 62% 51940 2673 46%
c u 37.02 29 23 63 7327  1 591192 27583 1.5 26 17 2 3 62% 51940 2673 46%
c v 37.02 29 23 63 7327  1 591192 27558 1.5 26 17 2 3 62% 51940 2673 46%
c w 37.02 29 23 63 7327  1 591192 27558 1.5 26 17 2 3 62% 51940 2673 46%
c x 37.03 29 23 63 7327  1 591192 27558 1.5 26 17 2 3 62% 51936 2673 46%
c t 37.04 29 23 63 7327  1 591192 27557 1.5 26 17 2 3 62% 51935 2673 46%
c O 37.26 29 23 63 7329  1 595093 29988 1.5 25 17 2 3 62% 51935 2673 46%
c - 38.17 29 22 64 7338  1 610414 27391 1.5 25 16 2 3 63% 51935 2673 46%
c p 38.18 29 22 64 7338  1 610414 27513 1.5 25 16 2 3 63% 51935 2673 46%
c u 38.20 29 22 64 7338  1 610414 27468 1.5 25 16 2 3 63% 51935 2673 46%
c v 38.21 29 22 64 7338  1 610414 27439 1.5 25 16 2 3 63% 51935 2673 46%
c w 38.21 29 22 64 7338  1 610414 27439 1.5 25 16 2 3 63% 51935 2673 46%
c x 38.22 29 22 64 7338  1 610414 27439 1.5 25 16 2 3 63% 51926 2673 46%
c t 38.23 29 22 64 7338  1 610414 27437 1.5 25 16 2 3 63% 51900 2673 46%
c - 39.32 29 21 65 7345  1 629948 27608 1.5 24 16 2 3 63% 51900 2673 46%
c p 39.32 29 21 65 7345  1 629948 27748 1.5 24 16 2 3 63% 51900 2673 46%
c u 39.34 29 21 65 7345  1 629948 27690 1.5 24 16 2 3 63% 51900 2673 46%
c v 39.35 29 21 65 7345  1 629948 27665 1.5 24 16 2 3 63% 51900 2673 46%
c 
c  seconds  reductions   conflicts         size   tier2      variables
c         MB     restarts       redundant     glue   trail        remaining
c          level       rate          size/glue  tier1  irredundant
c 
c w 39.35 29 21 65 7345  1 629948 27665 1.5 24 16 2 3 63% 51900 2673 46%
c x 39.36 29 21 65 7345  1 629948 27665 1.5 24 16 2 3 63% 51889 2673 46%
c B 39.37 29 21 65 7345  1 630096 27785 1.5 24 16 2 3 63% 51889 2673 46%
c ] 40.38 29 22 65 7356  1 647382 42133 1.5 25 16 2 3 63% 51889 2673 46%
c { 40.38 29 14 65 7356  2 647382 42133 1.8 16 9 2 3 64% 51889 2673 46%
c - 40.55 29 14 66 7423  1 649790 28666 1.8 16 9 2 3 65% 51889 2673 46%
c p 40.56 29 14 66 7423  1 649790 28804 1.8 16 9 2 3 65% 51889 2673 46%
c u 40.58 29 14 66 7423  1 649790 28687 1.8 16 9 2 3 65% 51889 2673 46%
c v 40.58 29 14 66 7423  1 649790 28663 1.8 16 9 2 3 65% 51889 2673 46%
c x 40.59 29 14 66 7423  1 649790 28663 1.8 16 9 2 3 65% 51889 2673 46%
c B 41.44 29 13 66 7813  1 666099 40657 1.8 15 9 2 3 64% 51889 2673 46%
c s 41.57 29 14 66 7886  1 666603 40316 1.8 15 9 2 3 64% 51809 2673 46%
c s 41.64 29 14 66 7886  1 666603 40261 1.8 15 9 2 3 64% 51809 2673 46%
c - 41.94 29 14 67 8124  2 669943 29171 1.8 15 9 2 3 64% 51809 2673 46%
c p 41.94 29 14 67 8124  2 669943 29313 1.8 15 9 2 3 64% 51809 2673 46%
c u 42.04 29 14 67 8124  2 669943 29246 1.8 15 9 2 3 64% 51809 2673 46%
c v 42.04 29 14 67 8124  2 669943 29209 1.8 15 9 2 3 64% 51809 2673 46%
c x 42.05 29 14 67 8124  2 669943 29209 1.8 15 9 2 3 64% 51806 2673 46%
c - 43.23 29 13 68 8811  1 690405 30335 1.8 15 9 2 3 64% 51806 2673 46%
c p 43.24 29 13 68 8811  1 690405 30470 1.8 15 9 2 3 64% 51806 2673 46%
c 
c  seconds  reductions   conflicts         size  tier2      variables
c         MB     restarts       redundant     glue  trail        remaining
c          level       rate          size/glue tier1  irredundant
c 
c u 43.26 29 13 68 8811  1 690405 30388 1.8 15 9 2 3 64% 51806 2673 46%
c v 43.27 29 13 68 8811  1 690405 30362 1.8 15 9 2 3 64% 51806 2673 46%
c w 43.27 29 13 68 8811  1 690405 30361 1.8 15 9 2 3 64% 51806 2673 46%
c x 43.28 29 13 68 8811  1 690405 30361 1.8 15 9 2 3 64% 51799 2673 46%
c W 44.29 29 13 68 9195  2 703103 39591 1.7 15 9 2 3 64% 51799 2673 46%
c - 44.84 29 13 69 9574  2 711178 31329 1.7 15 9 2 3 64% 51799 2673 46%
c p 44.85 29 13 69 9574  2 711178 31454 1.7 15 9 2 3 64% 51799 2671 45%
c u 44.87 29 13 69 9574  2 711178 31346 1.7 15 9 2 3 64% 51799 2671 45%
c v 44.87 29 13 69 9574  2 711178 31312 1.7 15 9 2 3 64% 51799 2671 45%
c x 44.89 29 13 69 9574  2 711178 31312 1.7 15 9 2 3 64% 51789 2671 45%
c t 44.89 29 13 69 9574  2 711178 31312 1.7 15 9 2 3 64% 51784 2671 45%
c - 46.10 29 13 70 10168  2 732261 32198 1.7 15 8 2 3 64% 51776 2671 45%
c p 46.11 29 13 70 10168  2 732261 32330 1.7 15 8 2 3 64% 51776 2671 45%
c u 46.14 29 13 70 10168  2 732261 32230 1.7 15 8 2 3 64% 51776 2671 45%
c v 46.15 29 13 70 10168  2 732261 32197 1.7 15 8 2 3 64% 51776 2671 45%
c w 46.15 29 13 70 10168  2 732261 32197 1.7 15 8 2 3 64% 51776 2671 45%
c x 46.16 29 13 70 10168  2 732261 32197 1.7 15 8 2 3 64% 51774 2671 45%
c t 46.16 29 13 70 10168  2 732261 32196 1.7 15 8 2 3 64% 51774 2671 45%
c # 46.58 29 13 70 10328  1 741106 38509 1.7 14 8 2 3 64% 51774 2671 45%
c } 46.96 29 13 70 10725  2 746656 42874 1.7 14 8 2 3 64% 51774 2671 45%
c 
c  seconds  reductions    conflicts         size   tier2      variables
c         MB      restarts       redundant     glue   trail        remaining
c          level        rate          size/glue  tier1  irredundant
c 
c [ 46.96 29 22 70 10725  1 746656 42874 1.5 25 16 2 3 63% 51774 2671 45%
c - 47.38 29 22 71 10726  1 753654 32449 1.5 25 16 2 3 63% 51774 2671 45%
c p 47.38 29 22 71 10726  1 753654 32577 1.5 25 16 2 3 63% 51774 2671 45%
c u 47.40 29 22 71 10726  1 753654 32481 1.5 25 16 2 3 63% 51774 2671 45%
c v 47.41 29 22 71 10726  1 753654 32454 1.5 25 16 2 3 63% 51774 2671 45%
c w 47.41 29 22 71 10726  1 753654 32453 1.5 25 16 2 3 63% 51774 2671 45%
c x 47.42 29 22 71 10726  1 753654 32453 1.5 25 16 2 3 63% 51767 2671 45%
c - 48.63 29 21 72 10728  1 775357 31937 1.5 24 16 2 3 62% 51767 2671 45%
c p 48.63 29 21 72 10728  1 775357 32067 1.5 24 16 2 3 62% 51767 2670 45%
c u 48.65 29 21 72 10728  1 775357 31988 1.5 24 16 2 3 62% 51767 2670 45%
c v 48.66 29 21 72 10728  1 775357 31961 1.5 24 16 2 3 62% 51767 2670 45%
c w 48.66 29 21 72 10728  1 775357 31960 1.5 24 16 2 3 62% 51767 2670 45%
c x 48.67 29 21 72 10728  1 775357 31960 1.5 24 16 2 3 62% 51761 2670 45%
c s 48.85 29 21 72 10728  1 777797 33168 1.5 24 16 2 3 62% 51614 2670 45%
c e 48.86 29 21 72 10728  1 777797 33096 1.5 24 16 2 3 62% 51610 2669 45%
c s 48.92 29 21 72 10728  1 777797 33077 1.5 24 16 2 3 62% 51610 2669 45%
c ^ 48.92 29 21 72 10728  1 777797 33077 1.5 24 16 2 3 62% 51610 2669 45%
c W 49.20 29 21 72 10728  1 780107 34517 1.5 23 16 2 3 62% 51610 2669 45%
c - 50.21 29 22 73 10728  1 797371 31884 1.5 24 16 2 3 62% 51610 2669 45%
c p 50.21 29 22 73 10728  1 797371 32007 1.5 24 16 2 3 62% 51610 2669 45%
c 
c  seconds  reductions    conflicts         size   tier2      variables
c         MB      restarts       redundant     glue   trail        remaining
c          level        rate          size/glue  tier1  irredundant
c 
c u 50.23 29 22 73 10728  1 797371 31925 1.5 24 16 2 3 62% 51610 2669 45%
c v 50.24 29 22 73 10728  1 797371 31905 1.5 24 16 2 3 62% 51610 2669 45%
c w 50.24 29 22 73 10728  1 797371 31905 1.5 24 16 2 3 62% 51610 2669 45%
c x 50.25 29 22 73 10728  1 797371 31905 1.5 24 16 2 3 62% 51605 2669 45%
c t 50.25 29 22 73 10728  1 797371 31904 1.5 24 16 2 3 62% 51603 2669 45%
c - 51.59 29 22 74 10729  1 819695 31883 1.5 24 16 2 3 61% 51603 2669 45%
c p 51.60 29 22 74 10729  1 819695 32002 1.5 24 16 2 3 61% 51603 2669 45%
c u 51.62 29 22 74 10729  1 819695 31866 1.5 24 16 2 3 61% 51603 2669 45%
c v 51.63 29 22 74 10729  1 819695 31836 1.5 24 16 2 3 61% 51603 2669 45%
c x 51.64 29 22 74 10729  1 819695 31836 1.5 24 16 2 3 61% 51601 2669 45%
c t 51.64 29 22 74 10729  1 819695 31834 1.5 24 16 2 3 61% 51599 2669 45%
c I 51.67 29 22 74 10729  1 820110 32167 1.5 24 16 2 3 61% 51599 2669 45%
c - 52.54 29 22 75 10729  1 842329 31229 1.4 24 16 2 3 60% 51599 2669 45%
c p 52.54 29 22 75 10729  1 842329 31361 1.4 24 16 2 3 60% 51599 2669 45%
c u 52.56 29 22 75 10729  1 842329 31265 1.4 24 16 2 3 60% 51599 2669 45%
c v 52.57 29 22 75 10729  1 842329 31249 1.4 24 16 2 3 60% 51599 2669 45%
c x 52.58 29 22 75 10729  1 842329 31249 1.4 24 16 2 3 60% 51597 2669 45%
c t 52.58 29 22 75 10729  1 842329 31249 1.4 24 16 2 3 60% 51596 2669 45%
c ] 53.46 29 23 75 10729  1 859138 43701 1.4 24 17 2 3 60% 51596 2669 45%
c { 53.46 29 13 75 10729  2 859138 43701 1.7 14 8 2 3 64% 51596 2669 45%
c 
c  seconds  reductions    conflicts         size  tier2      variables
c         MB      restarts       redundant     glue  trail        remaining
c          level        rate          size/glue tier1  irredundant
c 
c B 53.67 29 13 75 11070  2 861111 45419 1.7 15 9 2 3 64% 51596 2669 45%
c - 53.98 29 13 76 11315  2 865275 32728 1.7 15 9 2 3 64% 51596 2669 45%
c p 53.99 29 13 76 11315  2 865275 32862 1.7 15 9 2 3 64% 51596 2669 45%
c u 54.02 29 13 76 11315  2 865275 32769 1.7 15 9 2 3 64% 51596 2669 45%
c v 54.02 29 13 76 11315  2 865275 32732 1.7 15 9 2 3 64% 51596 2669 45%
c x 54.04 29 13 76 11315  2 865275 32732 1.7 15 9 2 3 64% 51591 2669 45%
c t 54.04 29 13 76 11315  2 865275 32731 1.7 15 9 2 3 64% 51591 2669 45%
c - 55.37 29 13 77 12060  2 888530 34114 1.7 14 8 2 3 63% 51591 2669 45%
c p 55.38 29 13 77 12060  2 888530 34250 1.7 14 8 2 3 63% 51591 2669 45%
c u 55.49 29 13 77 12060  2 888530 34097 1.7 14 8 2 3 63% 51591 2669 45%
c v 55.49 29 13 77 12060  2 888530 34071 1.7 14 8 2 3 63% 51591 2669 45%
c x 55.51 29 13 77 12060  2 888530 34070 1.7 14 8 2 3 63% 51583 2669 45%
c t 55.51 29 13 77 12060  2 888530 34070 1.7 14 8 2 3 63% 51582 2669 45%
c s 56.04 29 13 77 12357  2 897452 40019 1.7 14 8 2 3 63% 51470 2669 45%
c t 56.05 29 13 77 12357  2 897452 40019 1.7 14 8 2 3 63% 51469 2669 45%
c e 56.08 29 13 77 12357  2 897452 38748 1.7 14 8 2 3 63% 51485 2643 45%
c s 56.14 29 13 77 12357  2 897452 38672 1.7 14 8 2 3 63% 51467 2643 45%
c e 56.14 29 13 77 12357  2 897452 38672 1.7 14 8 2 3 63% 51468 2642 45%
c W 56.68 29 13 77 12605  2 903113 42938 1.7 14 8 2 3 63% 51468 2642 45%
c - 57.31 29 13 78 13091  2 912096 33931 1.7 14 8 2 3 63% 51468 2642 45%
c 
c  seconds  reductions    conflicts         size  tier2      variables
c         MB      restarts       redundant     glue  trail        remaining
c          level        rate          size/glue tier1  irredundant
c 
c p 57.32 29 13 78 13091  2 912096 34037 1.7 14 8 2 3 63% 51468 2642 45%
c u 57.34 29 13 78 13091  2 912096 33942 1.7 14 8 2 3 63% 51468 2642 45%
c v 57.35 29 13 78 13091  2 912096 33919 1.7 14 8 2 3 63% 51468 2642 45%
c w 57.35 29 13 78 13091  2 912096 33919 1.7 14 8 2 3 63% 51468 2642 45%
c x 57.36 29 13 78 13091  2 912096 33919 1.7 14 8 2 3 63% 51458 2642 45%
c t 57.36 29 13 78 13091  2 912096 33919 1.7 14 8 2 3 63% 51457 2642 45%
c - 58.65 29 12 79 13607  1 935972 34558 1.6 14 8 2 3 63% 51457 2642 45%
c p 58.65 29 12 79 13607  1 935972 34661 1.6 14 8 2 3 63% 51457 2642 45%
c u 58.67 29 12 79 13607  1 935972 34561 1.6 14 8 2 3 63% 51457 2642 45%
c v 58.68 29 12 79 13607  1 935972 34530 1.6 14 8 2 3 63% 51457 2642 45%
c x 58.70 29 12 79 13607  1 935972 34530 1.6 14 8 2 3 63% 51446 2642 45%
c t 58.70 29 12 79 13607  1 935972 34530 1.6 14 8 2 3 63% 51445 2642 45%
c F 59.22 29 12 79 13910  1 946114 41700 1.6 14 8 2 3 63% 51445 2642 45%
c - 60.18 29 12 80 14773  2 960160 35749 1.6 14 8 2 3 62% 51445 2642 45%
c p 60.19 29 12 80 14773  2 960160 35830 1.6 14 8 2 3 62% 51445 2642 45%
c u 60.22 29 12 80 14773  2 960160 35715 1.6 14 8 2 3 62% 51445 2642 45%
c v 60.22 29 12 80 14773  2 960160 35681 1.6 14 8 2 3 62% 51445 2642 45%
c x 60.24 29 12 80 14773  2 960160 35681 1.6 14 8 2 3 62% 51439 2642 45%
c } 61.03 29 12 80 15199  2 974989 46420 1.6 14 8 2 3 62% 51439 2642 45%
c [ 61.03 29 23 80 15199  1 974989 46420 1.4 24 17 2 3 60% 51439 2642 45%
c 
c  seconds  reductions    conflicts         size   tier2      variables
c         MB      restarts       redundant     glue   trail        remaining
c          level        rate          size/glue  tier1  irredundant
c 
c - 61.66 29 22 81 15199  1 984657 36888 1.4 24 16 2 3 60% 51439 2642 45%
c p 61.66 29 22 81 15199  1 984657 36986 1.4 24 16 2 3 60% 51439 2642 45%
c u 61.68 29 22 81 15199  1 984657 36811 1.4 24 16 2 3 60% 51439 2642 45%
c v 61.69 29 22 81 15199  1 984657 36771 1.4 24 16 2 3 60% 51439 2642 45%
c w 61.69 29 22 81 15199  1 984657 36771 1.4 24 16 2 3 60% 51439 2642 45%
c x 61.71 29 22 81 15199  1 984657 36771 1.4 24 16 2 3 60% 51429 2642 45%
c t 61.71 29 22 81 15199  1 984657 36770 1.4 24 16 2 3 60% 51426 2642 45%
c B 62.00 29 23 81 15199  1 990115 41419 1.4 24 17 2 3 59% 51426 2642 45%
c - 63.07 29 23 82 15212  1 1009466 37042 1.4 24 17 2 3 59% 51426 2642 45%
c p 63.08 29 23 82 15212  1 1009466 37141 1.4 24 17 2 3 59% 51426 2642 45%
c u 63.12 29 23 82 15212  1 1009466 37057 1.4 24 17 2 3 59% 51426 2642 45%
c v 63.13 29 23 82 15212  1 1009466 37019 1.4 24 17 2 3 59% 51426 2642 45%
c w 63.13 29 23 82 15212  1 1009466 37019 1.4 24 17 2 3 59% 51426 2642 45%
c x 63.14 29 23 82 15212  1 1009466 37019 1.4 24 17 2 3 59% 51423 2642 45%
c t 63.14 29 23 82 15212  1 1009466 37019 1.4 24 17 2 3 59% 51419 2642 45%
c s 64.07 29 24 82 15217  1 1025973 47653 1.4 24 18 2 3 58% 51331 2642 45%
c t 64.08 29 24 82 15217  1 1025973 47652 1.4 24 18 2 3 58% 51331 2642 45%
c s 64.16 29 24 82 15217  1 1025973 47570 1.4 24 18 2 3 58% 51329 2642 45%
c - 64.75 29 24 83 15221  1 1034584 35147 1.4 25 18 2 3 58% 51329 2642 45%
c p 64.76 29 24 83 15221  1 1034584 35248 1.4 25 18 2 3 58% 51329 2642 45%
c 
c  seconds  reductions     conflicts         size   tier2      variables
c         MB      restarts        redundant     glue   trail        remaining
c          level        rate           size/glue  tier1  irredundant
c 
c u 64.78 29 24 83 15221  1 1034584 35157 1.4 25 18 2 3 58% 51329 2642 45%
c v 64.79 29 24 83 15221  1 1034584 35116 1.4 25 18 2 3 58% 51329 2642 45%
c w 64.79 29 24 83 15221  1 1034584 35116 1.4 25 18 2 3 58% 51329 2642 45%
c x 64.81 29 24 83 15221  1 1034584 35116 1.4 25 18 2 3 58% 51322 2642 45%
c W 65.10 29 24 83 15221  1 1035116 35540 1.4 25 18 2 3 58% 51322 2642 45%
c - 66.50 29 24 84 15230  1 1060012 35216 1.4 25 18 2 3 58% 51322 2642 45%
c p 66.51 29 24 84 15230  1 1060012 35310 1.4 25 18 2 3 58% 51322 2642 45%
c u 66.53 29 24 84 15230  1 1060012 35243 1.4 25 18 2 3 58% 51322 2642 45%
c v 66.54 29 24 84 15230  1 1060012 35209 1.4 25 18 2 3 58% 51322 2642 45%
c w 66.54 29 24 84 15230  1 1060012 35209 1.4 25 18 2 3 58% 51322 2642 45%
c x 66.55 29 24 84 15230  1 1060012 35209 1.4 25 18 2 3 58% 51317 2642 45%
c O 67.74 29 24 84 15236  1 1081117 49787 1.4 25 18 2 3 57% 51317 2642 45%
c - 68.05 29 24 85 15237  1 1085754 35019 1.4 25 18 2 3 58% 51317 2642 45%
c p 68.06 29 24 85 15237  1 1085754 35123 1.4 25 18 2 3 58% 51317 2642 45%
c u 68.08 29 24 85 15237  1 1085754 35009 1.4 25 18 2 3 58% 51317 2642 45%
c v 68.09 29 24 85 15237  1 1085754 34977 1.4 25 18 2 3 58% 51317 2642 45%
c w 68.09 29 24 85 15237  1 1085754 34977 1.4 25 18 2 3 58% 51317 2642 45%
c x 68.10 29 24 85 15237  1 1085754 34977 1.4 25 18 2 3 58% 51316 2642 45%
c ] 68.98 29 23 85 15245  1 1102624 46753 1.4 24 17 2 3 58% 51316 2642 45%
c { 68.98 29 12 85 15245  2 1102624 46753 1.6 14 8 2 3 62% 51316 2642 45%
c 
c  seconds  reductions     conflicts         size  tier2      variables
c         MB      restarts        redundant     glue  trail        remaining
c          level        rate           size/glue tier1  irredundant
c 
c - 69.69 29 12 86 15740  2 1111803 36099 1.6 14 8 2 3 62% 51316 2642 45%
c p 69.70 29 12 86 15740  2 1111803 36209 1.6 14 8 2 3 62% 51316 2642 45%
c u 69.73 29 12 86 15740  2 1111803 36086 1.6 14 8 2 3 62% 51316 2642 45%
c v 69.74 29 12 86 15740  2 1111803 36047 1.6 14 8 2 3 62% 51316 2642 45%
c w 69.74 29 12 86 15740  2 1111803 36047 1.6 14 8 2 3 62% 51316 2642 45%
c x 69.75 29 12 86 15740  2 1111803 36047 1.6 14 8 2 3 62% 51311 2642 45%
c t 69.75 29 12 86 15740  2 1111803 36047 1.6 14 8 2 3 62% 51310 2642 45%
c B 70.64 29 12 86 16222  2 1128118 47699 1.6 13 8 2 3 62% 51310 2642 45%
c - 71.35 29 12 87 16591  2 1138165 37832 1.6 13 8 2 3 62% 51310 2642 45%
c p 71.36 29 12 87 16591  2 1138165 37938 1.6 13 8 2 3 62% 51310 2642 45%
c u 71.38 29 12 87 16591  2 1138165 37826 1.6 13 8 2 3 62% 51310 2642 45%
c v 71.39 29 12 87 16591  2 1138165 37770 1.6 13 8 2 3 62% 51310 2642 45%
c x 71.41 29 12 87 16591  2 1138165 37770 1.6 13 8 2 3 62% 51302 2642 45%
c t 71.41 29 12 87 16591  2 1138165 37770 1.6 13 8 2 3 62% 51299 2642 45%
c s 72.91 29 12 87 17292  1 1162938 54493 1.6 13 8 2 3 62% 51231 2642 45%
c s 73.00 29 12 87 17292  1 1162938 54452 1.6 13 8 2 3 62% 51229 2642 45%
c - 73.18 29 12 88 17382  1 1164836 38444 1.6 13 8 2 3 62% 51229 2642 45%
c p 73.19 29 12 88 17382  1 1164836 38542 1.6 13 8 2 3 62% 51229 2642 45%
c u 73.32 29 12 88 17382  1 1164836 38411 1.6 13 8 2 3 62% 51229 2642 45%
c v 73.32 29 12 88 17382  1 1164836 38374 1.6 13 8 2 3 62% 51229 2642 45%
c 
c  seconds  reductions     conflicts         size  tier2      variables
c         MB      restarts        redundant     glue  trail        remaining
c          level        rate           size/glue tier1  irredundant
c 
c w 73.33 29 12 88 17382  1 1164836 38374 1.6 13 8 2 3 62% 51229 2642 45%
c x 73.34 29 12 88 17382  1 1164836 38374 1.6 13 8 2 3 62% 51225 2642 45%
c W 74.16 29 12 88 17832  1 1176119 46300 1.6 13 8 2 3 61% 51225 2642 45%
c - 75.25 29 12 89 18642  1 1191818 39587 1.6 13 8 2 3 61% 51225 2642 45%
c p 75.26 29 12 89 18642  1 1191818 39684 1.6 13 8 2 3 61% 51225 2642 45%
c u 75.28 29 12 89 18642  1 1191818 39520 1.6 13 8 2 3 61% 51225 2642 45%
c v 75.29 29 12 89 18642  1 1191818 39457 1.6 13 8 2 3 61% 51225 2642 45%
c w 75.29 29 12 89 18642  1 1191818 39457 1.6 13 8 2 3 61% 51225 2642 45%
c x 75.31 29 12 89 18642  1 1191818 39457 1.6 13 8 2 3 61% 51223 2642 45%
c t 75.31 29 12 89 18642  1 1191818 39456 1.6 13 8 2 3 61% 51221 2642 45%
c - 77.19 29 12 90 20775  2 1219111 40935 1.6 13 8 2 3 61% 51221 2642 45%
c p 77.20 29 12 90 20775  2 1219111 41038 1.6 13 8 2 3 61% 51221 2642 45%
c u 77.23 29 12 90 20775  2 1219111 40903 1.6 13 8 2 3 61% 51221 2642 45%
c v 77.25 29 12 90 20775  2 1219111 40847 1.6 13 8 2 3 61% 51221 2642 45%
c w 77.25 29 12 90 20775  2 1219111 40847 1.6 13 8 2 3 61% 51221 2642 45%
c x 77.27 29 12 90 20775  2 1219111 40847 1.6 13 8 2 3 61% 51208 2642 45%
c t 77.27 29 12 90 20775  2 1219111 40845 1.6 13 8 2 3 61% 51208 2642 45%
c # 77.61 29 12 90 21038  2 1225122 45096 1.6 13 8 2 3 61% 51208 2642 45%
c } 78.11 29 12 90 21416  2 1233035 50696 1.6 13 8 2 3 61% 51208 2642 45%
c [ 78.11 29 23 90 21416  1 1233035 50696 1.4 24 17 2 3 58% 51208 2642 45%
c 
c  seconds  reductions     conflicts         size   tier2      variables
c         MB      restarts        redundant     glue   trail        remaining
c          level        rate           size/glue  tier1  irredundant
c 
c - 78.90 29 22 91 21423  1 1246717 41229 1.4 23 17 2 3 58% 51208 2642 45%
c p 78.92 29 22 91 21423  1 1246717 41332 1.4 23 17 2 3 58% 51208 2642 45%
c u 78.94 29 22 91 21423  1 1246717 41234 1.4 23 17 2 3 58% 51208 2642 45%
c v 78.95 29 22 91 21423  1 1246717 41187 1.4 23 17 2 3 58% 51208 2642 45%
c w 78.95 29 22 91 21423  1 1246717 41187 1.4 23 17 2 3 58% 51208 2642 45%
c x 78.97 29 22 91 21423  1 1246717 41187 1.4 23 17 2 3 58% 51204 2642 45%
c - 80.68 29 21 92 21432  1 1274631 41323 1.5 24 16 1 2 58% 51204 2642 45%
c p 80.69 29 21 92 21432  1 1274631 41418 1.5 24 16 1 2 58% 51204 2642 45%
c u 80.71 29 21 92 21432  1 1274631 41309 1.5 24 16 1 2 58% 51204 2642 45%
c v 80.72 29 21 92 21432  1 1274631 41272 1.5 24 16 1 2 58% 51204 2642 45%
c w 80.73 29 21 92 21432  1 1274631 41272 1.5 24 16 1 2 58% 51204 2642 45%
c x 80.74 29 21 92 21432  1 1274631 41272 1.5 24 16 1 2 58% 51198 2642 45%
c B 80.77 29 21 92 21432  1 1275125 41671 1.5 24 16 1 2 58% 51198 2642 45%
c - 82.57 29 23 93 21433  1 1302855 40134 1.5 26 17 1 2 58% 51198 2642 45%
c p 82.58 29 23 93 21433  1 1302855 40241 1.5 26 17 1 2 58% 51198 2642 45%
c u 82.61 29 23 93 21433  1 1302855 40159 1.5 26 17 1 2 58% 51198 2642 45%
c v 82.62 29 23 93 21433  1 1302855 40090 1.5 26 17 1 2 58% 51198 2642 45%
c w 82.62 29 23 93 21433  1 1302855 40090 1.5 26 17 1 2 58% 51198 2642 45%
c x 82.63 29 23 93 21433  1 1302855 40090 1.5 26 17 1 2 58% 51195 2642 45%
c t 82.63 29 23 93 21433  1 1302855 40089 1.5 26 17 1 2 58% 51195 2642 45%
c 
c  seconds  reductions     conflicts         size   tier2      variables
c         MB      restarts        redundant     glue   trail        remaining
c          level        rate           size/glue  tier1  irredundant
c 
c s 83.03 29 24 93 21433  1 1308365 44415 1.5 26 18 1 2 58% 51017 2642 45%
c s 83.11 29 24 93 21433  1 1308365 44375 1.5 26 18 1 2 58% 51015 2642 45%
c W 84.52 29 24 93 21438  1 1326126 57956 1.5 27 18 1 2 58% 51015 2642 45%
c - 84.76 29 24 94 21440  1 1331392 39859 1.5 26 18 1 2 58% 51015 2642 45%
c p 84.77 29 24 94 21440  1 1331392 39963 1.5 26 18 1 2 58% 51015 2642 45%
c u 84.79 29 24 94 21440  1 1331392 39843 1.5 26 18 1 2 58% 51015 2642 45%
c v 84.80 29 24 94 21440  1 1331392 39784 1.5 26 18 1 2 58% 51015 2642 45%
c w 84.80 29 24 94 21440  1 1331392 39784 1.5 26 18 1 2 58% 51015 2642 45%
c x 84.82 29 24 94 21440  1 1331392 39784 1.5 26 18 1 2 58% 51010 2642 45%
c t 84.82 29 24 94 21440  1 1331392 39779 1.5 26 18 1 2 58% 51010 2642 45%
c - 86.13 29 24 95 21454  1 1360238 39489 1.4 25 18 1 2 57% 51010 2642 45%
c p 86.14 29 24 95 21454  1 1360238 39580 1.4 25 18 1 2 57% 51010 2642 45%
c u 86.17 29 24 95 21454  1 1360238 39540 1.4 25 18 1 2 57% 51010 2642 45%
c v 86.18 29 24 95 21454  1 1360238 39515 1.4 25 18 1 2 57% 51010 2642 45%
c w 86.18 29 24 95 21454  1 1360238 39514 1.4 25 18 1 2 57% 51010 2642 45%
c x 86.20 29 24 95 21454  1 1360238 39514 1.4 25 18 1 2 57% 51007 2642 45%
c I 87.11 29 23 95 21463  1 1378127 51200 1.4 25 18 1 2 57% 51007 2642 45%
c ] 87.47 29 24 95 21463  1 1384153 55771 1.4 25 18 1 2 57% 51007 2642 45%
c { 87.47 29 12 95 21463  2 1384153 55771 1.6 13 8 2 3 61% 51007 2642 45%
c - 87.86 29 12 96 21642  2 1389395 40564 1.6 13 8 2 3 61% 51007 2642 45%
c 
c  seconds  reductions     conflicts         size  tier2      variables
c         MB      restarts        redundant     glue  trail        remaining
c          level        rate           size/glue tier1  irredundant
c 
c p 87.87 29 12 96 21642  2 1389395 40661 1.6 13 8 2 3 61% 51007 2642 45%
c u 87.89 29 12 96 21642  2 1389395 40574 1.6 13 8 2 3 61% 51007 2642 45%
c v 87.90 29 12 96 21642  2 1389395 40526 1.6 13 8 2 3 61% 51007 2642 45%
c w 87.90 29 12 96 21642  2 1389395 40526 1.6 13 8 2 3 61% 51007 2642 45%
c x 87.92 29 12 96 21642  2 1389395 40526 1.6 13 8 2 3 61% 51004 2642 45%
c - 89.61 29 12 97 22517  2 1418864 42204 1.6 13 8 2 3 60% 51004 2642 45%
c p 89.62 29 12 97 22517  2 1418864 42301 1.6 13 8 2 3 60% 51004 2642 45%
c u 89.64 29 12 97 22517  2 1418864 42211 1.6 13 8 2 3 60% 51004 2642 45%
c v 89.65 29 12 97 22517  2 1418864 42163 1.6 13 8 2 3 60% 51004 2642 45%
c x 89.67 29 12 97 22517  2 1418864 42163 1.6 13 8 2 3 60% 51001 2642 45%
c B 90.34 29 11 97 22915  2 1431129 50751 1.6 13 8 2 3 60% 51001 2642 45%
c - 91.40 29 11 98 23513  2 1448645 43412 1.6 13 8 2 3 60% 51001 2642 45%
c p 91.41 29 11 98 23513  2 1448645 43514 1.6 13 8 2 3 60% 51001 2642 45%
c u 91.44 29 11 98 23513  2 1448645 43403 1.6 13 8 2 3 60% 51001 2642 45%
c v 91.45 29 11 98 23513  2 1448645 43350 1.6 13 8 2 3 60% 51001 2642 45%
c w 91.45 29 11 98 23513  2 1448645 43350 1.6 13 8 2 3 60% 51001 2642 45%
c x 91.47 29 11 98 23513  2 1448645 43350 1.6 13 8 2 3 60% 50995 2642 45%
c t 91.47 29 11 98 23513  2 1448645 43349 1.6 13 8 2 3 60% 50995 2642 45%
c s 92.31 29 11 98 23898  2 1462130 50247 1.6 12 8 2 3 60% 50881 2642 45%
c s 92.41 29 11 98 23898  2 1462130 50184 1.6 12 8 2 3 60% 50881 2642 45%
c 
c  seconds  reductions     conflicts         size  tier2      variables
c         MB      restarts        redundant     glue  trail        remaining
c          level        rate           size/glue tier1  irredundant
c 
c - 93.37 29 11 99 24109  1 1478736 42869 1.6 12 8 2 3 59% 50881 2642 45%
c p 93.38 29 11 99 24109  1 1478736 42973 1.6 12 8 2 3 59% 50881 2642 45%
c u 93.40 29 11 99 24109  1 1478736 42860 1.6 12 8 2 3 59% 50881 2642 45%
c v 93.41 29 11 99 24109  1 1478736 42801 1.6 12 8 2 3 59% 50881 2642 45%
c w 93.41 29 11 99 24109  1 1478736 42801 1.6 12 8 2 3 59% 50881 2642 45%
c x 93.43 29 11 99 24109  1 1478736 42801 1.6 12 8 2 3 59% 50877 2642 45%
c t 93.43 29 11 99 24109  1 1478736 42799 1.6 12 8 2 3 59% 50877 2642 45%
c W 94.04 29 11 99 24274  1 1485131 46774 1.6 12 8 2 3 59% 50877 2642 45%
c - 96.03 29 12 100 26697  2 1509137 45161 1.6 13 8 2 3 59% 50877 2642 45%
c p 96.04 29 12 100 26697  2 1509137 45265 1.6 13 8 2 3 59% 50877 2642 45%
c u 96.12 29 12 100 26697  2 1509137 45126 1.6 13 8 2 3 59% 50877 2642 45%
c v 96.13 29 12 100 26697  2 1509137 45060 1.6 13 8 2 3 59% 50877 2642 45%
c w 96.13 29 12 100 26697  2 1509137 45060 1.6 13 8 2 3 59% 50877 2642 45%
c x 96.16 29 12 100 26697  2 1509137 45060 1.6 13 8 2 3 59% 50873 2642 45%
c t 96.16 29 12 100 26697  2 1509137 45054 1.6 13 8 2 3 59% 50873 2642 45%
c } 97.75 29 11 100 27361  2 1537619 63475 1.6 12 8 2 3 59% 50873 2642 45%
c [ 97.75 29 24 100 27361  1 1537619 63475 1.4 25 18 1 2 57% 50873 2642 45%
c - 97.91 29 23 101 27362  1 1539849 45264 1.4 25 18 1 2 57% 50873 2642 45%
c p 97.92 29 23 101 27362  1 1539849 45359 1.4 25 18 1 2 57% 50873 2642 45%
c u 97.95 29 23 101 27362  1 1539849 45251 1.4 25 18 1 2 57% 50873 2642 45%
c 
c  seconds   reductions     conflicts         size   tier2      variables
c         MB       restarts        redundant     glue   trail        remaining
c          level         rate           size/glue  tier1  irredundant
c 
c v 97.96 29 23 101 27362  1 1539849 45183 1.4 25 18 1 2 57% 50873 2642 45%
c w 97.96 29 23 101 27362  1 1539849 45183 1.4 25 18 1 2 57% 50873 2642 45%
c x 97.98 29 23 101 27362  1 1539849 45183 1.4 25 18 1 2 57% 50864 2642 45%
c t 97.98 29 23 101 27362  1 1539849 45174 1.4 25 18 1 2 57% 50861 2642 45%
c B 98.00 29 23 101 27362  1 1540134 45432 1.4 25 18 1 2 57% 50861 2642 45%
c - 99.90 29 22 102 27372  1 1570874 45275 1.4 25 17 1 2 57% 50861 2642 45%
c p 99.91 29 22 102 27372  1 1570874 45370 1.4 25 17 1 2 57% 50861 2642 45%
c u 99.94 29 22 102 27372  1 1570874 45238 1.4 25 17 1 2 57% 50861 2642 45%
c v 99.95 29 22 102 27372  1 1570874 45199 1.4 25 17 1 2 57% 50861 2642 45%
c w 99.95 29 22 102 27372  1 1570874 45199 1.4 25 17 1 2 57% 50861 2642 45%
c x 99.97 29 22 102 27372  1 1570874 45199 1.4 25 17 1 2 57% 50860 2642 45%
c t 99.97 29 22 102 27372  1 1570874 45195 1.4 25 17 1 2 57% 50851 2642 45%
c W 101.75 29 22 102 27383  1 1596137 64440 1.5 25 17 1 2 58% 50851 2642 45%
c - 102.05 32 22 103 27385  1 1602207 44446 1.5 25 17 1 2 58% 50851 2642 45%
c p 102.06 32 22 103 27385  1 1602207 44531 1.5 25 17 1 2 58% 50851 2642 45%
c u 102.09 32 22 103 27385  1 1602207 44434 1.5 25 17 1 2 58% 50851 2642 45%
c v 102.10 32 22 103 27385  1 1602207 44395 1.5 25 17 1 2 58% 50851 2642 45%
c w 102.10 32 22 103 27385  1 1602207 44395 1.5 25 17 1 2 58% 50851 2642 45%
c x 102.11 32 22 103 27385  1 1602207 44395 1.5 25 17 1 2 58% 50844 2642 45%
c t 102.11 32 22 103 27385  1 1602207 44390 1.5 25 17 1 2 58% 50840 2642 45%
c 
c  seconds    reductions     conflicts         size   tier2      variables
c          MB       restarts        redundant     glue   trail        remaining
c           level         rate           size/glue  tier1  irredundant
c 
c s 103.23 32 22 103 27393  1 1624293 56581 1.5 25 17 1 2 58% 50733 2642 45%
c t 103.24 32 22 103 27393  1 1624293 56580 1.5 25 17 1 2 58% 50733 2642 45%
c s 103.33 32 22 103 27393  1 1624293 56501 1.5 25 17 1 2 58% 50733 2642 45%
c - 103.92 32 22 104 27393  1 1633851 41563 1.5 25 17 1 2 58% 50733 2642 45%
c p 103.93 32 22 104 27393  1 1633851 41650 1.5 25 17 1 2 58% 50733 2642 45%
c u 103.96 32 22 104 27393  1 1633851 41575 1.5 25 17 1 2 58% 50733 2642 45%
c v 103.97 32 22 104 27393  1 1633851 41543 1.5 25 17 1 2 58% 50733 2642 45%
c w 103.97 32 22 104 27393  1 1633851 41543 1.5 25 17 1 2 58% 50733 2642 45%
c x 103.98 32 22 104 27393  1 1633851 41543 1.5 25 17 1 2 58% 50730 2642 45%
c t 103.98 32 22 104 27393  1 1633851 41540 1.5 25 17 1 2 58% 50730 2642 45%
c O 105.19 32 22 104 27394  1 1653138 56705 1.5 25 17 1 2 58% 50730 2642 45%
c - 105.99 32 22 105 27394  1 1665807 42168 1.5 25 17 1 2 58% 50730 2642 45%
c p 106.00 32 22 105 27394  1 1665807 42269 1.5 25 17 1 2 58% 50730 2642 45%
c u 106.03 32 22 105 27394  1 1665807 42094 1.5 25 17 1 2 58% 50730 2642 45%
c v 106.04 32 22 105 27394  1 1665807 42060 1.5 25 17 1 2 58% 50730 2642 45%
c w 106.04 32 22 105 27394  1 1665807 42060 1.5 25 17 1 2 58% 50730 2642 45%
c x 106.06 32 22 105 27394  1 1665807 42060 1.5 25 17 1 2 58% 50726 2642 45%
c t 106.06 32 22 105 27394  1 1665807 42055 1.5 25 17 1 2 58% 50725 2642 45%
c - 107.96 32 21 106 27395  1 1698074 42194 1.5 25 17 1 2 58% 50725 2642 45%
c p 107.97 32 21 106 27395  1 1698074 42289 1.5 25 17 1 2 58% 50725 2642 45%
c 
c  seconds    reductions     conflicts         size   tier2      variables
c          MB       restarts        redundant     glue   trail        remaining
c           level         rate           size/glue  tier1  irredundant
c 
c u 107.99 32 21 106 27395  1 1698074 42132 1.5 25 17 1 2 58% 50725 2642 45%
c v 108.01 32 21 106 27395  1 1698074 42102 1.5 25 17 1 2 58% 50725 2642 45%
c w 108.01 32 21 106 27395  1 1698074 42102 1.5 25 17 1 2 58% 50725 2642 45%
c x 108.03 32 21 106 27395  1 1698074 42102 1.5 25 17 1 2 58% 50716 2642 45%
c t 108.03 32 21 106 27395  1 1698074 42099 1.5 25 17 1 2 58% 50716 2642 45%
c ] 108.35 32 21 106 27395  1 1703797 46334 1.5 24 16 1 2 58% 50716 2642 45%
c { 108.35 32 11 106 27395  2 1703797 46334 1.6 12 8 2 3 59% 50716 2642 45%
c F 109.06 32 12 106 28680  2 1711139 52680 1.6 13 8 2 3 59% 50716 2642 45%
c - 110.21 32 12 107 29259  2 1730651 44706 1.6 13 8 2 3 59% 50716 2642 45%
c p 110.22 32 12 107 29259  2 1730651 44797 1.6 13 8 2 3 59% 50716 2642 45%
c u 110.25 32 12 107 29259  2 1730651 44625 1.6 13 8 2 3 59% 50716 2642 45%
c v 110.27 32 12 107 29259  2 1730651 44586 1.6 13 8 2 3 59% 50716 2642 45%
c x 110.29 32 12 107 29259  2 1730651 44586 1.6 13 8 2 3 59% 50705 2642 45%
c t 110.29 32 12 107 29259  2 1730651 44586 1.6 13 8 2 3 59% 50696 2642 45%
c i 111.32 32 11 107 29416  2 1752199 57864 1.6 12 8 2 3 58% 50696 2641 45%
c - 112.63 32 12 108 31798  2 1763541 29469 1.6 13 8 2 3 58% 50624 2641 45%
c p 112.63 32 12 108 31798  2 1763541 29583 1.6 13 8 2 3 58% 50624 2641 45%
c u 112.67 32 12 108 31798  2 1763541 29385 1.6 13 8 2 3 58% 50624 2641 45%
c v 112.68 32 12 108 31798  2 1763541 29328 1.6 13 8 2 3 58% 50624 2641 45%
c x 112.70 32 12 108 31798  2 1763541 29328 1.6 13 8 2 3 58% 50612 2641 45%
c 
c  seconds    reductions     conflicts         size  tier2      variables
c          MB       restarts        redundant     glue  trail        remaining
c           level         rate           size/glue tier1  irredundant
c 
c t 112.70 32 12 108 31798  2 1763541 29328 1.6 13 8 2 3 58% 50607 2641 45%
c B 113.37 32 13 108 33335  2 1770140 35439 1.7 14 8 2 3 59% 50607 2641 45%
c s 116.27 32 15 108 38394  3 1794823 57761 1.7 15 9 2 3 59% 50447 2641 45%
c e 116.28 32 15 108 38394  3 1794823 57761 1.7 15 9 2 3 59% 50446 2639 45%
c s 116.35 32 15 108 38394  3 1794823 57709 1.7 15 9 2 3 59% 50446 2639 45%
c - 116.65 32 15 109 38797  3 1796741 36378 1.7 15 9 2 3 59% 50446 2639 45%
c p 116.67 32 15 109 38797  3 1796741 36482 1.7 15 9 2 3 59% 50446 2639 45%
c u 116.72 32 15 109 38797  3 1796741 36253 1.7 15 9 2 3 59% 50446 2639 45%
c v 116.75 32 15 109 38797  3 1796741 36154 1.7 15 9 2 3 59% 50446 2639 45%
c x 116.79 32 15 109 38797  3 1796741 36154 1.7 15 9 2 3 59% 50422 2639 45%
c t 116.79 32 15 109 38797  3 1796741 36153 1.7 15 9 2 3 59% 50419 2639 45%
c } 119.39 32 16 109 42554  3 1822577 58958 1.8 17 9 2 3 60% 50419 2639 45%
c [ 119.39 32 21 109 42554  1 1822577 58958 1.5 24 16 1 2 58% 50419 2639 45%
c B 119.82 32 21 109 42554  1 1830143 65854 1.5 25 16 1 2 58% 50419 2639 45%
c - 119.87 32 21 110 42554  1 1830251 39919 1.5 25 16 1 2 58% 50419 2639 45%
c p 119.88 32 21 110 42554  1 1830251 40009 1.5 25 16 1 2 58% 50419 2639 45%
c u 119.91 32 21 110 42554  1 1830251 39777 1.5 25 16 1 2 58% 50419 2639 45%
c v 119.93 32 21 110 42554  1 1830251 39711 1.5 25 16 1 2 58% 50419 2639 45%
c w 119.93 32 21 110 42554  1 1830251 39711 1.5 25 16 1 2 58% 50419 2639 45%
c x 119.96 32 21 110 42554  1 1830251 39711 1.5 25 16 1 2 58% 50410 2639 45%
c 
c  seconds    reductions     conflicts         size   tier2      variables
c          MB       restarts        redundant     glue   trail        remaining
c           level         rate           size/glue  tier1  irredundant
c 
c t 119.96 32 21 110 42554  1 1830251 39711 1.5 25 16 1 2 58% 50392 2639 45%
c - 121.92 32 21 111 42555  1 1864072 38943 1.5 25 16 1 2 58% 50392 2639 45%
c p 121.93 32 21 111 42555  1 1864072 39036 1.5 25 16 1 2 58% 50392 2639 45%
c u 121.95 32 21 111 42555  1 1864072 38913 1.5 25 16 1 2 58% 50392 2639 45%
c v 121.97 32 21 111 42555  1 1864072 38878 1.5 25 16 1 2 58% 50392 2639 45%
c w 121.97 32 21 111 42555  1 1864072 38878 1.5 25 16 1 2 58% 50392 2639 45%
c x 121.99 32 21 111 42555  1 1864072 38878 1.5 25 16 1 2 58% 50386 2639 45%
c t 121.99 32 21 111 42555  1 1864072 38878 1.5 25 16 1 2 58% 50356 2639 45%
c W 124.11 32 21 111 42555  1 1891144 58412 1.5 25 16 1 2 57% 50356 2639 45%
c - 124.50 32 21 112 42555  1 1898205 37928 1.5 25 17 1 2 57% 50356 2639 45%
c p 124.51 32 21 112 42555  1 1898205 38032 1.5 25 17 1 2 57% 50356 2639 45%
c u 124.54 32 21 112 42555  1 1898205 37947 1.5 25 17 1 2 57% 50356 2639 45%
c v 124.55 32 21 112 42555  1 1898205 37931 1.5 25 17 1 2 57% 50356 2639 45%
c w 124.55 32 21 112 42555  1 1898205 37931 1.5 25 17 1 2 57% 50356 2639 45%
c x 124.57 32 21 112 42555  1 1898205 37931 1.5 25 17 1 2 57% 50341 2639 45%
c t 124.57 32 21 112 42555  1 1898205 37931 1.5 25 17 1 2 57% 50336 2639 45%
c - 126.33 32 21 113 42555  1 1932653 37589 1.4 24 17 1 2 57% 50336 2639 45%
c p 126.34 32 21 113 42555  1 1932653 37687 1.4 24 17 1 2 57% 50336 2639 45%
c u 126.46 32 21 113 42555  1 1932653 37594 1.4 24 17 1 2 57% 50336 2639 45%
c v 126.47 32 21 113 42555  1 1932653 37568 1.4 24 17 1 2 57% 50336 2639 45%
c 
c  seconds    reductions     conflicts         size   tier2      variables
c          MB       restarts        redundant     glue   trail        remaining
c           level         rate           size/glue  tier1  irredundant
c 
c x 126.48 32 21 113 42555  1 1932653 37568 1.4 24 17 1 2 57% 50326 2639 45%
c t 126.48 32 21 113 42555  1 1932653 37568 1.4 24 17 1 2 57% 50324 2639 45%
c I 127.58 32 21 113 42555  1 1953145 52602 1.4 24 17 1 2 56% 50324 2639 45%
c - 128.20 32 21 114 42555  1 1967407 38062 1.4 24 17 1 2 56% 50324 2639 45%
c p 128.21 32 21 114 42555  1 1967407 38150 1.4 24 17 1 2 56% 50324 2639 45%
c u 128.23 32 21 114 42555  1 1967407 38068 1.4 24 17 1 2 56% 50324 2639 45%
c v 128.24 32 21 114 42555  1 1967407 38046 1.4 24 17 1 2 56% 50324 2639 45%
c w 128.24 32 21 114 42555  1 1967407 38046 1.4 24 17 1 2 56% 50324 2639 45%
c x 128.26 32 21 114 42555  1 1967407 38045 1.4 24 17 1 2 56% 50324 2639 45%
c t 128.26 32 21 114 42555  1 1967407 38042 1.4 24 17 1 2 56% 50318 2639 45%
c s 128.56 32 21 114 42555  1 1973606 42029 1.4 24 17 1 2 56% 50218 2639 45%
c s 128.65 32 21 114 42555  1 1973606 41965 1.4 24 17 1 2 56% 50215 2639 45%
c - 129.88 32 21 115 42563  1 2002474 38067 1.4 23 17 1 2 55% 50215 2639 45%
c p 129.89 32 21 115 42563  1 2002474 38166 1.4 23 17 1 2 55% 50215 2639 45%
c u 129.91 32 21 115 42563  1 2002474 38061 1.4 23 17 1 2 55% 50215 2639 45%
c v 129.92 32 21 115 42563  1 2002474 38050 1.4 23 17 1 2 55% 50215 2639 45%
c w 129.93 32 21 115 42563  1 2002474 38050 1.4 23 17 1 2 55% 50215 2639 45%
c x 129.94 32 21 115 42563  1 2002474 38050 1.4 23 17 1 2 55% 50215 2639 45%
c t 129.94 32 21 115 42563  1 2002474 38050 1.4 23 17 1 2 55% 50213 2639 45%
c B 130.45 32 21 115 42570  1 2016147 47816 1.4 23 16 1 2 55% 50213 2639 45%
c 
c  seconds    reductions     conflicts         size   tier2      variables
c          MB       restarts        redundant     glue   trail        remaining
c           level         rate           size/glue  tier1  irredundant
c 
c ] 131.58 32 21 115 42578  1 2035584 61959 1.4 23 17 1 2 55% 50213 2639 45%
c { 131.58 32 16 115 42578  3 2035584 61959 1.8 17 9 2 3 60% 50213 2639 45%
c - 131.91 32 16 116 42930  3 2037852 39330 1.8 17 9 2 3 60% 50213 2639 45%
c p 131.92 32 16 116 42930  3 2037852 39436 1.8 17 9 2 3 60% 50213 2639 45%
c u 131.95 32 16 116 42930  3 2037852 39295 1.8 17 9 2 3 60% 50213 2639 45%
c v 131.96 32 16 116 42930  3 2037852 39245 1.8 17 9 2 3 60% 50213 2639 45%
c w 131.97 32 16 116 42930  3 2037852 39245 1.8 17 9 2 3 60% 50213 2639 45%
c x 131.98 32 16 116 42930  3 2037852 39245 1.8 17 9 2 3 60% 50207 2639 45%
c - 135.24 32 17 117 46940  3 2073542 43558 1.9 18 9 2 3 60% 50207 2639 45%
c p 135.25 32 17 117 46940  3 2073542 43664 1.9 18 9 2 3 60% 50207 2639 45%
c u 135.29 32 17 117 46940  3 2073542 43463 1.9 18 9 2 3 60% 50207 2639 45%
c v 135.31 32 17 117 46940  3 2073542 43418 1.9 18 9 2 3 60% 50207 2639 45%
c x 135.34 32 17 117 46940  3 2073542 43417 1.9 18 9 2 3 60% 50192 2639 45%
c W 136.18 32 17 117 47496  3 2080151 49129 1.9 18 9 2 3 60% 50192 2639 45%
c - 138.95 32 17 118 50601  3 2109541 46626 1.9 18 10 2 3 61% 50192 2639 45%
c p 138.96 32 17 118 50601  3 2109541 46733 1.9 18 10 2 3 61% 50192 2639 45%
c u 139.00 32 17 118 50601  3 2109541 46504 1.9 18 10 2 3 61% 50192 2639 45%
c v 139.02 32 17 118 50601  3 2109541 46447 1.9 18 10 2 3 61% 50192 2639 45%
c w 139.02 32 17 118 50601  3 2109541 46446 1.9 18 10 2 3 61% 50192 2639 45%
c x 139.06 32 17 118 50601  3 2109541 46445 1.9 18 10 2 3 61% 50190 2639 45%
c 
c  seconds    reductions     conflicts         size   tier2      variables
c          MB       restarts        redundant     glue   trail        remaining
c           level         rate           size/glue  tier1  irredundant
c 
c # 142.21 32 18 118 53759  3 2145156 76084 1.9 19 10 2 3 61% 50190 2639 45%
c - 142.33 35 18 119 53834  3 2145852 48680 1.9 19 10 2 3 61% 50190 2639 45%
c p 142.34 35 18 119 53834  3 2145852 48782 1.9 19 10 2 3 61% 50190 2639 45%
c u 142.38 35 18 119 53834  3 2145852 48582 1.9 19 10 2 3 61% 50190 2639 45%
c v 142.40 35 18 119 53834  3 2145852 48526 1.9 19 10 2 3 61% 50190 2639 45%
c w 142.40 35 18 119 53834  3 2145852 48526 1.9 19 10 2 3 61% 50190 2639 45%
c x 142.43 35 18 119 53834  3 2145852 48526 1.9 19 10 2 3 61% 50185 2639 45%
c s 143.67 35 18 119 54831  3 2160609 59652 1.9 19 10 2 3 61% 50060 2639 45%
c s 143.80 35 18 119 54831  3 2160609 59510 1.9 19 10 2 3 61% 50060 2639 45%
c - 145.78 35 18 120 56419  3 2182473 49949 1.9 19 10 2 3 61% 50060 2639 45%
c p 145.79 35 18 120 56419  3 2182473 50055 1.9 19 10 2 3 61% 50060 2639 45%
c u 145.83 35 18 120 56419  3 2182473 49875 1.9 19 10 2 3 61% 50060 2639 45%
c v 145.85 35 18 120 56419  3 2182473 49848 1.9 19 10 2 3 61% 50060 2639 45%
c w 145.85 35 18 120 56419  3 2182473 49848 1.9 19 10 2 3 61% 50060 2639 45%
c x 145.88 35 18 120 56419  3 2182473 49847 1.9 19 10 2 3 61% 50055 2639 45%
c t 145.88 35 18 120 56419  3 2182473 49846 1.9 19 10 2 3 61% 50055 2639 45%
c } 146.11 35 18 120 56612  3 2185661 52218 1.9 19 10 2 3 61% 50055 2639 45%
c [ 146.11 35 21 120 56612  1 2185661 52218 1.4 23 17 1 2 55% 50055 2639 45%
c W 147.85 35 20 120 56620  1 2211159 66640 1.4 22 16 1 2 55% 50055 2639 45%
c - 148.36 35 20 121 56620  1 2219405 48633 1.4 22 16 1 2 55% 50055 2639 45%
c 
c  seconds    reductions     conflicts         size   tier2      variables
c          MB       restarts        redundant     glue   trail        remaining
c           level         rate           size/glue  tier1  irredundant
c 
c p 148.38 35 20 121 56620  1 2219405 48734 1.4 22 16 1 2 55% 50055 2639 45%
c u 148.41 35 20 121 56620  1 2219405 48605 1.4 22 16 1 2 55% 50055 2639 45%
c v 148.42 35 20 121 56620  1 2219405 48576 1.4 22 16 1 2 55% 50055 2639 45%
c w 148.42 35 20 121 56620  1 2219405 48575 1.4 22 16 1 2 55% 50055 2639 45%
c x 148.44 35 20 121 56620  1 2219405 48573 1.4 22 16 1 2 55% 50049 2639 45%
c t 148.44 35 20 121 56620  1 2219405 48572 1.4 22 16 1 2 55% 50049 2639 45%
c - 150.74 35 20 122 56637  1 2256649 48431 1.4 23 16 1 2 55% 50049 2639 45%
c p 150.75 35 20 122 56637  1 2256649 48535 1.4 23 16 1 2 55% 50049 2639 45%
c u 150.78 35 20 122 56637  1 2256649 48388 1.4 23 16 1 2 55% 50049 2639 45%
c v 150.79 35 20 122 56637  1 2256649 48331 1.4 23 16 1 2 55% 50049 2639 45%
c w 150.79 35 20 122 56637  1 2256649 48331 1.4 23 16 1 2 55% 50049 2639 45%
c x 150.81 35 20 122 56637  1 2256649 48331 1.4 23 16 1 2 55% 50045 2639 45%
c t 150.81 35 20 122 56637  1 2256649 48330 1.4 23 16 1 2 55% 50045 2639 45%
c O 152.16 35 20 122 56649  1 2278162 63945 1.4 23 16 1 2 55% 50045 2639 45%
c - 153.14 35 20 123 56651  1 2294204 47813 1.4 23 16 1 2 55% 50045 2639 45%
c p 153.16 35 20 123 56651  1 2294204 47904 1.4 23 16 1 2 55% 50045 2639 45%
c u 153.19 35 20 123 56651  1 2294204 47786 1.4 23 16 1 2 55% 50045 2639 45%
c v 153.20 35 20 123 56651  1 2294204 47749 1.4 23 16 1 2 55% 50045 2639 45%
c w 153.20 35 20 123 56651  1 2294204 47749 1.4 23 16 1 2 55% 50045 2639 45%
c x 153.23 35 20 123 56651  1 2294204 47749 1.4 23 16 1 2 55% 50045 2639 45%
c 
c  seconds    reductions     conflicts         size   tier2      variables
c          MB       restarts        redundant     glue   trail        remaining
c           level         rate           size/glue  tier1  irredundant
c 
c t 153.23 35 20 123 56651  1 2294204 47744 1.4 23 16 1 2 55% 50037 2639 45%
c - 155.21 25 19 124 56652  1 2332070 47527 1.4 22 15 1 2 55% 50037 2639 45%
c p 155.22 25 19 124 56652  1 2332070 47632 1.4 22 15 1 2 55% 50037 2639 45%
c u 155.26 25 19 124 56652  1 2332070 47495 1.4 22 15 1 2 55% 50037 2639 45%
c v 155.27 25 19 124 56652  1 2332070 47460 1.4 22 15 1 2 55% 50037 2639 45%
c w 155.27 25 19 124 56652  1 2332070 47459 1.4 22 15 1 2 55% 50037 2639 45%
c x 155.29 25 19 124 56652  1 2332070 47459 1.4 22 15 1 2 55% 50037 2639 45%
c B 156.07 25 19 124 56659  1 2346163 56712 1.5 22 15 1 2 55% 50037 2639 45%
c s 156.75 28 19 124 56664  1 2355907 63006 1.5 22 15 1 2 55% 50019 2639 45%
c s 156.86 28 19 124 56664  1 2355907 62938 1.5 22 15 1 2 55% 50019 2639 45%
c - 157.83 29 19 125 56667  1 2370247 47278 1.4 22 15 1 2 55% 50019 2639 45%
c p 157.84 29 19 125 56667  1 2370247 47382 1.4 22 15 1 2 55% 50019 2639 45%
c u 157.88 29 19 125 56667  1 2370247 47291 1.4 22 15 1 2 55% 50019 2639 45%
c v 157.90 29 19 125 56667  1 2370247 47255 1.4 22 15 1 2 55% 50019 2639 45%
c w 157.90 29 19 125 56667  1 2370247 47255 1.4 22 15 1 2 55% 50019 2639 45%
c x 157.92 29 19 125 56667  1 2370247 47255 1.4 22 15 1 2 55% 50013 2639 45%
c ] 159.74 29 19 125 56682  1 2402655 68829 1.4 21 15 1 2 55% 50013 2639 45%
c { 159.74 29 18 125 56682  3 2402655 68829 1.9 19 10 2 3 61% 50013 2639 45%
c - 160.30 33 18 126 57085  3 2408738 48626 1.9 19 10 2 3 61% 50013 2639 45%
c p 160.31 33 18 126 57085  3 2408738 48726 1.9 19 10 2 3 61% 50013 2639 45%
c 
c  seconds    reductions     conflicts         size   tier2      variables
c          MB       restarts        redundant     glue   trail        remaining
c           level         rate           size/glue  tier1  irredundant
c 
c u 160.35 33 18 126 57085  3 2408738 48638 1.9 19 10 2 3 61% 50013 2639 45%
c v 160.36 33 18 126 57085  3 2408738 48606 1.9 19 10 2 3 61% 50013 2639 45%
c x 160.38 33 18 126 57085  3 2408738 48606 1.9 19 10 2 3 61% 50009 2639 45%
c B 160.89 33 18 126 57614  3 2415165 54124 1.9 19 10 2 3 61% 50009 2639 45%
c - 163.75 33 18 127 60046  3 2447538 52833 1.9 19 10 2 3 61% 50009 2639 45%
c p 163.77 33 18 127 60046  3 2447538 52940 1.9 19 10 2 3 61% 50009 2639 45%
c u 163.94 33 18 127 60046  3 2447538 52777 1.9 19 10 2 3 61% 50009 2639 45%
c v 163.96 33 18 127 60046  3 2447538 52739 1.9 19 10 2 3 61% 50009 2639 45%
c w 163.97 33 18 127 60046  3 2447538 52739 1.9 19 10 2 3 61% 50009 2639 45%
c x 164.00 33 18 127 60046  3 2447538 52739 1.9 19 10 2 3 61% 49981 2639 45%
c t 164.00 33 18 127 60046  3 2447538 52737 1.9 19 10 2 3 61% 49979 2639 45%
c W 167.82 33 17 127 62014  3 2485166 83139 1.9 19 10 2 3 61% 49979 2639 45%
c - 168.02 33 17 128 62117  3 2486649 55399 1.9 19 10 2 3 61% 49979 2639 45%
c p 168.03 33 17 128 62117  3 2486649 55505 1.9 19 10 2 3 61% 49979 2639 45%
c u 168.07 33 17 128 62117  3 2486649 55366 1.9 19 10 2 3 61% 49979 2639 45%
c v 168.09 33 17 128 62117  3 2486649 55335 1.9 19 10 2 3 61% 49979 2639 45%
c x 168.13 33 17 128 62117  3 2486649 55335 1.9 19 10 2 3 61% 49976 2639 45%
c t 168.13 33 17 128 62117  3 2486649 55330 1.9 19 10 2 3 61% 49976 2639 45%
c - 171.53 33 17 129 64630  3 2526071 57101 1.9 19 10 2 3 61% 49976 2639 45%
c p 171.54 33 17 129 64630  3 2526071 57206 1.9 19 10 2 3 61% 49976 2639 45%
c 
c  seconds    reductions     conflicts         size   tier2      variables
c          MB       restarts        redundant     glue   trail        remaining
c           level         rate           size/glue  tier1  irredundant
c 
c u 171.59 33 17 129 64630  3 2526071 57023 1.9 19 10 2 3 61% 49976 2639 45%
c v 171.61 33 17 129 64630  3 2526071 56980 1.9 19 10 2 3 61% 49976 2639 45%
c w 171.61 33 17 129 64630  3 2526071 56980 1.9 19 10 2 3 61% 49976 2639 45%
c x 171.64 33 17 129 64630  3 2526071 56978 1.9 19 10 2 3 61% 49954 2639 45%
c t 171.64 33 17 129 64630  3 2526071 56977 1.9 19 10 2 3 61% 49953 2639 45%
c F 174.20 33 17 129 66226  2 2556167 81647 1.9 19 10 2 3 62% 49953 2639 45%
c s 174.78 33 17 129 66597  2 2559642 83944 1.9 19 10 2 3 62% 49853 2639 45%
c s 174.95 33 17 129 66597  2 2559642 83817 1.9 19 10 2 3 62% 49853 2639 45%
c - 175.59 33 17 130 66912  2 2565808 58629 1.9 19 10 2 3 62% 49853 2639 45%
c p 175.61 33 17 130 66912  2 2565808 58736 1.9 19 10 2 3 62% 49853 2639 45%
c u 175.65 33 17 130 66912  2 2565808 58619 1.9 19 10 2 3 62% 49853 2639 45%
c v 175.68 33 17 130 66912  2 2565808 58585 1.9 19 10 2 3 62% 49853 2639 45%
c x 175.71 33 17 130 66912  2 2565808 58585 1.9 19 10 2 3 62% 49847 2639 45%
c t 175.71 33 17 130 66912  2 2565808 58584 1.9 19 10 2 3 62% 49846 2639 45%
c } 177.76 33 17 130 68740  2 2589630 78071 1.9 19 10 2 3 61% 49846 2639 45%
c [ 177.76 33 19 130 68740  1 2589630 78071 1.4 21 15 1 2 55% 49846 2639 45%
c - 178.73 33 18 131 68741  1 2605856 59358 1.4 21 15 1 2 55% 49846 2639 45%
c p 178.74 33 18 131 68741  1 2605856 59462 1.4 21 15 1 2 55% 49846 2639 45%
c u 178.80 33 18 131 68741  1 2605856 59365 1.4 21 15 1 2 55% 49846 2639 45%
c v 178.82 33 18 131 68741  1 2605856 59328 1.4 21 15 1 2 55% 49846 2639 45%
c 
c  seconds    reductions     conflicts         size   tier2      variables
c          MB       restarts        redundant     glue   trail        remaining
c           level         rate           size/glue  tier1  irredundant
c 
c w 178.83 33 18 131 68741  1 2605856 59327 1.4 21 15 1 2 55% 49846 2639 45%
c x 178.86 33 18 131 68741  1 2605856 59327 1.4 21 15 1 2 55% 49846 2639 45%
c t 178.86 33 18 131 68741  1 2605856 59327 1.4 21 15 1 2 55% 49845 2639 45%
c W 180.56 33 20 131 68755  1 2628169 76371 1.4 22 16 1 2 55% 49845 2639 45%
c - 181.70 33 20 132 68761  1 2646214 58829 1.4 22 16 1 2 54% 49845 2639 45%
c p 181.72 33 20 132 68761  1 2646214 58934 1.4 22 16 1 2 54% 49845 2639 45%
c u 181.76 33 20 132 68761  1 2646214 58837 1.4 22 16 1 2 54% 49845 2639 45%
c v 181.78 33 20 132 68761  1 2646214 58809 1.4 22 16 1 2 54% 49845 2639 45%
c w 181.78 33 20 132 68761  1 2646214 58809 1.4 22 16 1 2 54% 49845 2639 45%
c x 181.82 33 20 132 68761  1 2646214 58809 1.4 22 16 1 2 54% 49844 2639 45%
c t 181.82 33 20 132 68761  1 2646214 58809 1.4 22 16 1 2 54% 49842 2639 45%
c - 184.28 33 21 133 68772  1 2686881 57419 1.4 22 16 1 2 54% 49842 2639 45%
c p 184.29 33 21 133 68772  1 2686881 57522 1.4 22 16 1 2 54% 49842 2639 45%
c u 184.33 33 21 133 68772  1 2686881 57397 1.4 22 16 1 2 54% 49842 2639 45%
c v 184.35 33 21 133 68772  1 2686881 57373 1.4 22 16 1 2 54% 49842 2639 45%
c x 184.37 33 21 133 68772  1 2686881 57373 1.4 22 16 1 2 54% 49841 2639 45%
c t 184.37 33 21 133 68772  1 2686881 57372 1.4 22 16 1 2 54% 49841 2639 45%
c I 185.10 33 21 133 68773  1 2701171 67376 1.4 22 16 1 2 54% 49841 2639 45%
c - 186.67 33 21 134 68774  1 2727860 57636 1.3 23 17 1 2 53% 49841 2639 45%
c p 186.68 33 21 134 68774  1 2727860 57739 1.3 23 17 1 2 53% 49841 2639 45%
c 
c  seconds    reductions     conflicts         size   tier2      variables
c          MB       restarts        redundant     glue   trail        remaining
c           level         rate           size/glue  tier1  irredundant
c 
c u 186.71 33 21 134 68774  1 2727860 57653 1.3 23 17 1 2 53% 49841 2639 45%
c v 186.72 33 21 134 68774  1 2727860 57623 1.3 23 17 1 2 53% 49841 2639 45%
c w 186.72 33 21 134 68774  1 2727860 57621 1.3 23 17 1 2 53% 49841 2639 45%
c x 186.74 33 21 134 68774  1 2727860 57621 1.3 23 17 1 2 53% 49838 2639 45%
c t 186.74 33 21 134 68774  1 2727860 57621 1.3 23 17 1 2 53% 49837 2639 45%
c - 189.15 36 21 135 68774  1 2769150 57879 1.4 23 17 1 2 53% 49837 2639 45%
c p 189.17 36 21 135 68774  1 2769150 57977 1.4 23 17 1 2 53% 49837 2639 45%
c u 189.21 36 21 135 68774  1 2769150 57877 1.4 23 17 1 2 53% 49837 2639 45%
c v 189.23 36 21 135 68774  1 2769150 57837 1.4 23 17 1 2 53% 49837 2639 45%
c w 189.23 36 21 135 68774  1 2769150 57837 1.4 23 17 1 2 53% 49837 2639 45%
c x 189.26 36 21 135 68774  1 2769150 57837 1.4 23 17 1 2 53% 49829 2639 45%
c t 189.26 36 21 135 68774  1 2769150 57837 1.4 23 17 1 2 53% 49828 2639 45%
c s 189.53 36 21 135 68774  1 2771624 58709 1.4 22 17 1 2 53% 49803 2639 45%
c t 189.54 36 21 135 68774  1 2771624 58708 1.4 22 17 1 2 53% 49797 2639 45%
c s 189.67 36 21 135 68774  1 2771624 58625 1.4 22 17 1 2 53% 49797 2639 45%
c ^ 189.68 36 21 135 68774  1 2771624 58625 1.4 22 17 1 2 53% 49797 2639 45%
c B 189.86 36 21 135 68774  1 2775172 60930 1.4 22 17 1 2 53% 49797 2639 45%
c - 192.11 36 20 136 68788  1 2810751 57406 1.4 22 16 1 2 53% 49797 2639 45%
c p 192.12 36 20 136 68788  1 2810751 57509 1.4 22 16 1 2 53% 49797 2639 45%
c u 192.17 36 20 136 68788  1 2810751 57405 1.4 22 16 1 2 53% 49797 2639 45%
c 
c  seconds    reductions     conflicts         size   tier2      variables
c          MB       restarts        redundant     glue   trail        remaining
c           level         rate           size/glue  tier1  irredundant
c 
c v 192.19 36 20 136 68788  1 2810751 57358 1.4 22 16 1 2 53% 49797 2639 45%
c w 192.19 36 20 136 68788  1 2810751 57358 1.4 22 16 1 2 53% 49797 2639 45%
c x 192.22 36 20 136 68788  1 2810751 57358 1.4 22 16 1 2 53% 49794 2639 45%
c t 192.22 36 20 136 68788  1 2810751 57358 1.4 22 16 1 2 53% 49793 2639 45%
c ] 193.29 36 21 136 68796  1 2831354 72053 1.3 22 16 1 2 53% 49793 2639 45%
c { 193.29 36 17 136 68796  2 2831354 72053 1.9 19 10 2 3 61% 49793 2639 45%
c B 194.96 36 17 136 70123  2 2850175 87547 1.9 19 10 2 3 61% 49793 2639 45%
c - 195.31 36 17 137 70368  2 2852665 60751 1.9 19 10 2 3 61% 49793 2639 45%
c p 195.33 36 17 137 70368  2 2852665 60862 1.9 19 10 2 3 61% 49793 2639 45%
c u 195.37 36 17 137 70368  2 2852665 60715 1.9 19 10 2 3 61% 49793 2639 45%
c v 195.39 36 17 137 70368  2 2852665 60664 1.9 19 10 2 3 61% 49793 2639 45%
c x 195.42 36 17 137 70368  2 2852665 60664 1.9 19 10 2 3 61% 49775 2639 45%
c - 198.54 36 17 138 72424  2 2894889 63363 1.9 19 10 2 3 61% 49775 2639 45%
c p 198.55 36 17 138 72424  2 2894889 63471 1.9 19 10 2 3 61% 49775 2639 45%
c u 198.60 36 17 138 72424  2 2894889 63359 1.9 19 10 2 3 61% 49775 2639 45%
c v 198.61 36 17 138 72424  2 2894889 63329 1.9 19 10 2 3 61% 49775 2639 45%
c w 198.62 36 17 138 72424  2 2894889 63329 1.9 19 10 2 3 61% 49775 2639 45%
c x 198.65 36 17 138 72424  2 2894889 63329 1.9 19 10 2 3 61% 49773 2639 45%
c W 201.74 36 17 138 74375  2 2926179 87654 1.8 18 10 2 3 60% 49773 2639 45%
c - 202.90 36 17 139 75258  2 2937424 65344 1.8 19 10 2 3 60% 49773 2639 45%
c 
c  seconds    reductions     conflicts         size   tier2      variables
c          MB       restarts        redundant     glue   trail        remaining
c           level         rate           size/glue  tier1  irredundant
c 
c p 202.92 36 17 139 75258  2 2937424 65451 1.8 19 10 2 3 60% 49773 2639 45%
c u 202.96 36 17 139 75258  2 2937424 65345 1.8 19 10 2 3 60% 49773 2639 45%
c v 202.98 36 17 139 75258  2 2937424 65316 1.8 19 10 2 3 60% 49773 2639 45%
c x 203.02 36 17 139 75258  2 2937424 65316 1.8 19 10 2 3 60% 49748 2639 45%
c t 203.02 36 17 139 75258  2 2937424 65315 1.8 19 10 2 3 60% 49748 2639 45%
c - 206.48 30 17 140 77698  2 2980275 67059 1.8 18 10 2 3 60% 49748 2639 45%
c p 206.49 30 17 140 77698  2 2980275 67162 1.8 18 10 2 3 60% 49748 2639 45%
c u 206.56 30 17 140 77698  2 2980275 66995 1.8 18 10 2 3 60% 49748 2639 45%
c v 206.58 30 17 140 77698  2 2980275 66948 1.8 18 10 2 3 60% 49748 2639 45%
c w 206.58 30 17 140 77698  2 2980275 66948 1.8 18 10 2 3 60% 49748 2639 45%
c x 206.62 30 17 140 77698  2 2980275 66948 1.8 18 10 2 3 60% 49733 2639 45%
c t 206.63 30 17 140 77698  2 2980275 66946 1.8 18 10 2 3 60% 49732 2639 45%
c s 207.78 32 17 140 78443  2 2992005 75397 1.8 18 10 2 3 60% 49655 2639 45%
c t 207.79 32 17 140 78443  2 2992005 75397 1.8 18 10 2 3 60% 49652 2639 45%
c e 207.81 32 17 140 78443  2 2992005 74947 1.8 18 10 2 3 60% 49682 2624 45%
c s 207.99 32 17 140 78443  2 2992005 74760 1.8 18 10 2 3 60% 49665 2624 45%
c # 209.01 32 17 140 79354  2 3003182 83611 1.8 18 10 2 3 60% 49665 2624 45%
c - 211.11 32 17 141 80816  2 3023434 67713 1.8 18 10 2 3 60% 49665 2624 45%
c p 211.12 32 17 141 80816  2 3023434 67814 1.8 18 10 2 3 60% 49665 2624 45%
c u 211.17 32 17 141 80816  2 3023434 67689 1.8 18 10 2 3 60% 49665 2624 45%
c 
c  seconds    reductions     conflicts         size   tier2      variables
c          MB       restarts        redundant     glue   trail        remaining
c           level         rate           size/glue  tier1  irredundant
c 
c v 211.20 32 17 141 80816  2 3023434 67651 1.8 18 10 2 3 60% 49665 2624 45%
c x 211.24 32 17 141 80816  2 3023434 67651 1.8 18 10 2 3 60% 49652 2624 45%
c t 211.24 32 17 141 80816  2 3023434 67651 1.8 18 10 2 3 60% 49647 2624 45%
c } 212.72 32 17 141 81750  2 3043548 83091 1.8 18 10 2 3 59% 49647 2624 45%
c [ 212.72 32 21 141 81750  1 3043548 83091 1.3 22 16 1 2 53% 49647 2624 45%
c - 213.95 32 19 142 81758  1 3066908 67499 1.4 21 15 1 2 53% 49647 2624 45%
c p 213.97 32 19 142 81758  1 3066908 67613 1.4 21 15 1 2 53% 49647 2624 45%
c u 214.12 32 19 142 81758  1 3066908 67515 1.4 21 15 1 2 53% 49647 2624 45%
c v 214.14 32 19 142 81758  1 3066908 67500 1.4 21 15 1 2 53% 49647 2624 45%
c x 214.17 32 19 142 81758  1 3066908 67500 1.4 21 15 1 2 53% 49632 2624 45%
c t 214.17 32 19 142 81758  1 3066908 67500 1.4 21 15 1 2 53% 49630 2624 45%
c W 215.34 32 19 142 81759  1 3081183 77368 1.4 21 15 1 2 53% 49630 2624 45%
c - 217.17 30 19 143 81774  1 3110689 67019 1.4 21 15 1 2 53% 49630 2624 45%
c p 217.18 30 19 143 81774  1 3110689 67105 1.4 21 15 1 2 53% 49630 2624 45%
c u 217.23 30 19 143 81774  1 3110689 67031 1.4 21 15 1 2 53% 49630 2624 45%
c v 217.25 30 19 143 81774  1 3110689 67004 1.4 21 15 1 2 53% 49630 2624 45%
c w 217.25 30 19 143 81774  1 3110689 67004 1.4 21 15 1 2 53% 49630 2624 45%
c x 217.29 30 19 143 81774  1 3110689 67004 1.4 21 15 1 2 53% 49619 2624 45%
c t 217.29 30 19 143 81774  1 3110689 67004 1.4 21 15 1 2 53% 49618 2624 45%
c - 220.05 35 18 144 81790  1 3154781 66110 1.4 20 14 1 2 53% 49618 2624 45%
c 
c  seconds    reductions     conflicts         size   tier2      variables
c          MB       restarts        redundant     glue   trail        remaining
c           level         rate           size/glue  tier1  irredundant
c 
c p 220.06 35 18 144 81790  1 3154781 66213 1.4 20 14 1 2 53% 49618 2624 45%
c u 220.11 35 18 144 81790  1 3154781 66127 1.4 20 14 1 2 53% 49618 2624 45%
c v 220.12 35 18 144 81790  1 3154781 66089 1.4 20 14 1 2 53% 49618 2624 45%
c w 220.12 35 18 144 81790  1 3154781 66089 1.4 20 14 1 2 53% 49618 2624 45%
c x 220.16 35 18 144 81790  1 3154781 66089 1.4 20 14 1 2 53% 49603 2624 45%
c t 220.16 35 18 144 81790  1 3154781 66088 1.4 20 14 1 2 53% 49598 2624 45%
c O 220.46 35 18 144 81790  1 3160185 70151 1.4 20 14 1 2 53% 49598 2624 45%
c - 222.97 35 17 145 81791  1 3199188 66219 1.4 20 14 1 2 53% 49598 2624 45%
c p 222.99 35 17 145 81791  1 3199188 66319 1.4 20 14 1 2 53% 49598 2624 45%
c u 223.03 35 17 145 81791  1 3199188 66234 1.4 20 14 1 2 53% 49598 2624 45%
c v 223.04 35 17 145 81791  1 3199188 66195 1.4 20 14 1 2 53% 49598 2624 45%
c w 223.04 35 17 145 81791  1 3199188 66195 1.4 20 14 1 2 53% 49598 2624 45%
c x 223.08 35 17 145 81791  1 3199188 66195 1.4 20 14 1 2 53% 49585 2624 45%
c t 223.08 35 17 145 81791  1 3199188 66194 1.4 20 14 1 2 53% 49574 2624 45%
c s 224.67 35 17 145 81805  1 3221095 80230 1.4 20 14 1 2 53% 49506 2624 45%
c s 224.85 35 17 145 81805  1 3221095 80179 1.4 20 14 1 2 53% 49506 2624 45%
c ^ 224.85 35 17 145 81805  1 3221095 80179 1.4 20 14 1 2 53% 49506 2624 45%
c B 226.14 35 17 145 81812  1 3240186 91910 1.5 20 14 1 2 53% 49506 2624 45%
c - 226.40 35 17 146 81813  1 3243905 65904 1.5 20 14 1 2 53% 49506 2624 45%
c p 226.42 35 17 146 81813  1 3243905 66014 1.5 20 14 1 2 53% 49506 2624 45%
c 
c  seconds    reductions     conflicts         size   tier2      variables
c          MB       restarts        redundant     glue   trail        remaining
c           level         rate           size/glue  tier1  irredundant
c 
c u 226.46 35 17 146 81813  1 3243905 65917 1.5 20 14 1 2 53% 49506 2624 45%
c v 226.48 35 17 146 81813  1 3243905 65874 1.5 20 14 1 2 53% 49506 2624 45%
c w 226.48 35 17 146 81813  1 3243905 65874 1.5 20 14 1 2 53% 49506 2624 45%
c x 226.52 35 17 146 81813  1 3243905 65874 1.5 20 14 1 2 53% 49483 2624 45%
c t 226.52 35 17 146 81813  1 3243905 65874 1.5 20 14 1 2 53% 49476 2624 45%
c - 229.23 39 17 147 81828  1 3288932 66502 1.4 19 14 1 2 53% 49476 2624 45%
c p 229.24 39 17 147 81828  1 3288932 66605 1.4 19 14 1 2 53% 49476 2624 45%
c u 229.28 39 17 147 81828  1 3288932 66484 1.4 19 14 1 2 53% 49476 2624 45%
c v 229.30 39 17 147 81828  1 3288932 66451 1.4 19 14 1 2 53% 49476 2624 45%
c w 229.30 39 17 147 81828  1 3288932 66451 1.4 19 14 1 2 53% 49476 2624 45%
c x 229.33 39 17 147 81828  1 3288932 66451 1.4 19 14 1 2 53% 49445 2624 45%
c t 229.33 39 17 147 81828  1 3288932 66450 1.4 19 14 1 2 53% 49437 2624 45%
c ] 229.74 39 17 147 81832  1 3297065 72131 1.4 19 14 1 2 53% 49437 2624 45%
c { 229.74 39 17 147 81832  2 3297065 72131 1.8 18 10 2 3 59% 49437 2624 45%
c B 231.77 39 17 147 83413  2 3321187 91278 1.8 18 10 2 3 59% 49437 2624 45%
c - 232.98 39 17 148 84309  2 3334272 69634 1.8 18 10 2 3 59% 49437 2624 45%
c p 232.99 39 17 148 84309  2 3334272 69741 1.8 18 10 2 3 59% 49437 2624 45%
c u 233.04 39 17 148 84309  2 3334272 69603 1.8 18 10 2 3 59% 49437 2624 45%
c v 233.06 39 17 148 84309  2 3334272 69558 1.8 18 10 2 3 59% 49437 2624 45%
c x 233.09 39 17 148 84309  2 3334272 69558 1.8 18 10 2 3 59% 49411 2624 45%
c 
c  seconds    reductions     conflicts         size   tier2      variables
c          MB       restarts        redundant     glue   trail        remaining
c           level         rate           size/glue  tier1  irredundant
c 
c t 233.09 39 17 148 84309  2 3334272 69558 1.8 18 10 2 3 59% 49401 2624 45%
c - 236.83 39 17 149 87002  2 3379921 72121 1.8 18 10 2 3 59% 49401 2624 45%
c p 236.85 39 17 149 87002  2 3379921 72225 1.8 18 10 2 3 59% 49401 2624 45%
c u 236.90 39 17 149 87002  2 3379921 72050 1.8 18 10 2 3 59% 49401 2624 45%
c v 236.92 39 17 149 87002  2 3379921 71995 1.8 18 10 2 3 59% 49401 2624 45%
c w 236.92 39 17 149 87002  2 3379921 71995 1.8 18 10 2 3 59% 49401 2624 45%
c x 236.96 39 17 149 87002  2 3379921 71995 1.8 18 10 2 3 59% 49379 2624 45%
c t 236.96 39 17 149 87002  2 3379921 71995 1.8 18 10 2 3 59% 49362 2624 45%
c W 239.51 39 17 149 88050  2 3403188 89665 1.8 18 10 2 3 60% 49362 2624 45%
c - 241.57 31 17 150 89285  2 3425883 73331 1.8 18 10 2 3 60% 49362 2624 45%
c p 241.58 31 17 150 89285  2 3425883 73426 1.8 18 10 2 3 60% 49362 2624 45%
c u 241.63 31 17 150 89285  2 3425883 73267 1.8 18 10 2 3 60% 49362 2624 45%
c v 241.65 31 17 150 89285  2 3425883 73220 1.8 18 10 2 3 60% 49362 2624 45%
c w 241.65 31 17 150 89285  2 3425883 73220 1.8 18 10 2 3 60% 49362 2624 45%
c x 241.68 31 17 150 89285  2 3425883 73220 1.8 18 10 2 3 60% 49333 2624 45%
c t 241.69 31 17 150 89285  2 3425883 73220 1.8 18 10 2 3 60% 49295 2624 45%
c s 244.31 34 17 150 91007  2 3458411 97274 1.8 18 10 2 3 59% 49163 2624 45%
c e 244.34 34 17 150 91007  2 3458411 82383 1.8 18 10 2 3 59% 49408 2498 43%
c s 244.53 34 17 150 91007  2 3458411 82232 1.8 18 10 2 3 59% 49379 2498 43%
c - 245.68 30 17 151 91852  2 3472155 66016 1.8 18 10 2 3 60% 49379 2498 43%
c 
c  seconds    reductions     conflicts         size   tier2      variables
c          MB       restarts        redundant     glue   trail        remaining
c           level         rate           size/glue  tier1  irredundant
c 
c p 245.69 30 17 151 91852  2 3472155 66099 1.8 18 10 2 3 60% 49379 2498 43%
c u 245.76 30 17 151 91852  2 3472155 65995 1.8 18 10 2 3 60% 49379 2498 43%
c v 245.78 30 17 151 91852  2 3472155 65942 1.8 18 10 2 3 60% 49379 2498 43%
c w 245.78 30 17 151 91852  2 3472155 65942 1.8 18 10 2 3 60% 49379 2498 43%
c x 245.82 30 17 151 91852  2 3472155 65942 1.8 18 10 2 3 60% 49354 2498 43%
c t 245.82 30 17 151 91852  2 3472155 65941 1.8 18 10 2 3 60% 49342 2498 43%
c F 246.87 30 17 151 93000  2 3486191 77693 1.8 18 10 2 3 59% 49342 2498 43%
c - 249.43 37 17 152 94590  2 3518739 69802 1.8 18 10 2 3 61% 49342 2498 43%
c p 249.44 37 17 152 94590  2 3518739 69890 1.8 18 10 2 3 61% 49342 2498 43%
c u 249.49 37 17 152 94590  2 3518739 69757 1.8 18 10 2 3 61% 49342 2498 43%
c v 249.52 37 17 152 94590  2 3518739 69706 1.8 18 10 2 3 61% 49342 2498 43%
c w 249.52 37 17 152 94590  2 3518739 69705 1.8 18 10 2 3 61% 49342 2498 43%
c x 249.55 37 17 152 94590  2 3518739 69705 1.8 18 10 2 3 61% 49307 2498 43%
c t 249.55 37 17 152 94590  2 3518739 69704 1.8 18 10 2 3 61% 49307 2498 43%
c } 250.81 37 17 152 95584  2 3537005 84092 1.8 18 10 2 3 60% 49307 2498 43%
c [ 250.81 37 17 152 95584  1 3537005 84092 1.4 19 14 1 2 61% 49307 2498 43%
c - 252.37 37 17 153 95596  1 3565635 70523 1.4 19 13 1 2 59% 49307 2498 43%
c p 252.38 37 17 153 95596  1 3565635 70596 1.4 19 13 1 2 59% 49307 2498 43%
c u 252.42 37 17 153 95596  1 3565635 70476 1.4 19 13 1 2 59% 49307 2498 43%
c v 252.45 37 17 153 95596  1 3565635 70425 1.4 19 13 1 2 59% 49307 2498 43%
c 
c  seconds    reductions     conflicts         size   tier2      variables
c          MB       restarts        redundant     glue   trail        remaining
c           level         rate           size/glue  tier1  irredundant
c 
c w 252.45 37 17 153 95596  1 3565635 70425 1.4 19 13 1 2 59% 49307 2498 43%
c x 252.48 37 17 153 95596  1 3565635 70425 1.4 19 13 1 2 59% 49288 2498 43%
c t 252.48 37 17 153 95596  1 3565635 70422 1.4 19 13 1 2 59% 49286 2498 43%
c W 253.09 37 17 153 95599  1 3570192 73914 1.4 19 14 1 2 58% 49286 2498 43%
c - 255.38 37 18 154 95606  1 3612843 70068 1.4 20 14 1 2 56% 49286 2498 43%
c p 255.39 37 18 154 95606  1 3612843 70156 1.4 20 14 1 2 56% 49286 2498 43%
c u 255.43 37 18 154 95606  1 3612843 70065 1.4 20 14 1 2 56% 49286 2498 43%
c v 255.45 37 18 154 95606  1 3612843 70031 1.4 20 14 1 2 56% 49286 2498 43%
c w 255.45 37 18 154 95606  1 3612843 70031 1.4 20 14 1 2 56% 49286 2498 43%
c x 255.47 37 18 154 95606  1 3612843 70031 1.4 20 14 1 2 56% 49251 2498 43%
c I 257.67 37 17 154 95607  1 3655195 95570 1.4 19 14 1 2 55% 49251 2498 43%
c - 257.99 37 18 155 95607  1 3660361 68163 1.4 20 14 1 2 55% 49251 2498 43%
c p 258.01 37 18 155 95607  1 3660361 68241 1.4 20 14 1 2 55% 49251 2498 43%
c u 258.04 37 18 155 95607  1 3660361 68140 1.4 20 14 1 2 55% 49251 2498 43%
c v 258.06 37 18 155 95607  1 3660361 68106 1.4 20 14 1 2 55% 49251 2498 43%
c w 258.06 37 18 155 95607  1 3660361 68106 1.4 20 14 1 2 55% 49251 2498 43%
c x 258.09 37 18 155 95607  1 3660361 68106 1.4 20 14 1 2 55% 49232 2498 43%
c s 260.95 37 19 155 95608  1 3708106 100838 1.4 20 15 1 2 53% 48790 2498 43%
c s 261.17 37 19 155 95608  1 3708106 100742 1.4 20 15 1 2 53% 48790 2498 43%
c - 261.24 37 19 156 95608  1 3708191 68766 1.4 20 15 1 2 53% 48790 2498 43%
c 
c  seconds    reductions     conflicts         size   tier2      variables
c          MB       restarts        redundant     glue   trail        remaining
c           level         rate           size/glue  tier1  irredundant
c 
c p 261.26 37 19 156 95608  1 3708191 68842 1.4 20 15 1 2 53% 48790 2498 43%
c u 261.30 37 19 156 95608  1 3708191 68742 1.4 20 15 1 2 53% 48790 2498 43%
c v 261.32 37 19 156 95608  1 3708191 68710 1.4 20 15 1 2 53% 48790 2498 43%
c w 261.32 37 19 156 95608  1 3708191 68710 1.4 20 15 1 2 53% 48790 2498 43%
c x 261.36 37 19 156 95608  1 3708191 68710 1.4 20 15 1 2 53% 48787 2498 43%
c B 263.13 37 19 156 95608  1 3741197 90862 1.4 21 15 1 2 53% 48787 2498 43%
c - 264.07 37 19 157 95608  1 3756332 68815 1.3 21 15 1 2 53% 48787 2498 43%
c p 264.08 37 19 157 95608  1 3756332 68892 1.3 21 15 1 2 53% 48787 2498 43%
c u 264.14 37 19 157 95608  1 3756332 68778 1.3 21 15 1 2 53% 48787 2498 43%
c v 264.16 37 19 157 95608  1 3756332 68741 1.3 21 15 1 2 53% 48787 2498 43%
c w 264.16 37 19 157 95608  1 3756332 68741 1.3 21 15 1 2 53% 48787 2498 43%
c x 264.19 37 19 157 95608  1 3756332 68741 1.3 21 15 1 2 53% 48786 2498 43%
c t 264.20 37 19 157 95608  1 3756332 68741 1.3 21 15 1 2 53% 48784 2498 43%
c - 266.78 37 18 158 95608  1 3804787 68491 1.4 20 15 1 2 52% 48784 2498 43%
c p 266.79 37 18 158 95608  1 3804787 68575 1.4 20 15 1 2 52% 48784 2498 43%
c u 266.94 37 18 158 95608  1 3804787 68477 1.4 20 15 1 2 52% 48784 2498 43%
c v 266.95 37 18 158 95608  1 3804787 68448 1.4 20 15 1 2 52% 48784 2498 43%
c x 266.98 37 18 158 95608  1 3804787 68448 1.4 20 15 1 2 52% 48784 2498 43%
c W 268.75 37 18 158 95608  1 3828198 83487 1.4 20 15 1 2 52% 48784 2498 43%
c ] 269.35 37 19 158 95609  1 3838491 90208 1.3 20 15 1 2 52% 48784 2498 43%
c 
c  seconds    reductions     conflicts         size   tier2      variables
c          MB       restarts        redundant     glue   trail        remaining
c           level         rate           size/glue  tier1  irredundant
c 
c { 269.35 37 17 158 95609  2 3838491 90208 1.8 18 10 2 3 60% 48784 2498 43%
c - 270.69 40 17 159 96445  2 3853551 70235 1.8 18 10 2 3 60% 48784 2498 43%
c p 270.71 40 17 159 96445  2 3853551 70310 1.8 18 10 2 3 60% 48784 2498 43%
c u 270.75 40 17 159 96445  2 3853551 70214 1.8 18 10 2 3 60% 48784 2498 43%
c v 270.77 40 17 159 96445  2 3853551 70171 1.8 18 10 2 3 60% 48784 2498 43%
c x 270.80 40 17 159 96445  2 3853551 70171 1.8 18 10 2 3 60% 48784 2498 43%
c t 270.80 40 17 159 96445  2 3853551 70168 1.8 18 10 2 3 60% 48784 2498 43%
c - 274.35 40 17 160 98869  2 3902629 62568 1.7 17 10 1 2 59% 48784 2498 43%
c p 274.36 40 17 160 98869  2 3902629 62655 1.7 17 10 1 2 59% 48784 2498 43%
c u 274.40 40 17 160 98869  2 3902629 62485 1.7 17 10 1 2 59% 48784 2498 43%
c v 274.41 40 17 160 98869  2 3902629 62483 1.7 17 10 1 2 59% 48784 2498 43%
c w 274.41 40 17 160 98869  2 3902629 62482 1.7 17 10 1 2 59% 48784 2498 43%
c x 274.46 40 17 160 98869  2 3902629 62482 1.7 17 10 1 2 59% 48784 2498 43%
c t 274.46 40 17 160 98869  2 3902629 62480 1.7 17 10 1 2 59% 48784 2498 43%
c B 275.30 40 17 160 99492  2 3916200 72242 1.7 17 10 1 2 59% 48784 2498 43%
c - 277.73 40 16 161 101156  2 3952019 61567 1.7 17 10 1 2 58% 48784 2498 43%
c p 277.75 40 16 161 101156  2 3952019 61653 1.7 17 10 1 2 58% 48784 2498 43%
c u 277.79 40 16 161 101156  2 3952019 61502 1.7 17 10 1 2 58% 48784 2498 43%
c w 277.79 40 16 161 101156  2 3952019 61502 1.7 17 10 1 2 58% 48784 2498 43%
c x 277.85 40 16 161 101156  2 3952019 61501 1.7 17 10 1 2 58% 48784 2498 43%
c 
c  seconds    reductions      conflicts         size   tier2      variables
c          MB       restarts         redundant     glue   trail        remaining
c           level          rate           size/glue  tier1  irredundant
c 
c t 277.85 40 16 161 101156  2 3952019 61500 1.7 17 10 1 2 58% 48784 2498 43%
c s 278.86 40 16 161 101949  2 3965371 71032 1.7 17 10 1 2 58% 48782 2498 43%
c s 279.02 40 16 161 101949  2 3965371 70982 1.7 17 10 1 2 58% 48782 2498 43%
c - 281.93 40 17 162 104277  2 4001721 61929 1.7 17 10 1 2 58% 48782 2498 43%
c p 281.94 40 17 162 104277  2 4001721 62013 1.7 17 10 1 2 58% 48782 2498 43%
c u 281.99 40 17 162 104277  2 4001721 61921 1.7 17 10 1 2 58% 48782 2498 43%
c v 282.00 40 17 162 104277  2 4001721 61868 1.7 17 10 1 2 58% 48782 2498 43%
c w 282.00 40 17 162 104277  2 4001721 61868 1.7 17 10 1 2 58% 48782 2498 43%
c x 282.04 40 17 162 104277  2 4001721 61868 1.7 17 10 1 2 58% 48781 2498 43%
c W 282.64 40 17 162 104492  2 4005201 64477 1.7 17 10 1 2 58% 48781 2498 43%
c - 286.19 40 17 163 107564  2 4051737 62945 1.8 18 10 1 2 58% 48781 2498 43%
c p 286.20 40 17 163 107564  2 4051737 63028 1.8 18 10 1 2 58% 48781 2498 43%
c u 286.26 40 17 163 107564  2 4051737 62820 1.8 18 10 1 2 58% 48781 2498 43%
c v 286.28 40 17 163 107564  2 4051737 62681 1.8 18 10 1 2 58% 48781 2498 43%
c w 286.28 40 17 163 107564  2 4051737 62681 1.8 18 10 1 2 58% 48781 2498 43%
c # 289.62 40 17 163 109920  2 4095202 95881 1.8 18 10 1 2 59% 48781 2498 43%
c - 290.24 40 17 164 110247  2 4102059 63580 1.7 17 10 1 2 59% 48781 2498 43%
c p 290.26 40 17 164 110247  2 4102059 63668 1.7 17 10 1 2 59% 48781 2498 43%
c u 290.30 40 17 164 110247  2 4102059 63466 1.7 17 10 1 2 59% 48781 2498 43%
c v 290.31 40 17 164 110247  2 4102059 63414 1.7 17 10 1 2 59% 48781 2498 43%
c 
c  seconds    reductions      conflicts         size   tier2      variables
c          MB       restarts         redundant     glue   trail        remaining
c           level          rate           size/glue  tier1  irredundant
c 
c w 290.31 40 17 164 110247  2 4102059 63414 1.7 17 10 1 2 59% 48781 2498 43%
c } 292.44 40 17 164 112070  2 4131844 85754 1.7 17 10 1 2 59% 48781 2498 43%
c [ 292.44 40 19 164 112070  1 4131844 85754 1.3 20 15 1 2 52% 48781 2498 43%
c - 293.56 40 17 165 112070  1 4152693 62954 1.4 19 14 1 2 52% 48781 2498 43%
c p 293.58 40 17 165 112070  1 4152693 63040 1.4 19 14 1 2 52% 48781 2498 43%
c u 293.64 40 17 165 112070  1 4152693 62857 1.4 19 14 1 2 52% 48781 2498 43%
c t 293.65 40 17 165 112070  1 4152693 62856 1.4 19 14 1 2 52% 48781 2498 43%
c O 295.39 40 18 165 112070  1 4186203 85125 1.4 20 15 1 2 52% 48781 2498 43%
c - 296.41 40 18 166 112070  1 4203639 60205 1.4 20 14 1 2 52% 48781 2498 43%
c p 296.43 40 18 166 112070  1 4203639 60277 1.4 20 14 1 2 52% 48781 2498 43%
c u 296.49 40 18 166 112070  1 4203639 60070 1.4 20 14 1 2 52% 48781 2498 43%
c w 296.49 40 18 166 112070  1 4203639 60068 1.4 20 14 1 2 52% 48781 2498 43%
c t 296.50 40 18 166 112070  1 4203639 60064 1.4 20 14 1 2 52% 48780 2498 43%
c s 297.99 40 18 166 112070  1 4231198 78119 1.4 20 14 1 2 52% 48780 2498 43%
c s 298.13 40 18 166 112070  1 4231198 78064 1.4 20 14 1 2 52% 48780 2498 43%
c - 299.53 40 17 167 112070  1 4254895 56422 1.4 19 14 1 2 52% 48780 2498 43%
c p 299.54 40 17 167 112070  1 4254895 56493 1.4 19 14 1 2 52% 48780 2498 43%
c u 299.58 40 17 167 112070  1 4254895 56333 1.4 19 14 1 2 52% 48780 2498 43%
c v 299.58 40 17 167 112070  1 4254895 56333 1.4 19 14 1 2 52% 48780 2498 43%
c w 299.58 40 17 167 112070  1 4254895 56333 1.4 19 14 1 2 52% 48780 2498 43%
c 
c  seconds    reductions      conflicts         size   tier2      variables
c          MB       restarts         redundant     glue   trail        remaining
c           level          rate           size/glue  tier1  irredundant
c 
c x 299.63 40 17 167 112070  1 4254895 56332 1.4 19 14 1 2 52% 48780 2498 43%
c B 300.76 40 17 167 112070  1 4278205 71183 1.4 19 14 1 2 53% 48780 2498 43%
c - 302.23 40 17 168 112070  1 4306465 54962 1.4 19 14 1 2 52% 48780 2498 43%
c p 302.25 40 17 168 112070  1 4306465 55035 1.4 19 14 1 2 52% 48780 2498 43%
c u 302.29 40 17 168 112070  1 4306465 54770 1.4 19 14 1 2 52% 48780 2498 43%
c v 302.29 40 17 168 112070  1 4306465 54769 1.4 19 14 1 2 52% 48780 2498 43%
c w 302.29 40 17 168 112070  1 4306465 54769 1.4 19 14 1 2 52% 48780 2498 43%
c - 304.90 40 17 169 112070  1 4358345 53849 1.4 19 14 1 2 52% 48780 2498 43%
c p 304.91 40 17 169 112070  1 4358345 53937 1.4 19 14 1 2 52% 48780 2498 43%
c u 304.97 40 17 169 112070  1 4358345 53820 1.4 19 14 1 2 52% 48780 2498 43%
c v 304.97 40 17 169 112070  1 4358345 53819 1.4 19 14 1 2 52% 48780 2498 43%
c w 304.97 40 17 169 112070  1 4358345 53819 1.4 19 14 1 2 52% 48780 2498 43%
c W 306.34 40 16 169 112070  1 4371206 62019 1.4 18 13 1 2 52% 48780 2498 43%
c - 308.41 40 18 170 112080  1 4410537 54650 1.4 19 14 1 2 51% 48780 2498 43%
c p 308.42 40 18 170 112080  1 4410537 54725 1.4 19 14 1 2 51% 48780 2498 43%
c u 308.47 40 18 170 112080  1 4410537 54483 1.4 19 14 1 2 51% 48780 2498 43%
c v 308.50 40 18 170 112080  1 4410537 54417 1.4 19 14 1 2 51% 48780 2498 43%
c w 308.50 40 18 170 112080  1 4410537 54415 1.4 19 14 1 2 51% 48780 2498 43%
c - 311.15 40 18 171 112101  1 4463041 54945 1.4 20 15 1 2 51% 48780 2498 43%
c p 311.16 40 18 171 112101  1 4463041 55034 1.4 20 15 1 2 51% 48780 2498 43%
c 
c  seconds    reductions      conflicts         size   tier2      variables
c          MB       restarts         redundant     glue   trail        remaining
c           level          rate           size/glue  tier1  irredundant
c 
c u 311.20 40 18 171 112101  1 4463041 54847 1.4 20 15 1 2 51% 48780 2498 43%
c v 311.22 40 18 171 112101  1 4463041 54798 1.4 20 15 1 2 51% 48780 2498 43%
c x 311.25 40 18 171 112101  1 4463041 54798 1.4 20 15 1 2 51% 48780 2498 43%
c I 311.34 40 18 171 112101  1 4465207 56399 1.4 20 15 1 2 51% 48780 2498 43%
c ] 312.97 40 19 171 112115  1 4500547 82066 1.4 20 15 1 2 50% 48780 2498 43%
c { 312.97 40 17 171 112115  2 4500547 82066 1.7 17 10 1 2 59% 48780 2498 43%
c s 313.49 40 17 171 112407  2 4505595 85459 1.7 17 10 1 2 58% 48780 2498 43%
c s 313.62 40 17 171 112407  2 4505595 85413 1.7 17 10 1 2 58% 48780 2498 43%
c - 314.49 40 17 172 112762  2 4515855 56622 1.7 17 10 1 2 59% 48780 2498 43%
c p 314.50 40 17 172 112762  2 4515855 56710 1.7 17 10 1 2 59% 48780 2498 43%
c u 314.55 40 17 172 112762  2 4515855 56568 1.7 17 10 1 2 59% 48780 2498 43%
c v 314.58 40 17 172 112762  2 4515855 56500 1.7 17 10 1 2 59% 48780 2498 43%
c w 314.58 40 17 172 112762  2 4515855 56500 1.7 17 10 1 2 59% 48780 2498 43%
c t 314.58 40 17 172 112762  2 4515855 56499 1.7 17 10 1 2 59% 48780 2498 43%
c B 317.58 40 17 172 115287  2 4560208 90836 1.8 17 10 1 2 58% 48780 2498 43%
c - 318.34 40 17 173 115872  2 4568981 60045 1.7 17 10 1 2 58% 48780 2498 43%
c p 318.35 40 17 173 115872  2 4568981 60107 1.7 17 10 1 2 58% 48780 2498 43%
c u 318.42 40 17 173 115872  2 4568981 59922 1.7 17 10 1 2 58% 48780 2498 43%
c v 318.45 40 17 173 115872  2 4568981 59862 1.7 17 10 1 2 58% 48780 2498 43%
c w 318.45 40 17 173 115872  2 4568981 59862 1.7 17 10 1 2 58% 48780 2498 43%
c 
c  seconds    reductions      conflicts         size   tier2      variables
c          MB       restarts         redundant     glue   trail        remaining
c           level          rate           size/glue  tier1  irredundant
c 
c t 318.45 40 17 173 115872  2 4568981 59861 1.7 17 10 1 2 58% 48780 2498 43%
c - 322.02 40 17 174 118573  2 4622421 61677 1.7 17 10 1 2 58% 48780 2498 43%
c p 322.04 40 17 174 118573  2 4622421 61772 1.7 17 10 1 2 58% 48780 2498 43%
c u 322.10 40 17 174 118573  2 4622421 61606 1.7 17 10 1 2 58% 48780 2498 43%
c v 322.13 40 17 174 118573  2 4622421 61505 1.7 17 10 1 2 58% 48780 2498 43%
c w 322.14 40 17 174 118573  2 4622421 61505 1.7 17 10 1 2 58% 48780 2498 43%
c W 324.87 40 17 174 120230  2 4656210 87230 1.7 17 10 1 2 58% 48780 2498 43%
c - 326.67 40 17 175 121547  2 4676174 63212 1.7 17 10 1 2 58% 48780 2498 43%
c p 326.69 40 17 175 121547  2 4676174 63301 1.7 17 10 1 2 58% 48780 2498 43%
c u 326.95 40 17 175 121547  2 4676174 63093 1.7 17 10 1 2 58% 48780 2498 43%
c v 326.99 40 17 175 121547  2 4676174 63032 1.7 17 10 1 2 58% 48780 2498 43%
c w 326.99 40 17 175 121547  2 4676174 63032 1.7 17 10 1 2 58% 48780 2498 43%
c - 330.84 40 16 176 124206  2 4730235 64189 1.7 17 10 1 2 57% 48780 2498 43%
c p 330.85 40 16 176 124206  2 4730235 64259 1.7 17 10 1 2 57% 48780 2498 43%
c u 330.90 40 16 176 124206  2 4730235 64106 1.7 17 10 1 2 57% 48780 2498 43%
c v 330.92 40 16 176 124206  2 4730235 64062 1.7 17 10 1 2 57% 48780 2498 43%
c w 330.92 40 16 176 124206  2 4730235 64062 1.7 17 10 1 2 57% 48780 2498 43%
c x 330.97 40 16 176 124206  2 4730235 64062 1.7 17 10 1 2 57% 48780 2498 43%
c F 332.66 40 17 176 125807  2 4753216 81709 1.7 17 10 1 2 57% 48780 2498 43%
c - 335.16 40 16 177 127465  2 4784607 65286 1.7 17 10 1 2 57% 48780 2498 43%
c 
c  seconds    reductions      conflicts         size   tier2      variables
c          MB       restarts         redundant     glue   trail        remaining
c           level          rate           size/glue  tier1  irredundant
c 
c p 335.18 40 16 177 127465  2 4784607 65376 1.7 17 10 1 2 57% 48780 2498 43%
c u 335.25 40 16 177 127465  2 4784607 65125 1.7 17 10 1 2 57% 48780 2498 43%
c v 335.28 40 16 177 127465  2 4784607 65023 1.7 17 10 1 2 57% 48780 2498 43%
c w 335.28 40 16 177 127465  2 4784607 65023 1.7 17 10 1 2 57% 48780 2498 43%
c s 335.60 40 16 177 127480  2 4788568 67193 1.7 17 10 1 2 57% 48780 2498 43%
c s 335.77 40 16 177 127480  2 4788568 67058 1.7 17 10 1 2 57% 48780 2498 43%
c } 338.83 40 16 177 129772  2 4830649 97612 1.7 16 10 1 2 57% 48780 2498 43%
c [ 338.83 40 19 177 129772  1 4830649 97612 1.4 20 15 1 2 50% 48780 2498 43%
c - 339.39 40 19 178 129773  1 4839292 65080 1.4 20 15 1 2 50% 48780 2498 43%
c p 339.41 40 19 178 129773  1 4839292 65175 1.4 20 15 1 2 50% 48780 2498 43%
c u 339.48 40 19 178 129773  1 4839292 65063 1.4 20 15 1 2 50% 48780 2498 43%
c v 339.52 40 19 178 129773  1 4839292 64975 1.4 20 15 1 2 50% 48780 2498 43%
c w 339.52 40 19 178 129773  1 4839292 64975 1.4 20 15 1 2 50% 48780 2498 43%
c B 340.08 40 19 178 129780  1 4851219 74271 1.4 20 15 1 2 50% 48780 2498 43%
c - 342.50 40 19 179 129790  1 4894287 64457 1.4 20 15 1 2 50% 48780 2498 43%
c p 342.52 40 19 179 129790  1 4894287 64547 1.4 20 15 1 2 50% 48780 2498 43%
c u 342.58 40 19 179 129790  1 4894287 64380 1.4 20 15 1 2 50% 48780 2498 43%
c v 342.61 40 19 179 129790  1 4894287 64316 1.4 20 15 1 2 50% 48780 2498 43%
c w 342.61 40 19 179 129790  1 4894287 64315 1.4 20 15 1 2 50% 48780 2498 43%
c t 342.62 40 19 179 129790  1 4894287 64313 1.4 20 15 1 2 50% 48780 2498 43%
c 
c  seconds    reductions      conflicts         size   tier2      variables
c          MB       restarts         redundant     glue   trail        remaining
c           level          rate           size/glue  tier1  irredundant
c 
c - 345.62 40 19 180 129805  1 4949594 60720 1.3 20 15 1 2 50% 48780 2498 43%
c p 345.64 40 19 180 129805  1 4949594 60807 1.3 20 15 1 2 50% 48780 2498 43%
c u 345.70 40 19 180 129805  1 4949594 60576 1.3 20 15 1 2 50% 48780 2498 43%
c v 345.71 40 19 180 129805  1 4949594 60576 1.3 20 15 1 2 50% 48780 2498 43%
c w 345.71 40 19 180 129805  1 4949594 60576 1.3 20 15 1 2 50% 48780 2498 43%
c W 346.40 40 19 180 129805  1 4950220 61073 1.3 20 15 1 2 50% 48780 2498 43%
c - 349.43 40 19 181 129822  1 5005213 60861 1.4 20 15 1 2 51% 48780 2498 43%
c p 349.45 40 19 181 129822  1 5005213 60951 1.4 20 15 1 2 51% 48780 2498 43%
c u 349.52 40 19 181 129822  1 5005213 60756 1.4 20 15 1 2 51% 48780 2498 43%
c v 349.53 40 19 181 129822  1 5005213 60751 1.4 20 15 1 2 51% 48780 2498 43%
c w 349.53 40 19 181 129822  1 5005213 60751 1.4 20 15 1 2 51% 48780 2498 43%
c t 349.53 40 19 181 129822  1 5005213 60750 1.4 20 15 1 2 51% 48780 2498 43%
c O 351.80 40 19 181 129843  1 5050221 92291 1.3 21 15 1 2 51% 48780 2498 43%
c - 352.46 40 19 182 129850  1 5061143 60381 1.3 21 15 1 2 51% 48780 2498 43%
c p 352.47 40 19 182 129850  1 5061143 60464 1.3 21 15 1 2 51% 48780 2498 43%
c u 352.51 40 19 182 129850  1 5061143 60364 1.3 21 15 1 2 51% 48780 2498 43%
c v 352.51 40 19 182 129850  1 5061143 60363 1.3 21 15 1 2 51% 48780 2498 43%
c w 352.51 40 19 182 129850  1 5061143 60363 1.3 21 15 1 2 51% 48780 2498 43%
c x 352.56 40 19 182 129850  1 5061143 60363 1.3 21 15 1 2 51% 48780 2498 43%
c s 353.60 40 19 182 129852  1 5080117 72295 1.4 20 15 1 2 51% 48780 2498 43%
c 
c  seconds    reductions      conflicts         size   tier2      variables
c          MB       restarts         redundant     glue   trail        remaining
c           level          rate           size/glue  tier1  irredundant
c 
c t 353.61 40 19 182 129852  1 5080117 72292 1.4 20 15 1 2 51% 48779 2498 43%
c s 353.74 40 19 182 129852  1 5080117 72248 1.4 20 15 1 2 51% 48779 2498 43%
c ^ 353.74 40 19 182 129852  1 5080117 72248 1.4 20 15 1 2 51% 48779 2498 43%
c - 355.91 40 18 183 129853  1 5117385 59072 1.3 20 15 1 2 51% 48779 2498 43%
c p 355.93 40 18 183 129853  1 5117385 59165 1.3 20 15 1 2 51% 48779 2498 43%
c u 356.00 40 18 183 129853  1 5117385 58930 1.3 20 15 1 2 51% 48779 2498 43%
c v 356.00 40 18 183 129853  1 5117385 58930 1.3 20 15 1 2 51% 48779 2498 43%
c w 356.01 40 18 183 129853  1 5117385 58929 1.3 20 15 1 2 51% 48779 2498 43%
c B 357.79 40 18 183 129854  1 5151222 82958 1.4 20 14 1 2 51% 48779 2498 43%
c - 359.22 40 17 184 129854  1 5173940 59490 1.4 19 14 1 2 51% 48779 2498 43%
c p 359.23 40 17 184 129854  1 5173940 59586 1.4 19 14 1 2 51% 48779 2498 43%
c u 359.30 40 17 184 129854  1 5173940 59352 1.4 19 14 1 2 51% 48779 2498 43%
c v 359.32 40 17 184 129854  1 5173940 59289 1.4 19 14 1 2 51% 48779 2498 43%
c w 359.32 40 17 184 129854  1 5173940 59289 1.4 19 14 1 2 51% 48779 2498 43%
c ] 361.35 40 16 184 129869  1 5214448 86000 1.4 19 13 1 2 52% 48779 2498 43%
c { 361.35 40 16 184 129869  2 5214448 86000 1.7 16 10 1 2 57% 48779 2498 43%
c - 362.75 40 16 185 130799  2 5230805 60758 1.7 17 10 1 2 57% 48779 2498 43%
c p 362.77 40 16 185 130799  2 5230805 60848 1.7 17 10 1 2 57% 48779 2498 43%
c u 362.84 40 16 185 130799  2 5230805 60612 1.7 17 10 1 2 57% 48779 2498 43%
c v 362.87 40 16 185 130799  2 5230805 60568 1.7 17 10 1 2 57% 48779 2498 43%
c 
c  seconds    reductions      conflicts         size   tier2      variables
c          MB       restarts         redundant     glue   trail        remaining
c           level          rate           size/glue  tier1  irredundant
c 
c t 362.88 40 16 185 130799  2 5230805 60567 1.7 17 10 1 2 57% 48779 2498 43%
c B 364.38 40 16 185 132130  2 5253223 77565 1.7 17 10 1 2 57% 48779 2498 43%
c - 367.17 40 16 186 134032  2 5287984 64550 1.7 17 10 1 2 57% 48779 2498 43%
c p 367.18 40 16 186 134032  2 5287984 64640 1.7 17 10 1 2 57% 48779 2498 43%
c u 367.26 40 16 186 134032  2 5287984 64383 1.7 17 10 1 2 57% 48779 2498 43%
c v 367.30 40 16 186 134032  2 5287984 64333 1.7 17 10 1 2 57% 48779 2498 43%
c - 371.66 40 17 187 137251  2 5345475 66799 1.7 17 10 1 2 57% 48779 2498 43%
c p 371.68 40 17 187 137251  2 5345475 66888 1.7 17 10 1 2 57% 48779 2498 43%
c u 371.77 40 17 187 137251  2 5345475 66578 1.7 17 10 1 2 57% 48779 2498 43%
c v 371.81 40 17 187 137251  2 5345475 66531 1.7 17 10 1 2 57% 48779 2498 43%
c W 373.34 40 16 187 137829  2 5356228 74201 1.7 17 10 1 2 57% 48779 2498 43%
c s 375.29 40 16 187 139271  2 5380240 91787 1.7 17 10 1 2 57% 48778 2498 43%
c t 375.30 40 16 187 139271  2 5380240 91786 1.7 17 10 1 2 57% 48777 2498 43%
c e 375.33 40 16 187 139271  2 5380240 79266 1.7 17 10 1 2 57% 49391 2386 41%
c s 375.50 40 16 187 139271  2 5380240 79151 1.7 17 10 1 2 57% 49246 2386 41%
c e 375.51 40 16 187 139271  2 5380240 78909 1.7 17 10 1 2 57% 49277 2381 41%
c - 377.37 41 16 188 140453  2 5403275 61483 1.7 17 10 1 2 56% 49277 2381 41%
c p 377.39 41 16 188 140453  2 5403275 61562 1.7 17 10 1 2 56% 49277 2381 41%
c u 377.48 41 16 188 140453  2 5403275 61461 1.7 17 10 1 2 56% 49277 2381 41%
c v 377.52 41 16 188 140453  2 5403275 61394 1.7 17 10 1 2 56% 49277 2381 41%
c 
c  seconds    reductions      conflicts         size   tier2      variables
c          MB       restarts         redundant     glue   trail        remaining
c           level          rate           size/glue  tier1  irredundant
c 
c t 377.52 41 16 188 140453  2 5403275 61393 1.7 17 10 1 2 56% 49275 2381 41%
c # 381.43 41 16 188 143315  2 5460230 103006 1.7 16 10 1 2 55% 49275 2381 41%
c - 381.56 41 16 189 143370  2 5461387 64344 1.7 16 10 1 2 55% 49275 2381 41%
c p 381.57 41 16 189 143370  2 5461387 64422 1.7 16 10 1 2 55% 49275 2381 41%
c u 381.63 41 16 189 143370  2 5461387 64248 1.7 16 10 1 2 55% 49275 2381 41%
c v 381.65 41 16 189 143370  2 5461387 64220 1.7 16 10 1 2 55% 49275 2381 41%
c w 381.65 41 16 189 143370  2 5461387 64220 1.7 16 10 1 2 55% 49275 2381 41%
c x 381.69 41 16 189 143370  2 5461387 64220 1.7 16 10 1 2 55% 49274 2381 41%
c t 381.69 41 16 189 143370  2 5461387 64219 1.7 16 10 1 2 55% 49274 2381 41%
c - 386.14 41 16 190 146575  2 5519814 65542 1.7 16 10 1 2 54% 49274 2381 41%
c p 386.16 41 16 190 146575  2 5519814 65625 1.7 16 10 1 2 54% 49274 2381 41%
c u 386.24 41 16 190 146575  2 5519814 65392 1.7 16 10 1 2 54% 49274 2381 41%
c v 386.28 41 16 190 146575  2 5519814 65320 1.7 16 10 1 2 54% 49274 2381 41%
c w 386.28 41 16 190 146575  2 5519814 65320 1.7 16 10 1 2 54% 49274 2381 41%
c B 389.79 41 16 190 149145  2 5565231 98288 1.7 16 10 1 2 54% 49274 2381 41%
c - 391.27 42 16 191 150275  2 5578549 66713 1.7 16 10 1 2 54% 49274 2381 41%
c p 391.28 42 16 191 150275  2 5578549 66795 1.7 16 10 1 2 54% 49274 2381 41%
c u 391.38 42 16 191 150275  2 5578549 66644 1.7 16 10 1 2 54% 49274 2381 41%
c v 391.42 42 16 191 150275  2 5578549 66586 1.7 16 10 1 2 54% 49274 2381 41%
c w 391.42 42 16 191 150275  2 5578549 66586 1.7 16 10 1 2 54% 49274 2381 41%
c 
c  seconds    reductions      conflicts         size   tier2      variables
c          MB       restarts         redundant     glue   trail        remaining
c           level          rate           size/glue  tier1  irredundant
c 
c } 391.64 42 16 191 150525  2 5581547 68782 1.7 16 10 1 2 54% 49274 2381 41%
c [ 391.64 42 16 191 150525  1 5581547 68782 1.4 19 13 1 2 52% 49274 2381 41%
c - 394.53 42 15 192 150542  1 5637597 63625 1.4 18 12 1 2 50% 49274 2381 41%
c p 394.54 42 15 192 150542  1 5637597 63705 1.4 18 12 1 2 50% 49274 2381 41%
c u 394.62 42 15 192 150542  1 5637597 63573 1.4 18 12 1 2 50% 49274 2381 41%
c v 394.66 42 15 192 150542  1 5637597 63471 1.4 18 12 1 2 50% 49274 2381 41%
c W 397.09 42 17 192 150558  1 5671233 87957 1.4 19 14 1 2 49% 49274 2381 41%
c s 398.61 42 18 192 150571  1 5694974 104485 1.4 19 14 1 2 49% 49240 2381 41%
c s 398.80 42 18 192 150571  1 5694974 104401 1.4 19 14 1 2 49% 49240 2381 41%
c - 399.01 42 18 193 150571  1 5696956 63009 1.4 20 14 1 2 49% 49240 2381 41%
c p 399.02 42 18 193 150571  1 5696956 63083 1.4 20 14 1 2 49% 49240 2381 41%
c u 399.25 42 18 193 150571  1 5696956 62929 1.4 20 14 1 2 49% 49240 2381 41%
c v 399.28 42 18 193 150571  1 5696956 62836 1.4 20 14 1 2 49% 49240 2381 41%
c w 399.28 42 18 193 150571  1 5696956 62836 1.4 20 14 1 2 49% 49240 2381 41%
c - 402.44 42 18 194 150577  1 5756626 61637 1.4 20 15 1 2 48% 49240 2381 41%
c p 402.45 42 18 194 150577  1 5756626 61720 1.4 20 15 1 2 48% 49240 2381 41%
c u 402.55 42 18 194 150577  1 5756626 61535 1.4 20 15 1 2 48% 49240 2381 41%
c v 402.55 42 18 194 150577  1 5756626 61535 1.4 20 15 1 2 48% 49240 2381 41%
c w 402.55 42 18 194 150577  1 5756626 61535 1.4 20 15 1 2 48% 49240 2381 41%
c I 403.60 42 18 194 150588  1 5778234 76061 1.4 20 15 1 2 48% 49240 2381 41%
c 
c  seconds    reductions      conflicts         size   tier2      variables
c          MB       restarts         redundant     glue   trail        remaining
c           level          rate           size/glue  tier1  irredundant
c 
c - 405.69 42 19 195 150603  1 5816609 60739 1.3 20 15 1 2 47% 49240 2381 41%
c p 405.71 42 19 195 150603  1 5816609 60813 1.3 20 15 1 2 47% 49240 2381 41%
c u 405.79 42 19 195 150603  1 5816609 60600 1.3 20 15 1 2 47% 49240 2381 41%
c w 405.79 42 19 195 150603  1 5816609 60600 1.3 20 15 1 2 47% 49240 2381 41%
c - 408.94 42 19 196 150626  1 5876903 60674 1.3 20 15 1 2 47% 49240 2381 41%
c p 408.95 42 19 196 150626  1 5876903 60748 1.3 20 15 1 2 47% 49240 2381 41%
c u 409.03 42 19 196 150626  1 5876903 60616 1.3 20 15 1 2 47% 49240 2381 41%
c w 409.03 42 19 196 150626  1 5876903 60616 1.3 20 15 1 2 47% 49240 2381 41%
c B 409.45 42 19 196 150631  1 5886235 67240 1.3 20 15 1 2 47% 49240 2381 41%
c - 412.20 42 19 197 150636  1 5937508 60710 1.3 20 15 1 2 47% 49240 2381 41%
c p 412.21 42 19 197 150636  1 5937508 60777 1.3 20 15 1 2 47% 49240 2381 41%
c u 412.27 42 19 197 150636  1 5937508 60653 1.3 20 15 1 2 47% 49240 2381 41%
c v 412.27 42 19 197 150636  1 5937508 60652 1.3 20 15 1 2 47% 49240 2381 41%
c x 412.31 42 19 197 150636  1 5937508 60652 1.3 20 15 1 2 47% 49240 2381 41%
c t 412.32 42 19 197 150636  1 5937508 60651 1.3 20 15 1 2 47% 49240 2381 41%
c W 415.90 42 19 197 150637  1 5995236 100354 1.4 20 15 1 2 48% 49240 2381 41%
c - 416.13 42 19 198 150637  1 5998425 61801 1.4 20 15 1 2 48% 49240 2381 41%
c p 416.15 42 19 198 150637  1 5998425 61880 1.4 20 15 1 2 48% 49240 2381 41%
c u 416.21 42 19 198 150637  1 5998425 61712 1.4 20 15 1 2 48% 49240 2381 41%
c v 416.24 42 19 198 150637  1 5998425 61670 1.4 20 15 1 2 48% 49240 2381 41%
c 
c  seconds    reductions      conflicts         size   tier2      variables
c          MB       restarts         redundant     glue   trail        remaining
c           level          rate           size/glue  tier1  irredundant
c 
c w 416.24 42 19 198 150637  1 5998425 61670 1.4 20 15 1 2 48% 49240 2381 41%
c s 417.29 42 19 198 150638  1 6018371 75227 1.4 20 15 1 2 48% 49240 2381 41%
c s 417.46 42 19 198 150638  1 6018371 75199 1.4 20 15 1 2 48% 49240 2381 41%
c ^ 417.46 42 19 198 150638  1 6018371 75199 1.4 20 15 1 2 48% 49240 2381 41%
c ] 417.92 42 19 198 150638  1 6027237 81863 1.4 20 15 1 2 48% 49240 2381 41%
c { 417.92 42 16 198 150638  2 6027237 81863 1.7 16 10 1 2 54% 49240 2381 41%
c - 420.44 42 16 199 152163  2 6059656 64542 1.7 16 10 1 2 54% 49240 2381 41%
c p 420.45 42 16 199 152163  2 6059656 64623 1.7 16 10 1 2 54% 49240 2381 41%
c u 420.53 42 16 199 152163  2 6059656 64544 1.7 16 10 1 2 54% 49240 2381 41%
c v 420.58 42 16 199 152163  2 6059656 64492 1.7 16 10 1 2 54% 49240 2381 41%
c w 420.58 42 16 199 152163  2 6059656 64492 1.7 16 10 1 2 54% 49240 2381 41%
c t 420.58 42 16 199 152163  2 6059656 64491 1.7 16 10 1 2 54% 49240 2381 41%
c W 423.82 42 16 199 154441  2 6105237 98376 1.7 16 10 1 2 54% 49240 2381 41%
c - 425.42 42 16 200 155443  2 6121196 67661 1.7 16 10 1 2 54% 49240 2381 41%
c p 425.44 42 16 200 155443  2 6121196 67739 1.7 16 10 1 2 54% 49240 2381 41%
c u 425.51 42 16 200 155443  2 6121196 67427 1.7 16 10 1 2 54% 49240 2381 41%
c v 425.55 42 16 200 155443  2 6121196 67362 1.7 16 10 1 2 54% 49240 2381 41%
c w 425.55 42 16 200 155443  2 6121196 67362 1.7 16 10 1 2 54% 49240 2381 41%
c t 425.56 42 16 200 155443  2 6121196 67360 1.7 16 10 1 2 54% 49240 2381 41%
c - 430.34 43 16 201 159029  2 6183048 68744 1.7 16 10 1 2 53% 49240 2381 41%
c 
c  seconds    reductions      conflicts         size   tier2      variables
c          MB       restarts         redundant     glue   trail        remaining
c           level          rate           size/glue  tier1  irredundant
c 
c p 430.35 43 16 201 159029  2 6183048 68827 1.7 16 10 1 2 53% 49240 2381 41%
c u 430.45 43 16 201 159029  2 6183048 68699 1.7 16 10 1 2 53% 49240 2381 41%
c v 430.49 43 16 201 159029  2 6183048 68634 1.7 16 10 1 2 53% 49240 2381 41%
c F 432.91 43 16 201 160800  2 6216239 91837 1.7 16 10 1 2 53% 49240 2381 41%
c - 435.35 43 16 202 162263  2 6245212 69748 1.7 16 9 1 2 53% 49240 2381 41%
c p 435.37 43 16 202 162263  2 6245212 69823 1.7 16 9 1 2 53% 49240 2381 41%
c u 435.45 43 16 202 162263  2 6245212 69608 1.7 16 9 1 2 53% 49240 2381 41%
c v 435.49 43 16 202 162263  2 6245212 69533 1.7 16 9 1 2 53% 49240 2381 41%
c w 435.49 43 16 202 162263  2 6245212 69533 1.7 16 9 1 2 53% 49240 2381 41%
c - 440.65 43 15 203 165740  2 6307688 70762 1.7 16 9 1 2 53% 49240 2381 41%
c p 440.67 43 15 203 165740  2 6307688 70846 1.7 16 9 1 2 53% 49240 2381 41%
c u 440.79 43 15 203 165740  2 6307688 70638 1.7 16 9 1 2 53% 49240 2381 41%
c v 440.84 43 15 203 165740  2 6307688 70566 1.7 16 9 1 2 53% 49240 2381 41%
c w 440.84 43 15 203 165740  2 6307688 70566 1.7 16 9 1 2 53% 49240 2381 41%
c t 440.84 43 15 203 165740  2 6307688 70565 1.7 16 9 1 2 53% 49240 2381 41%
c B 442.21 43 15 203 166656  2 6328240 84648 1.7 16 9 1 2 53% 49240 2381 41%
c s 444.51 43 15 203 168342  2 6350510 100125 1.7 16 9 1 2 53% 49240 2381 41%
c t 444.52 43 15 203 168342  2 6350510 100123 1.7 16 9 1 2 53% 49240 2381 41%
c e 444.55 43 15 203 168342  2 6350510 91977 1.7 16 9 1 2 53% 49805 2328 40%
c s 444.81 43 15 203 168342  2 6350510 91864 1.7 16 9 1 2 53% 49629 2328 40%
c 
c  seconds    reductions      conflicts         size  tier2      variables
c          MB       restarts         redundant     glue  trail        remaining
c           level          rate           size/glue tier1  irredundant
c 
c e 444.82 43 15 203 168342  2 6350510 91578 1.7 16 9 1 2 53% 49734 2321 40%
c - 446.55 43 15 204 169371  2 6370477 67140 1.7 16 9 1 2 53% 49734 2321 40%
c p 446.57 43 15 204 169371  2 6370477 67205 1.7 16 9 1 2 53% 49734 2321 40%
c u 446.68 43 15 204 169371  2 6370477 66973 1.7 16 9 1 2 53% 49734 2321 40%
c v 446.72 43 15 204 169371  2 6370477 66879 1.7 16 9 1 2 53% 49734 2321 40%
c w 446.72 43 15 204 169371  2 6370477 66879 1.7 16 9 1 2 53% 49734 2321 40%
c t 446.72 43 15 204 169371  2 6370477 66879 1.7 16 9 1 2 53% 49728 2321 40%
c } 451.10 43 16 204 172844  2 6426713 107489 1.7 16 9 1 2 52% 49728 2321 40%
c [ 451.10 43 19 204 172844  1 6426713 107489 1.4 20 15 1 2 48% 49728 2321 40%
c - 451.59 43 19 205 172844  1 6433577 69445 1.4 20 15 1 2 48% 49728 2321 40%
c p 451.61 43 19 205 172844  1 6433577 69509 1.4 20 15 1 2 48% 49728 2321 40%
c u 451.73 43 19 205 172844  1 6433577 69365 1.4 20 15 1 2 48% 49728 2321 40%
c v 451.78 43 19 205 172844  1 6433577 69301 1.4 20 15 1 2 48% 49728 2321 40%
c w 451.79 43 19 205 172844  1 6433577 69301 1.4 20 15 1 2 48% 49728 2321 40%
c O 452.16 43 19 205 172844  1 6441242 75081 1.4 20 15 1 2 48% 49728 2321 40%
c - 455.47 43 18 206 172844  1 6496989 68654 1.4 19 14 1 2 48% 49728 2321 40%
c p 455.49 43 18 206 172844  1 6496989 68712 1.4 19 14 1 2 48% 49728 2321 40%
c u 455.56 43 18 206 172844  1 6496989 68633 1.4 19 14 1 2 48% 49728 2321 40%
c v 455.59 43 18 206 172844  1 6496989 68596 1.4 19 14 1 2 48% 49728 2321 40%
c w 455.59 43 18 206 172844  1 6496989 68596 1.4 19 14 1 2 48% 49728 2321 40%
c 
c  seconds    reductions      conflicts         size   tier2      variables
c          MB       restarts         redundant     glue   trail        remaining
c           level          rate           size/glue  tier1  irredundant
c 
c x 455.66 43 18 206 172844  1 6496989 68596 1.4 19 14 1 2 48% 49728 2321 40%
c t 455.66 43 18 206 172844  1 6496989 68595 1.4 19 14 1 2 48% 49728 2321 40%
c B 459.02 43 18 206 172850  1 6555244 110727 1.4 20 14 1 2 48% 49728 2321 40%
c - 459.41 43 18 207 172851  1 6560713 66834 1.4 20 14 1 2 48% 49728 2321 40%
c p 459.43 43 18 207 172851  1 6560713 66886 1.4 20 14 1 2 48% 49728 2321 40%
c u 459.53 43 18 207 172851  1 6560713 66689 1.4 20 14 1 2 48% 49728 2321 40%
c v 459.57 43 18 207 172851  1 6560713 66589 1.4 20 14 1 2 48% 49728 2321 40%
c w 459.57 43 18 207 172851  1 6560713 66589 1.4 20 14 1 2 48% 49728 2321 40%
c - 463.29 43 18 208 172875  1 6624747 65719 1.4 20 15 1 2 47% 49728 2321 40%
c p 463.31 43 18 208 172875  1 6624747 65780 1.4 20 15 1 2 47% 49728 2321 40%
c u 463.40 43 18 208 172875  1 6624747 65634 1.4 20 15 1 2 47% 49728 2321 40%
c v 463.45 43 18 208 172875  1 6624747 65503 1.4 20 15 1 2 47% 49728 2321 40%
c w 463.45 43 18 208 172875  1 6624747 65503 1.4 20 15 1 2 47% 49728 2321 40%
c t 463.45 43 18 208 172875  1 6624747 65502 1.4 20 15 1 2 47% 49728 2321 40%
c W 467.20 43 19 208 172895  1 6670245 95992 1.4 20 15 1 2 47% 49728 2321 40%
c - 468.45 43 19 209 172904  1 6689094 65443 1.4 21 15 1 2 47% 49728 2321 40%
c p 468.47 43 19 209 172904  1 6689094 65506 1.4 21 15 1 2 47% 49728 2321 40%
c u 468.57 43 19 209 172904  1 6689094 65388 1.4 21 15 1 2 47% 49728 2321 40%
c w 468.58 43 19 209 172904  1 6689094 65374 1.4 21 15 1 2 47% 49728 2321 40%
c t 468.58 43 19 209 172904  1 6689094 65372 1.4 21 15 1 2 47% 49728 2321 40%
c 
c  seconds    reductions      conflicts         size   tier2      variables
c          MB       restarts         redundant     glue   trail        remaining
c           level          rate           size/glue  tier1  irredundant
c 
c s 469.09 43 19 209 172905  1 6695381 69381 1.4 20 15 1 2 47% 49558 2321 40%
c e 469.10 43 19 209 172905  1 6695381 69329 1.4 20 15 1 2 47% 49573 2320 40%
c s 469.30 43 19 209 172905  1 6695381 69285 1.4 20 15 1 2 47% 49567 2320 40%
c - 472.63 43 18 210 172913  1 6753752 64694 1.3 20 15 1 2 46% 49567 2320 40%
c p 472.65 43 18 210 172913  1 6753752 64754 1.3 20 15 1 2 46% 49567 2320 40%
c u 472.73 43 18 210 172913  1 6753752 64644 1.3 20 15 1 2 46% 49567 2320 40%
c v 472.73 43 18 210 172913  1 6753752 64644 1.3 20 15 1 2 46% 49567 2320 40%
c w 472.74 43 18 210 172913  1 6753752 64644 1.3 20 15 1 2 46% 49567 2320 40%
c I 474.23 43 19 210 172927  1 6786246 85940 1.3 20 15 1 2 46% 49567 2320 40%
c - 476.05 43 19 211 172938  1 6818723 65078 1.3 20 15 1 2 46% 49567 2320 40%
c p 476.07 43 19 211 172938  1 6818723 65129 1.3 20 15 1 2 46% 49567 2320 40%
c u 476.17 43 19 211 172938  1 6818723 64974 1.3 20 15 1 2 46% 49567 2320 40%
c v 476.20 43 19 211 172938  1 6818723 64881 1.3 20 15 1 2 46% 49567 2320 40%
c w 476.20 43 19 211 172938  1 6818723 64881 1.3 20 15 1 2 46% 49567 2320 40%
c - 479.73 43 19 212 172967  1 6884004 65089 1.3 20 15 1 2 46% 49567 2320 40%
c p 479.74 43 19 212 172967  1 6884004 65144 1.3 20 15 1 2 46% 49567 2320 40%
c u 480.02 43 19 212 172967  1 6884004 65040 1.3 20 15 1 2 46% 49567 2320 40%
c B 480.92 43 19 212 172969  1 6903247 78658 1.3 20 15 1 2 46% 49567 2320 40%
c ] 481.09 43 19 212 172969  1 6906753 81216 1.3 20 15 1 2 46% 49567 2320 40%
c { 481.09 43 16 212 172969  2 6906753 81216 1.7 16 9 1 2 52% 49567 2320 40%
c 
c  seconds    reductions      conflicts         size  tier2      variables
c          MB       restarts         redundant     glue  trail        remaining
c           level          rate           size/glue tier1  irredundant
c 
c - 484.60 43 15 213 175205  2 6949598 68698 1.7 16 9 1 2 52% 49567 2320 40%
c p 484.62 43 15 213 175205  2 6949598 68763 1.7 16 9 1 2 52% 49567 2320 40%
c u 484.71 43 15 213 175205  2 6949598 68636 1.7 16 9 1 2 52% 49567 2320 40%
c v 484.75 43 15 213 175205  2 6949598 68556 1.7 16 9 1 2 52% 49567 2320 40%
c t 484.75 43 15 213 175205  2 6949598 68555 1.7 16 9 1 2 52% 49567 2320 40%
c - 489.73 43 15 214 178511  2 7015504 71105 1.7 15 9 1 2 51% 49567 2320 40%
c p 489.75 43 15 214 178511  2 7015504 71171 1.7 15 9 1 2 51% 49567 2320 40%
c u 489.87 43 15 214 178511  2 7015504 70968 1.7 15 9 1 2 51% 49567 2320 40%
c v 489.91 43 15 214 178511  2 7015504 70904 1.7 15 9 1 2 51% 49567 2320 40%
c w 489.91 43 15 214 178511  2 7015504 70904 1.7 15 9 1 2 51% 49567 2320 40%
c W 491.01 43 15 214 178813  2 7021258 74776 1.7 15 9 1 2 51% 49567 2320 40%
c s 493.24 43 15 214 180321  2 7048756 93731 1.7 15 9 1 2 51% 49567 2320 40%
c t 493.25 43 15 214 180321  2 7048756 93729 1.7 15 9 1 2 51% 49567 2320 40%
c s 493.54 43 15 214 180321  2 7048756 93623 1.7 15 9 1 2 51% 49567 2320 40%
c - 496.58 43 15 215 182338  2 7081723 72245 1.7 15 9 1 2 51% 49567 2320 40%
c p 496.60 43 15 215 182338  2 7081723 72310 1.7 15 9 1 2 51% 49567 2320 40%
c u 496.72 43 15 215 182338  2 7081723 72029 1.7 15 9 1 2 51% 49567 2320 40%
c v 496.77 43 15 215 182338  2 7081723 71954 1.7 15 9 1 2 51% 49567 2320 40%
c t 496.77 43 15 215 182338  2 7081723 71953 1.7 15 9 1 2 51% 49567 2320 40%
c # 501.58 43 15 215 186097  2 7140259 112706 1.7 16 9 1 2 51% 49567 2320 40%
c 
c  seconds    reductions      conflicts         size  tier2      variables
c          MB       restarts         redundant     glue  trail        remaining
c           level          rate           size/glue tier1  irredundant
c 
c - 502.35 44 15 216 186472  2 7148251 73500 1.7 16 9 1 2 51% 49567 2320 40%
c p 502.37 44 15 216 186472  2 7148251 73568 1.7 16 9 1 2 51% 49567 2320 40%
c u 502.46 44 15 216 186472  2 7148251 73442 1.7 16 9 1 2 51% 49567 2320 40%
c v 502.49 44 15 216 186472  2 7148251 73386 1.7 16 9 1 2 51% 49567 2320 40%
c w 502.49 44 15 216 186472  2 7148251 73386 1.7 16 9 1 2 51% 49567 2320 40%
c x 502.55 44 15 216 186472  2 7148251 73386 1.7 16 9 1 2 51% 49566 2320 40%
c - 507.96 44 15 217 189997  2 7215092 74210 1.6 15 9 1 2 51% 49566 2320 40%
c p 507.97 44 15 217 189997  2 7215092 74276 1.6 15 9 1 2 51% 49566 2320 40%
c u 508.08 44 15 217 189997  2 7215092 74046 1.6 15 9 1 2 51% 49566 2320 40%
c v 508.13 44 15 217 189997  2 7215092 73962 1.6 15 9 1 2 51% 49566 2320 40%
c w 508.13 44 15 217 189997  2 7215092 73962 1.6 15 9 1 2 51% 49566 2320 40%
c t 508.13 44 15 217 189997  2 7215092 73961 1.6 15 9 1 2 51% 49566 2320 40%
c B 511.33 44 15 217 192452  2 7260262 104369 1.6 15 9 1 2 51% 49566 2320 40%
c - 513.41 44 14 218 193779  2 7282245 74828 1.6 15 9 1 2 51% 49566 2320 40%
c p 513.43 44 14 218 193779  2 7282245 74893 1.6 15 9 1 2 51% 49566 2320 40%
c u 513.53 44 14 218 193779  2 7282245 74693 1.6 15 9 1 2 51% 49566 2320 40%
c v 513.57 44 14 218 193779  2 7282245 74589 1.6 15 9 1 2 51% 49566 2320 40%
c w 513.57 44 14 218 193779  2 7282245 74589 1.6 15 9 1 2 51% 49566 2320 40%
c t 513.57 44 14 218 193779  2 7282245 74588 1.6 15 9 1 2 51% 49566 2320 40%
c } 518.23 44 14 218 197172  2 7339800 114070 1.6 15 9 1 2 50% 49566 2320 40%
c 
c  seconds    reductions      conflicts          size   tier2      variables
c          MB       restarts         redundant      glue   trail        remaining
c           level          rate            size/glue  tier1  irredundant
c 
c [ 518.23 44 19 218 197172  1 7339800 114070 1.3 20 15 1 2 46% 49566 2320 40%
c - 518.90 44 19 219 197173  1 7349710 75209 1.3 20 15 1 2 46% 49566 2320 40%
c p 518.92 44 19 219 197173  1 7349710 75262 1.3 20 15 1 2 46% 49566 2320 40%
c u 519.02 44 19 219 197173  1 7349710 75069 1.3 20 15 1 2 46% 49566 2320 40%
c v 519.06 44 19 219 197173  1 7349710 74977 1.3 20 15 1 2 46% 49566 2320 40%
c w 519.06 44 19 219 197173  1 7349710 74977 1.3 20 15 1 2 46% 49566 2320 40%
c W 521.67 44 19 219 197174  1 7381265 96259 1.3 20 15 1 2 46% 49566 2320 40%
c s 523.96 44 19 219 197174  1 7410966 114182 1.3 20 15 1 2 46% 49562 2320 40%
c s 524.25 44 19 219 197174  1 7410966 114085 1.3 20 15 1 2 46% 49562 2320 40%
c - 524.81 44 19 220 197174  1 7417486 73810 1.3 20 15 1 2 46% 49562 2320 40%
c p 524.84 44 19 220 197174  1 7417486 73868 1.3 20 15 1 2 46% 49562 2320 40%
c u 524.94 44 19 220 197174  1 7417486 73665 1.3 20 15 1 2 46% 49562 2320 40%
c v 524.99 44 19 220 197174  1 7417486 73562 1.3 20 15 1 2 46% 49562 2320 40%
c w 524.99 44 19 220 197174  1 7417486 73561 1.3 20 15 1 2 46% 49562 2320 40%
c - 529.19 44 18 221 197195  1 7485573 71672 1.3 20 15 1 2 46% 49562 2320 40%
c p 529.21 44 18 221 197195  1 7485573 71727 1.3 20 15 1 2 46% 49562 2320 40%
c u 529.31 44 18 221 197195  1 7485573 71546 1.3 20 15 1 2 46% 49562 2320 40%
c v 529.36 44 18 221 197195  1 7485573 71421 1.3 20 15 1 2 46% 49562 2320 40%
c w 529.36 44 18 221 197195  1 7485573 71421 1.3 20 15 1 2 46% 49562 2320 40%
c O 530.22 44 18 221 197204  1 7503266 82950 1.3 20 15 1 2 46% 49562 2320 40%
c 
c  seconds    reductions      conflicts         size   tier2      variables
c          MB       restarts         redundant     glue   trail        remaining
c           level          rate           size/glue  tier1  irredundant
c 
c - 533.43 44 17 222 197220  1 7553973 70464 1.4 19 14 1 2 47% 49562 2320 40%
c p 533.45 44 17 222 197220  1 7553973 70519 1.4 19 14 1 2 47% 49562 2320 40%
c u 533.54 44 17 222 197220  1 7553973 70445 1.4 19 14 1 2 47% 49562 2320 40%
c v 533.54 44 17 222 197220  1 7553973 70444 1.4 19 14 1 2 47% 49562 2320 40%
c w 533.55 44 17 222 197220  1 7553973 70444 1.4 19 14 1 2 47% 49562 2320 40%
c - 537.63 44 18 223 197237  1 7622685 70949 1.4 19 14 1 2 46% 49562 2320 40%
c p 537.65 44 18 223 197237  1 7622685 71011 1.4 19 14 1 2 46% 49562 2320 40%
c u 537.75 44 18 223 197237  1 7622685 70853 1.4 19 14 1 2 46% 49562 2320 40%
c v 537.80 44 18 223 197237  1 7622685 70767 1.4 19 14 1 2 46% 49562 2320 40%
c w 537.80 44 18 223 197237  1 7622685 70767 1.4 19 14 1 2 46% 49562 2320 40%
c t 537.80 44 18 223 197237  1 7622685 70766 1.4 19 14 1 2 46% 49562 2320 40%
c B 537.97 44 18 223 197237  1 7626270 73502 1.4 19 14 1 2 46% 49562 2320 40%
c - 542.08 44 17 224 197262  1 7691708 70217 1.4 19 13 1 2 47% 49562 2320 40%
c p 542.10 44 17 224 197262  1 7691708 70284 1.4 19 13 1 2 47% 49562 2320 40%
c u 542.22 44 17 224 197262  1 7691708 70205 1.4 19 13 1 2 47% 49562 2320 40%
c v 542.22 44 17 224 197262  1 7691708 70203 1.4 19 13 1 2 47% 49562 2320 40%
c w 542.22 44 17 224 197262  1 7691708 70202 1.4 19 13 1 2 47% 49562 2320 40%
c W 546.66 44 15 224 197282  1 7750271 104363 1.4 17 13 1 2 47% 49562 2320 40%
c - 547.39 44 16 225 197285  1 7761042 70122 1.4 18 13 1 2 47% 49562 2320 40%
c p 547.41 44 16 225 197285  1 7761042 70179 1.4 18 13 1 2 47% 49562 2320 40%
c 
c  seconds    reductions      conflicts         size   tier2      variables
c          MB       restarts         redundant     glue   trail        remaining
c           level          rate           size/glue  tier1  irredundant
c 
c u 547.50 44 16 225 197285  1 7761042 70041 1.4 18 13 1 2 47% 49562 2320 40%
c v 547.50 44 16 225 197285  1 7761042 70041 1.4 18 13 1 2 47% 49562 2320 40%
c w 547.50 44 16 225 197285  1 7761042 70041 1.4 18 13 1 2 47% 49562 2320 40%
c t 547.50 44 16 225 197285  1 7761042 70040 1.4 18 13 1 2 47% 49562 2320 40%
c s 548.83 44 17 225 197297  1 7781999 84598 1.4 18 13 1 2 47% 49562 2320 40%
c t 548.84 44 17 225 197297  1 7781999 84596 1.4 18 13 1 2 47% 49561 2320 40%
c s 549.07 44 17 225 197297  1 7781999 84577 1.4 18 13 1 2 47% 49561 2320 40%
c ] 551.35 44 17 225 197300  1 7819720 108810 1.4 19 14 1 2 46% 49561 2320 40%
c { 551.35 44 14 225 197300  2 7819720 108810 1.6 15 9 1 2 50% 49561 2320 40%
c - 552.39 44 14 226 197650  2 7830691 71729 1.7 15 9 1 2 50% 49561 2320 40%
c p 552.41 44 14 226 197650  2 7830691 71788 1.7 15 9 1 2 50% 49561 2320 40%
c u 552.51 44 14 226 197650  2 7830691 71627 1.7 15 9 1 2 50% 49561 2320 40%
c v 552.56 44 14 226 197650  2 7830691 71539 1.7 15 9 1 2 50% 49561 2320 40%
c w 552.56 44 14 226 197650  2 7830691 71539 1.7 15 9 1 2 50% 49561 2320 40%
c W 556.28 44 14 226 200289  2 7875272 101625 1.6 15 9 1 2 50% 49561 2320 40%
c - 558.83 44 14 227 202033  2 7900649 74561 1.6 15 9 1 2 50% 49561 2320 40%
c p 558.84 44 14 227 202033  2 7900649 74630 1.6 15 9 1 2 50% 49561 2320 40%
c u 558.93 44 14 227 202033  2 7900649 74527 1.6 15 9 1 2 50% 49561 2320 40%
c v 558.97 44 14 227 202033  2 7900649 74483 1.6 15 9 1 2 50% 49561 2320 40%
c w 558.97 44 14 227 202033  2 7900649 74483 1.6 15 9 1 2 50% 49561 2320 40%
c 
c  seconds    reductions      conflicts         size  tier2      variables
c          MB       restarts         redundant     glue  trail        remaining
c           level          rate           size/glue tier1  irredundant
c 
c x 559.04 44 14 227 202033  2 7900649 74482 1.6 15 9 1 2 50% 49561 2320 40%
c t 559.04 44 14 227 202033  2 7900649 74481 1.6 15 9 1 2 50% 49559 2320 40%
c - 565.14 44 15 228 206367  2 7970919 76511 1.6 15 9 1 2 50% 49559 2320 40%
c p 565.16 44 15 228 206367  2 7970919 76576 1.6 15 9 1 2 50% 49559 2320 40%
c u 565.28 44 15 228 206367  2 7970919 76428 1.6 15 9 1 2 50% 49559 2320 40%
c v 565.34 44 15 228 206367  2 7970919 76351 1.6 15 9 1 2 50% 49559 2320 40%
c w 565.34 44 15 228 206367  2 7970919 76351 1.6 15 9 1 2 50% 49559 2320 40%
c F 567.73 44 14 228 207914  2 8001273 96494 1.6 15 9 1 2 50% 49559 2320 40%
c - 571.42 44 14 229 210264  2 8041501 77606 1.6 15 9 1 2 50% 49559 2320 40%
c p 571.44 44 14 229 210264  2 8041501 77662 1.6 15 9 1 2 50% 49559 2320 40%
c u 571.55 44 14 229 210264  2 8041501 77449 1.6 15 9 1 2 50% 49559 2320 40%
c v 571.61 44 14 229 210264  2 8041501 77374 1.6 15 9 1 2 50% 49559 2320 40%
c w 571.61 44 14 229 210264  2 8041501 77374 1.6 15 9 1 2 50% 49559 2320 40%
c t 571.61 44 14 229 210264  2 8041501 77372 1.6 15 9 1 2 50% 49559 2320 40%
c - 577.65 44 14 230 214077  2 8112395 78559 1.6 15 9 1 2 50% 49559 2320 40%
c p 577.67 44 14 230 214077  2 8112395 78629 1.6 15 9 1 2 50% 49559 2320 40%
c u 577.78 44 14 230 214077  2 8112395 78422 1.6 15 9 1 2 50% 49559 2320 40%
c v 577.84 44 14 230 214077  2 8112395 78327 1.6 15 9 1 2 50% 49559 2320 40%
c t 577.84 44 14 230 214077  2 8112395 78325 1.6 15 9 1 2 50% 49559 2320 40%
c B 579.01 44 14 230 215225  2 8128275 89412 1.6 15 9 1 2 50% 49559 2320 40%
c 
c  seconds    reductions      conflicts          size  tier2      variables
c          MB       restarts         redundant      glue  trail        remaining
c           level          rate            size/glue tier1  irredundant
c 
c s 582.22 44 14 230 217207  2 8161863 111012 1.6 15 9 1 2 50% 49557 2320 40%
c e 582.24 44 14 230 217207  2 8161863 110981 1.6 15 9 1 2 50% 49572 2319 39%
c s 582.56 44 14 230 217207  2 8161863 110864 1.6 15 9 1 2 50% 49569 2319 39%
c - 584.83 46 14 231 218430  2 8183601 78915 1.6 15 9 1 2 50% 49569 2319 39%
c p 584.86 46 14 231 218430  2 8183601 78984 1.6 15 9 1 2 50% 49569 2319 39%
c u 584.97 46 14 231 218430  2 8183601 78883 1.6 15 9 1 2 50% 49569 2319 39%
c v 585.03 46 14 231 218430  2 8183601 78802 1.6 15 9 1 2 50% 49569 2319 39%
c t 585.03 46 14 231 218430  2 8183601 78800 1.6 15 9 1 2 50% 49569 2319 39%
c - 590.95 46 14 232 222460  2 8255118 79539 1.6 15 9 1 2 50% 49569 2319 39%
c p 590.97 46 14 232 222460  2 8255118 79607 1.6 15 9 1 2 50% 49569 2319 39%
c u 591.34 46 14 232 222460  2 8255118 79389 1.6 15 9 1 2 50% 49569 2319 39%
c v 591.40 46 14 232 222460  2 8255118 79300 1.6 15 9 1 2 50% 49569 2319 39%
c w 591.40 46 14 232 222460  2 8255118 79300 1.6 15 9 1 2 50% 49569 2319 39%
c t 591.40 46 14 232 222460  2 8255118 79298 1.6 15 9 1 2 50% 49569 2319 39%
c W 592.49 46 14 232 222509  2 8256277 80018 1.6 15 9 1 2 50% 49569 2319 39%
c } 594.02 46 14 232 223525  2 8277890 94105 1.6 14 9 1 2 50% 49569 2319 39%
c [ 594.02 46 17 232 223525  1 8277890 94105 1.4 19 14 1 2 46% 49569 2319 39%
c - 597.41 46 16 233 223526  1 8326947 78756 1.4 18 13 1 2 46% 49569 2319 39%
c p 597.43 46 16 233 223526  1 8326947 78827 1.4 18 13 1 2 46% 49569 2319 39%
c u 597.54 46 16 233 223526  1 8326947 78689 1.4 18 13 1 2 46% 49569 2319 39%
c 
c  seconds    reductions      conflicts         size   tier2      variables
c          MB       restarts         redundant     glue   trail        remaining
c           level          rate           size/glue  tier1  irredundant
c 
c v 597.59 46 16 233 223526  1 8326947 78594 1.4 18 13 1 2 46% 49569 2319 39%
c t 597.59 46 16 233 223526  1 8326947 78593 1.4 18 13 1 2 46% 49569 2319 39%
c I 600.99 46 16 233 223527  1 8385279 115517 1.4 18 13 1 2 46% 49569 2319 39%
c - 601.91 46 17 234 223527  1 8399089 77834 1.4 18 13 1 2 46% 49569 2319 39%
c p 601.92 46 17 234 223527  1 8399089 77895 1.4 18 13 1 2 46% 49569 2319 39%
c u 602.05 46 17 234 223527  1 8399089 77788 1.4 18 13 1 2 46% 49569 2319 39%
c v 602.11 46 17 234 223527  1 8399089 77711 1.4 18 13 1 2 46% 49569 2319 39%
c - 606.51 46 18 235 223527  1 8471542 76250 1.3 19 14 1 2 45% 49569 2319 39%
c p 606.53 46 18 235 223527  1 8471542 76319 1.3 19 14 1 2 45% 49569 2319 39%
c u 606.67 46 18 235 223527  1 8471542 76212 1.3 19 14 1 2 45% 49569 2319 39%
c t 606.68 46 18 235 223527  1 8471542 76195 1.3 19 14 1 2 45% 49569 2319 39%
c B 609.12 46 18 235 223528  1 8515280 104431 1.3 19 14 1 2 45% 49569 2319 39%
c - 611.17 46 18 236 223528  1 8544306 75551 1.4 19 14 1 2 45% 49569 2319 39%
c p 611.19 46 18 236 223528  1 8544306 75618 1.4 19 14 1 2 45% 49569 2319 39%
c u 611.30 46 18 236 223528  1 8544306 75398 1.4 19 14 1 2 45% 49569 2319 39%
c w 611.30 46 18 236 223528  1 8544306 75396 1.4 19 14 1 2 45% 49569 2319 39%
c t 611.30 46 18 236 223528  1 8544306 75394 1.4 19 14 1 2 45% 49569 2319 39%
c - 615.91 46 17 237 223528  1 8617383 75639 1.4 19 14 1 2 46% 49569 2319 39%
c p 615.93 46 17 237 223528  1 8617383 75694 1.4 19 14 1 2 46% 49569 2319 39%
c u 616.06 46 17 237 223528  1 8617383 75552 1.4 19 14 1 2 46% 49569 2319 39%
c 
c  seconds    reductions      conflicts         size   tier2      variables
c          MB       restarts         redundant     glue   trail        remaining
c           level          rate           size/glue  tier1  irredundant
c 
c v 616.07 46 17 237 223528  1 8617383 75526 1.4 19 14 1 2 46% 49569 2319 39%
c w 616.07 46 17 237 223528  1 8617383 75526 1.4 19 14 1 2 46% 49569 2319 39%
c W 618.57 46 17 237 223528  1 8646283 93307 1.4 19 14 1 2 46% 49569 2319 39%
c s 620.37 46 16 237 223528  1 8668939 106151 1.4 18 13 1 2 46% 49569 2319 39%
c s 620.64 46 16 237 223528  1 8668939 106079 1.4 18 13 1 2 46% 49569 2319 39%
c - 622.15 46 16 238 223528  1 8690771 75061 1.4 18 13 1 2 46% 49569 2319 39%
c p 622.17 46 16 238 223528  1 8690771 75130 1.4 18 13 1 2 46% 49569 2319 39%
c u 622.31 46 16 238 223528  1 8690771 75003 1.4 18 13 1 2 46% 49569 2319 39%
c v 622.31 46 16 238 223528  1 8690771 75003 1.4 18 13 1 2 46% 49569 2319 39%
c w 622.31 46 16 238 223528  1 8690771 75003 1.4 18 13 1 2 46% 49569 2319 39%
c t 622.31 46 16 238 223528  1 8690771 75002 1.4 18 13 1 2 46% 49569 2319 39%
c - 626.80 46 16 239 223529  1 8764472 75102 1.4 18 13 1 2 46% 49569 2319 39%
c p 626.82 46 16 239 223529  1 8764472 75167 1.4 18 13 1 2 46% 49569 2319 39%
c u 626.90 46 16 239 223529  1 8764472 75055 1.4 18 13 1 2 46% 49569 2319 39%
c w 626.90 46 16 239 223529  1 8764472 75055 1.4 18 13 1 2 46% 49569 2319 39%
c x 627.01 46 16 239 223529  1 8764472 75055 1.4 18 13 1 2 46% 49569 2319 39%
c t 627.01 46 16 239 223529  1 8764472 75055 1.4 18 13 1 2 46% 49566 2319 39%
c O 627.71 46 16 239 223529  1 8778284 84721 1.4 18 13 1 2 46% 49566 2319 39%
c ] 627.77 46 16 239 223529  1 8779256 85288 1.4 18 13 1 2 46% 49566 2319 39%
c { 627.77 46 14 239 223529  2 8779256 85288 1.6 14 9 1 2 50% 49566 2319 39%
c 
c  seconds    reductions      conflicts         size  tier2      variables
c          MB       restarts         redundant     glue  trail        remaining
c           level          rate           size/glue tier1  irredundant
c 
c - 633.11 46 14 240 226979  2 8838486 78742 1.6 15 9 1 2 50% 49566 2319 39%
c p 633.13 46 14 240 226979  2 8838486 78808 1.6 15 9 1 2 50% 49566 2319 39%
c u 633.24 46 14 240 226979  2 8838486 78603 1.6 15 9 1 2 50% 49566 2319 39%
c v 633.30 46 14 240 226979  2 8838486 78508 1.6 15 9 1 2 50% 49566 2319 39%
c w 633.30 46 14 240 226979  2 8838486 78508 1.6 15 9 1 2 50% 49566 2319 39%
c t 633.30 46 14 240 226979  2 8838486 78506 1.6 15 9 1 2 50% 49566 2319 39%
c # 639.53 46 14 240 231153  2 8911286 126696 1.6 14 9 1 2 50% 49566 2319 39%
c - 639.77 46 14 241 231203  2 8912811 80862 1.6 14 9 1 2 50% 49566 2319 39%
c p 639.79 46 14 241 231203  2 8912811 80927 1.6 14 9 1 2 50% 49566 2319 39%
c u 639.95 46 14 241 231203  2 8912811 80801 1.6 14 9 1 2 50% 49566 2319 39%
c v 640.02 46 14 241 231203  2 8912811 80676 1.6 14 9 1 2 50% 49566 2319 39%
c t 640.02 46 14 241 231203  2 8912811 80674 1.6 14 9 1 2 50% 49566 2319 39%
c - 646.39 46 14 242 235080  2 8987446 81953 1.6 14 9 1 2 49% 49566 2319 39%
c p 646.41 46 14 242 235080  2 8987446 82021 1.6 14 9 1 2 49% 49566 2319 39%
c u 646.52 46 14 242 235080  2 8987446 81845 1.6 14 9 1 2 49% 49566 2319 39%
c v 646.57 46 14 242 235080  2 8987446 81754 1.6 14 9 1 2 49% 49566 2319 39%
c w 646.57 46 14 242 235080  2 8987446 81754 1.6 14 9 1 2 49% 49566 2319 39%
c t 646.57 46 14 242 235080  2 8987446 81752 1.6 14 9 1 2 49% 49566 2319 39%
c B 651.02 46 13 242 238163  2 9045288 118919 1.6 14 9 1 2 49% 49566 2319 39%
c - 652.52 46 13 243 238824  2 9062393 82175 1.6 14 9 1 2 49% 49566 2319 39%
c 
c  seconds    reductions      conflicts         size  tier2      variables
c          MB       restarts         redundant     glue  trail        remaining
c           level          rate           size/glue tier1  irredundant
c 
c p 652.55 46 13 243 238824  2 9062393 82242 1.6 14 9 1 2 49% 49566 2319 39%
c u 652.68 46 13 243 238824  2 9062393 82156 1.6 14 9 1 2 49% 49566 2319 39%
c v 652.74 46 13 243 238824  2 9062393 82068 1.6 14 9 1 2 49% 49566 2319 39%
c w 652.74 46 13 243 238824  2 9062393 82068 1.6 14 9 1 2 49% 49566 2319 39%
c t 652.75 46 13 243 238824  2 9062393 82066 1.6 14 9 1 2 49% 49566 2319 39%
c s 653.40 46 13 243 239055  2 9066550 83738 1.6 14 9 1 2 49% 49559 2319 39%
c t 653.41 46 13 243 239055  2 9066550 83736 1.6 14 9 1 2 49% 49558 2319 39%
c s 653.75 46 13 243 239055  2 9066550 83650 1.6 14 9 1 2 49% 49558 2319 39%
c - 659.52 46 13 244 242856  2 9137652 82501 1.6 14 9 1 2 49% 49558 2319 39%
c p 659.54 46 13 244 242856  2 9137652 82576 1.6 14 9 1 2 49% 49558 2319 39%
c u 659.70 46 13 244 242856  2 9137652 82422 1.6 14 9 1 2 49% 49558 2319 39%
c v 659.75 46 13 244 242856  2 9137652 82293 1.6 14 9 1 2 49% 49558 2319 39%
c w 659.75 46 13 244 242856  2 9137652 82293 1.6 14 9 1 2 49% 49558 2319 39%
c t 659.76 46 13 244 242856  2 9137652 82289 1.6 14 9 1 2 49% 49558 2319 39%
c W 664.17 46 13 244 245150  2 9180289 109418 1.6 14 9 1 2 48% 49558 2319 39%
c - 667.21 46 13 245 246995  2 9213223 82973 1.6 14 9 1 2 48% 49558 2319 39%
c p 667.24 46 13 245 246995  2 9213223 83047 1.6 14 9 1 2 48% 49558 2319 39%
c u 667.32 46 13 245 246995  2 9213223 82884 1.6 14 9 1 2 48% 49558 2319 39%
c v 667.36 46 13 245 246995  2 9213223 82800 1.6 14 9 1 2 48% 49558 2319 39%
c w 667.36 46 13 245 246995  2 9213223 82800 1.6 14 9 1 2 48% 49558 2319 39%
c 
c  seconds    reductions      conflicts         size  tier2      variables
c          MB       restarts         redundant     glue  trail        remaining
c           level          rate           size/glue tier1  irredundant
c 
c x 667.44 46 13 245 246995  2 9213223 82800 1.6 14 9 1 2 48% 49557 2319 39%
c t 667.44 46 13 245 246995  2 9213223 82800 1.6 14 9 1 2 48% 49554 2319 39%
c } 672.09 46 13 245 250786  2 9270478 119568 1.6 14 9 1 2 48% 49554 2319 39%
c [ 672.09 46 16 245 250786  1 9270478 119568 1.4 18 13 1 2 46% 49554 2319 39%
c - 673.51 46 15 246 250786  1 9289107 83341 1.4 17 12 1 2 46% 49554 2319 39%
c p 673.54 46 15 246 250786  1 9289107 83406 1.4 17 12 1 2 46% 49554 2319 39%
c u 673.68 46 15 246 250786  1 9289107 83205 1.4 17 12 1 2 46% 49554 2319 39%
c v 673.74 46 15 246 250786  1 9289107 83089 1.4 17 12 1 2 46% 49554 2319 39%
c t 673.75 46 15 246 250786  1 9289107 83087 1.4 17 12 1 2 46% 49554 2319 39%
c B 675.22 46 16 246 250786  1 9316291 101993 1.4 18 13 1 2 45% 49554 2319 39%
c - 678.63 46 17 247 250786  1 9365302 83209 1.3 18 14 1 2 44% 49554 2319 39%
c p 678.65 46 17 247 250786  1 9365302 83279 1.3 18 14 1 2 44% 49554 2319 39%
c u 678.78 46 17 247 250786  1 9365302 83165 1.3 18 14 1 2 44% 49554 2319 39%
c v 678.84 46 17 247 250786  1 9365302 83044 1.3 18 14 1 2 44% 49554 2319 39%
c w 678.84 46 17 247 250786  1 9365302 83044 1.3 18 14 1 2 44% 49554 2319 39%
c t 678.84 46 17 247 250786  1 9365302 83041 1.3 18 14 1 2 44% 49554 2319 39%
c - 683.57 46 17 248 250786  1 9441808 80521 1.4 18 14 1 2 45% 49554 2319 39%
c p 683.59 46 17 248 250786  1 9441808 80588 1.4 18 14 1 2 45% 49554 2319 39%
c u 683.71 46 17 248 250786  1 9441808 80470 1.4 18 14 1 2 45% 49554 2319 39%
c w 683.71 46 17 248 250786  1 9441808 80469 1.4 18 14 1 2 45% 49554 2319 39%
c 
c  seconds    reductions      conflicts         size   tier2      variables
c          MB       restarts         redundant     glue   trail        remaining
c           level          rate           size/glue  tier1  irredundant
c 
c t 683.71 46 17 248 250786  1 9441808 80466 1.4 18 14 1 2 45% 49554 2319 39%
c W 685.01 46 17 248 250786  1 9453293 88516 1.4 18 14 1 2 45% 49554 2319 39%
c s 686.37 46 17 248 250786  1 9472965 101810 1.4 19 14 1 2 45% 49550 2319 39%
c s 686.64 46 17 248 250786  1 9472965 101754 1.4 19 14 1 2 45% 49550 2319 39%
c - 689.67 46 17 249 250786  1 9518627 81357 1.4 19 14 1 2 44% 49550 2319 39%
c p 689.70 46 17 249 250786  1 9518627 81426 1.4 19 14 1 2 44% 49550 2319 39%
c u 689.82 46 17 249 250786  1 9518627 81288 1.4 19 14 1 2 44% 49550 2319 39%
c v 689.88 46 17 249 250786  1 9518627 81214 1.4 19 14 1 2 44% 49550 2319 39%
c w 689.88 46 17 249 250786  1 9518627 81213 1.4 19 14 1 2 44% 49550 2319 39%
c t 689.88 46 17 249 250786  1 9518627 81212 1.4 19 14 1 2 44% 49550 2319 39%
c I 694.19 46 16 249 250786  1 9591294 131623 1.4 18 13 1 2 44% 49550 2319 39%
c - 694.59 46 16 250 250786  1 9595758 81037 1.4 18 13 1 2 44% 49550 2319 39%
c p 694.61 46 16 250 250786  1 9595758 81108 1.4 18 13 1 2 44% 49550 2319 39%
c u 694.74 46 16 250 250786  1 9595758 80957 1.4 18 13 1 2 44% 49550 2319 39%
c v 694.79 46 16 250 250786  1 9595758 80870 1.4 18 13 1 2 44% 49550 2319 39%
c w 694.79 46 16 250 250786  1 9595758 80870 1.4 18 13 1 2 44% 49550 2319 39%
c t 694.79 46 16 250 250786  1 9595758 80866 1.4 18 13 1 2 44% 49550 2319 39%
c - 699.42 46 16 251 250786  1 9673200 80466 1.4 18 13 1 2 44% 49550 2319 39%
c p 699.44 46 16 251 250786  1 9673200 80530 1.4 18 13 1 2 44% 49550 2319 39%
c u 699.56 46 16 251 250786  1 9673200 80413 1.4 18 13 1 2 44% 49550 2319 39%
c 
c  seconds    reductions      conflicts         size   tier2      variables
c          MB       restarts         redundant     glue   trail        remaining
c           level          rate           size/glue  tier1  irredundant
c 
c t 699.56 46 16 251 250786  1 9673200 80411 1.4 18 13 1 2 44% 49550 2319 39%
c B 702.87 46 16 251 250786  1 9730295 115788 1.4 18 13 1 2 45% 49550 2319 39%
c - 704.39 46 16 252 250786  1 9750954 80427 1.4 18 13 1 2 45% 49550 2319 39%
c p 704.41 46 16 252 250786  1 9750954 80491 1.4 18 13 1 2 45% 49550 2318 39%
c u 704.50 46 16 252 250786  1 9750954 80468 1.4 18 13 1 2 45% 49550 2318 39%
c w 704.51 46 16 252 250786  1 9750954 80467 1.4 18 13 1 2 45% 49550 2318 39%
c x 704.60 46 16 252 250786  1 9750954 80467 1.4 18 13 1 2 45% 49550 2318 39%
c t 704.60 46 16 252 250786  1 9750954 80466 1.4 18 13 1 2 45% 49550 2318 39%
c ] 706.98 46 15 252 250793  1 9791738 104547 1.4 17 13 1 2 46% 49550 2318 39%
c { 706.98 46 13 252 250793  2 9791738 104547 1.6 14 9 1 2 48% 49550 2318 39%
c - 710.18 46 13 253 252751  2 9829020 81901 1.6 14 9 1 2 48% 49544 2318 39%
c p 710.21 46 13 253 252751  2 9829020 81967 1.6 14 9 1 2 48% 49544 2318 39%
c u 710.59 46 13 253 252751  2 9829020 81846 1.6 14 9 1 2 48% 49544 2318 39%
c v 710.65 46 13 253 252751  2 9829020 81753 1.6 14 9 1 2 48% 49544 2318 39%
c t 710.65 46 13 253 252751  2 9829020 81747 1.6 14 9 1 2 48% 49544 2318 39%
c F 713.54 46 13 253 255115  2 9870297 107071 1.6 14 9 1 2 49% 49544 2318 39%
c s 715.37 46 13 253 256259  2 9888193 116269 1.6 14 9 1 2 49% 49493 2318 39%
c e 715.39 46 13 253 256259  2 9888193 116269 1.6 14 9 1 2 49% 49519 2316 39%
c s 715.69 46 13 253 256259  2 9888193 116188 1.6 14 9 1 2 49% 49517 2316 39%
c - 717.28 46 13 254 257119  2 9907399 82160 1.6 13 9 1 2 48% 49517 2316 39%
c 
c  seconds    reductions      conflicts         size  tier2      variables
c          MB       restarts         redundant     glue  trail        remaining
c           level          rate           size/glue tier1  irredundant
c 
c p 717.30 46 13 254 257119  2 9907399 82236 1.6 13 9 1 2 48% 49517 2316 39%
c u 717.42 46 13 254 257119  2 9907399 82101 1.6 13 9 1 2 48% 49517 2316 39%
c v 717.47 46 13 254 257119  2 9907399 82007 1.6 13 9 1 2 48% 49517 2316 39%
c t 717.47 46 13 254 257119  2 9907399 82000 1.6 13 9 1 2 48% 49517 2316 39%
c - 723.70 46 12 255 261771  2 9986089 83666 1.6 13 8 1 2 48% 49517 2316 39%
c p 723.72 46 12 255 261771  2 9986089 83738 1.6 13 8 1 2 48% 49517 2316 39%
c u 723.84 46 12 255 261771  2 9986089 83590 1.6 13 8 1 2 48% 49517 2316 39%
c v 723.89 46 12 255 261771  2 9986089 83487 1.6 13 8 1 2 48% 49517 2316 39%
c t 723.89 46 12 255 261771  2 9986089 83479 1.6 13 8 1 2 48% 49517 2316 39%
c B 725.58 46 12 255 263501  2 10011299 99100 1.6 13 8 1 2 48% 49517 2316 39%
c - 730.02 46 12 256 266637  2 10065090 84399 1.6 13 8 1 2 48% 49517 2316 39%
c p 730.05 46 12 256 266637  2 10065090 84476 1.6 13 8 1 2 48% 49517 2316 39%
c u 730.19 46 12 256 266637  2 10065090 84337 1.6 13 8 1 2 48% 49517 2316 39%
c v 730.24 46 12 256 266637  2 10065090 84053 1.6 13 8 1 2 48% 49517 2316 39%
c t 730.25 46 12 256 266637  2 10065090 84041 1.6 13 8 1 2 48% 49517 2316 39%
c - 736.88 46 12 257 271352  2 10144403 84822 1.6 13 8 1 2 48% 49517 2316 39%
c p 736.90 46 12 257 271352  2 10144403 85009 1.6 13 8 1 2 48% 49517 2315 39%
c u 737.03 46 12 257 271352  2 10144403 84835 1.6 13 8 1 2 48% 49516 2315 39%
c v 737.09 46 12 257 271352  2 10144403 84566 1.6 13 8 1 2 48% 49516 2315 39%
c w 737.09 46 12 257 271352  2 10144403 84566 1.6 13 8 1 2 48% 49516 2315 39%
c 
c  seconds    reductions      conflicts          size  tier2      variables
c          MB       restarts          redundant     glue  trail        remaining
c           level          rate            size/glue tier1  irredundant
c 
c t 737.09 46 12 257 271352  2 10144403 84564 1.6 13 8 1 2 48% 49516 2315 39%
c W 739.35 46 12 257 271713  2 10153300 90021 1.6 13 8 1 2 48% 49511 2315 39%
c i 741.76 46 12 257 273414  2 10190604 111710 1.6 13 8 1 2 48% 49511 2313 39%
c - 744.62 46 12 258 275390  2 10224028 84664 1.6 13 8 1 2 48% 49496 2313 39%
c p 744.65 46 12 258 275390  2 10224028 84783 1.6 13 8 1 2 48% 49496 2313 39%
c u 744.78 46 12 258 275390  2 10224028 84615 1.6 13 8 1 2 48% 49496 2313 39%
c v 744.84 46 12 258 275390  2 10224028 84251 1.6 13 8 1 2 48% 49496 2313 39%
c w 744.85 46 12 258 275390  2 10224028 84251 1.6 13 8 1 2 48% 49496 2313 39%
c t 744.85 46 12 258 275390  2 10224028 84247 1.6 13 8 1 2 48% 49496 2313 39%
c # 749.95 46 12 258 279265  2 10296302 127858 1.5 13 8 1 2 47% 49496 2313 39%
c - 750.78 46 12 259 279853  2 10303967 85323 1.6 13 8 1 2 47% 49496 2313 39%
c p 750.81 46 12 259 279853  2 10303967 85425 1.6 13 8 1 2 47% 49496 2313 39%
c u 750.95 46 12 259 279853  2 10303967 85222 1.6 13 8 1 2 47% 49496 2313 39%
c v 751.00 46 12 259 279853  2 10303967 84875 1.6 13 8 1 2 47% 49496 2313 39%
c t 751.00 46 12 259 279853  2 10303967 84864 1.6 13 8 1 2 47% 49496 2313 39%
c s 751.85 46 12 259 280092  2 10312342 85425 1.6 13 8 1 2 47% 49453 2313 39%
c e 751.86 46 12 259 280092  2 10312342 85353 1.6 13 8 1 2 47% 49467 2311 39%
c s 752.17 46 12 259 280092  2 10312342 85103 1.6 13 8 1 2 47% 49460 2311 39%
c } 753.27 46 12 259 280754  2 10330438 95414 1.6 13 8 1 2 47% 49460 2311 39%
c [ 753.27 46 15 259 280754  1 10330438 95414 1.4 17 13 1 2 46% 49460 2311 39%
c 
c  seconds    reductions      conflicts          size   tier2      variables
c          MB       restarts          redundant     glue   trail        remaining
c           level          rate            size/glue  tier1  irredundant
c 
c - 756.93 46 14 260 280777  1 10384216 82007 1.4 16 12 1 2 45% 49460 2311 39%
c p 756.95 46 14 260 280777  1 10384216 82075 1.4 16 12 1 2 45% 49460 2310 39%
c u 757.04 46 14 260 280777  1 10384216 81975 1.4 16 12 1 2 45% 49460 2310 39%
c v 757.07 46 14 260 280777  1 10384216 81909 1.4 16 12 1 2 45% 49460 2310 39%
c w 757.08 46 14 260 280777  1 10384216 81909 1.4 16 12 1 2 45% 49460 2310 39%
c x 757.14 46 14 260 280777  1 10384216 81909 1.4 16 12 1 2 45% 49460 2310 39%
c t 757.14 46 14 260 280777  1 10384216 81895 1.4 16 12 1 2 45% 49456 2310 39%
c W 761.21 37 14 260 280796  1 10440303 115103 1.4 16 11 1 2 45% 49447 2310 39%
c - 762.92 34 13 261 280808  1 10464778 82103 1.4 15 11 1 2 45% 49447 2310 39%
c p 762.95 34 13 261 280808  1 10464778 82283 1.4 15 11 1 2 45% 49447 2308 39%
c d 762.96 34 13 261 280808  1 10464778 82255 1.4 15 11 1 2 45% 49412 2307 39%
c u 763.10 34 13 261 280808  1 10464778 82106 1.4 15 11 1 2 45% 49412 2307 39%
c v 763.16 34 13 261 280808  1 10464778 81899 1.4 15 11 1 2 45% 49412 2307 39%
c t 763.16 34 13 261 280808  1 10464778 81820 1.4 15 11 1 2 45% 49412 2307 39%
c i 764.96 34 13 261 280810  1 10498997 100248 1.4 15 11 1 2 45% 49412 2076 35%
c i 765.15 38 13 261 280810  1 10502377 52128 1.4 15 11 1 2 44% 35844 1967 33%
c i 765.16 38 13 261 280810  1 10502721 52245 1.4 15 11 1 2 44% 35844 1935 33%
c i 765.16 38 13 261 280810  1 10502734 52250 1.4 15 11 1 2 44% 35844 1862 32%
c i 765.17 38 13 261 280810  1 10502983 52374 1.4 15 11 1 2 44% 35844 1753 30%
c i 765.18 38 13 261 280810  1 10503087 52410 1.4 15 11 1 2 44% 35844 1426 24%
c 
c  seconds    reductions      conflicts          size   tier2      variables
c          MB       restarts          redundant     glue   trail        remaining
c           level          rate            size/glue  tier1  irredundant
c 
c ] 765.18 38 13 261 280810  1 10503094 52413 1.4 15 11 1 2 44% 35844 1308 22%
c 0 765.18 38 13 261 280810  1 10503094 52413 1.4 15 11 1 2 44% 35844 1308 22%
c 
c --- [ closing proof ] ------------------------------------------------------
c 
c DRAT proof file 'proof/case1_direct_unary31.drat' closed
c DRAT 10636504 added clauses 49.96%
c DRAT 10655353 deleted clauses 50.04%
c DRAT 803141910 bytes (765.94 MB)
c 
c --- [ result ] -------------------------------------------------------------
c 
s UNSATISFIABLE
c 
c --- [ run-time profiling ] -------------------------------------------------
c 
c process time taken by individual solving procedures
c (percentage relative to process time for solving)
c 
c       723.71   94.59% search
c       386.99   50.58% unstable
c       313.60   40.99% stable
c        41.41    5.41% simplify
c        23.09    3.02% walk
c        21.02    2.75% vivify
c        13.59    1.78% subsume
c         2.10    0.27% sweep
c         2.07    0.27% probe
c         0.71    0.09% ternary
c         0.71    0.09% elim
c         0.23    0.03% congruence
c         0.10    0.01% backbone
c         0.06    0.01% parse
c         0.01    0.00% lucky
c   =================================
c       765.12   99.99% solve
c 
c last line shows process time for solving
c (percentage relative to total process time)
c 
c --- [ statistics ] ---------------------------------------------------------
c 
c chronological:           1378118        13.12 %  of conflicts
c conflicts:              10503094     13727.41    per second
c backbone:                2349912     40018.94 %  of vars
c decisions:              15721027     20547.19    per second
c eliminated:                 2056        35.01 %  of all variables
c fixed:                      2507        42.69 %  of all variables
c learned:                10290968        97.98 %  per conflict
c learned_lits:          322833757       100.00 %  learned literals
c minimized:                     0         0.00 %  learned literals
c shrunken:              106191011        32.89 %  learned literals
c minishrunken:           29412311         9.11 %  learned literals
c otfs:                      19472         0.19 %  of conflict
c propagations:         1937857563         2.53 M  per second
c reduced:                 7019115        66.83 %  per conflict
c rephased:                    144     72938.15    interval
c restarts:                 280810        37.40    interval
c stabilizing:                  26        52.06 %  of conflicts
c substituted:                   1         0.02 %  of all variables
c subsumed:                3069858        29.33 %  of all clauses
c strengthened:             288631         2.76 %  of all clauses
c ticks:               35669969043        19.01    propagation
c vivified:                  35612         0.34 %  of all clauses
c walked:                       47    223470.09    interval
c weakened:                   8104         3.05    average size
c 
c seconds are measured in process time for solving
c 
c --- [ glue usage ] ---------------------------------------------------------
c 
c focused glue 1 used 36787071 clauses 67.00% accumulated 67.00% tier1
c focused glue 2 used 8920957 clauses 16.24% accumulated 83.25% tier2
c 
c stable glue 1 used 41645480 clauses 64.80% accumulated 64.80% tier1
c stable glue 2 used 7970564 clauses 12.40% accumulated 77.21% tier2
c 
c 
c --- [ resources ] ----------------------------------------------------------
c 
c total process time since initialization:       765.18    seconds
c total real time since initialization:          845.36    seconds
c maximum resident set size of process:           53.70    MB
c 
c --- [ shutting down ] ------------------------------------------------------
c 
c exit 20
