c --- [ banner ] -------------------------------------------------------------
c 
c CaDiCaL SAT Solver
c Copyright (c) 2016-2026
c A. Biere, M. Fleury, N. Froleyks, K. Fazekas, F. Pollitt, T. Faller
c JKU Linz, University of Freiburg, TU Wien
c 
c Version 3.0.1
c g++-13.3.0
c Aug 19 2026 11:58:27
c 
c --- [ proof tracing ] ------------------------------------------------------
c 
c opening file to write 'proof/case0_direct_unary31.drat'
c writing binary proof trace to 'proof/case0_direct_unary31.drat'
c 
c --- [ parsing input ] ------------------------------------------------------
c 
c reading DIMACS file from 'cnf/case0_direct_unary31.cnf'
c opening file to read 'cnf/case0_direct_unary31.cnf'
c found 'p cnf 5872 109614' header
c parsed 109614 clauses in 0.07 seconds process time
c 
c --- [ options ] ------------------------------------------------------------
c 
c all options are set to their default value
c 
c --- [ solving ] ------------------------------------------------------------
c 
c time measured in process time since initialization
c 
c  seconds  reduction conflicts       size tier2       variables
c         MB    restarts   redundant    glue  trail         remaining
c          level     rate       size/glu tier1  irredundant
c 
c *  0.07 17  0 0   0  0    0    0 0.0 0 0 2 6  0% 109440 4539 77%
c )  0.08 17  0 0   0  0    0    0 0.0 0 0 2 6  0% 109440 4539 77%
c {  0.09 18  0 0   0  0    0    0 0.0 0 0 2 6  0% 109440 4539 77%
c i  0.09 18 1143 0   0 1144    1    0 0.0 1 0 2 6 94% 109440 4536 77%
c i  0.09 18 1119 0   0 164    7    5 2.4 2 1 2 6 93% 109440 4534 77%
c -  0.13 18 161 1   3  6  303   68 1.3 41 32 2 6 47% 58133 4523 77%
c -  0.17 21 98 2   6  4  739  203 1.4 34 24 2 6 63% 58133 4523 77%
c }  0.18 21 81 2   6  3 1002  403 1.5 32 22 2 6 66% 58133 4523 77%
c [  0.18 21  0 2   6  0 1002  403 0.0 0 0 2 6  0% 58133 4523 77%
c O  0.18 21  1 2   6  2 1003  404 2.0 2 1 2 6 26% 58133 4523 77%
c -  0.23 21 17 3   6  1 1418  398 3.9 39 10 2 6 79% 58133 4523 77%
c ]  0.28 21 16 3   6  1 1842  790 4.4 44 10 2 6 79% 58133 4523 77%
c {  0.29 21 81 3   6  3 1842  790 1.5 32 22 2 6 66% 58133 4523 77%
c -  0.35 21 60 4  10  3 2359  643 2.0 37 18 2 6 67% 58133 4523 77%
c t  0.40 21 57 4  10  3 2540  777 2.1 38 18 2 6 69% 58131 4523 77%
c O  0.44 21 53 4  29  3 3006 1093 2.1 37 18 2 6 70% 58131 4523 77%
c -  0.49 21 46 5  29  2 3574  823 2.0 34 17 2 6 70% 58131 4523 77%
c -  0.62 23 37 6  35  2 5071 1761 1.9 30 16 6 16 70% 58131 4523 77%
c }  0.68 23 35 6  35  2 5730 2255 1.9 30 16 6 16 70% 58131 4523 77%
c [  0.68 23 16 6  35  1 5730 2255 4.4 44 10 2 6 103% 58131 4523 77%
c 
c  seconds  reduction conflicts       size   tier2      variables
c         MB    restarts   redundant     glue   trail        remaining
c          level     rate       size/glue  tier1  irredundant
c 
c I  0.71 23 17 6  36  1 6007 2469 3.6 40 11 2 6 96% 58131 4523 77%
c -  0.76 26 28 7  36  1 6853 2602 2.3 34 15 5 10 79% 58131 4523 77%
c -  0.89 23 31 8  37  1 8923 2873 1.6 29 18 5 14 68% 58131 4523 77%
c s  0.95 23 31 8  38  1 9184 2959 1.6 29 18 5 21 67% 57808 4523 77%
c t  0.96 23 31 8  38  1 9184 2958 1.6 29 18 5 21 67% 57808 4523 77%
c e  1.01 23 31 8  38  1 9184 1327 1.6 29 18 5 21 67% 56428 2891 49%
c s  1.03 23 31 8  38  1 9184 1314 1.6 29 18 5 21 67% 56352 2891 49%
c e  1.04 23 31 8  38  1 9184 1314 1.6 29 18 5 21 67% 56352 2887 49%
c B  1.08 23 32 8  38  1 10009 1992 1.5 29 19 5 21 59% 56352 2887 49%
c u  1.12 24 32 8  39  1 10341 2174 1.5 29 19 5 21 61% 56352 2887 49%
c v  1.13 24 32 8  39  1 10341 2167 1.5 29 19 5 21 61% 56352 2887 49%
c w  1.13 24 32 8  39  1 10341 2167 1.5 29 19 5 21 61% 56352 2887 49%
c x  1.13 24 32 8  39  1 10341 2167 1.5 29 19 5 21 61% 56344 2883 49%
c ]  1.18 24 31 8  39  1 11256 2769 1.5 29 19 5 21 63% 56344 2883 49%
c {  1.18 24 35 8  39  2 11256 2769 1.9 30 16 6 16 110% 56344 2883 49%
c -  1.19 24 35 9  39  2 11284 1940 1.9 30 16 6 16 110% 56001 2883 49%
c -  1.36 24 36 10 144  2 13939 3266 1.9 30 16 6 16 91% 56001 2883 49%
c #  1.43 24 34 10 155  2 15012 4080 1.9 30 15 6 16 88% 56001 2883 49%
c -  1.61 21 33 11 179  2 16891 4800 1.9 29 15 6 16 85% 56001 2883 49%
c -  1.86 22 30 12 202  2 20140 6376 2.0 29 14 6 16 82% 56001 2883 49%
c 
c  seconds  reductions  conflicts       size   tier2       variables
c         MB     restarts    redundant     glue    trail        remaining
c          level      rate        size/glue  tier1   irredundant
c 
c }  1.91 22 30 12 202  2 20937 6996 2.1 29 14 6 16 81% 56001 2883 49%
c [  1.91 22 31 12 202  1 20937 6996 1.5 29 19 5 21 63% 56001 2883 49%
c W  1.96 22 31 12 203  1 21013 7052 1.5 29 19 5 21 64% 56001 2883 49%
c u  2.02 22 34 12 203  1 21957 7771 1.5 31 20 6 26 64% 56001 2883 49%
c v  2.03 22 34 12 203  1 21957 7762 1.5 31 20 6 26 64% 56001 2883 49%
c w  2.03 22 34 12 203  1 21957 7757 1.5 31 20 6 26 64% 56001 2883 49%
c x  2.04 22 34 12 203  1 21957 7756 1.5 31 20 6 26 64% 55996 2883 49%
c -  2.16 22 33 13 204  1 23687 7166 1.6 32 20 6 26 64% 55996 2883 49%
c k  2.24 22 34 13 204  1 25035 8272 1.6 33 21 6 26 64% 55996 2876 49%
c s  2.37 23 34 13 204  1 26333 9138 1.6 34 21 6 26 64% 55609 2876 49%
c e  2.39 23 34 13 204  1 26333 9138 1.6 34 21 6 26 64% 55575 2868 49%
c s  2.43 23 34 13 204  1 26333 9073 1.6 34 21 6 26 64% 55572 2868 49%
c -  2.53 22 34 14 205  1 27534 7215 1.6 34 21 6 26 64% 55572 2868 49%
c O  2.57 22 34 14 205  1 28015 7577 1.6 35 21 6 26 65% 55572 2868 49%
c -  2.86 21 34 15 208  1 31682 7590 1.6 36 22 6 26 66% 55572 2868 49%
c ]  2.88 21 34 15 208  1 31803 7691 1.6 36 22 6 26 66% 55572 2868 49%
c {  2.88 21 30 15 208  2 31803 7691 2.1 29 14 6 16 81% 55572 2868 49%
c B  3.15 21 29 15 323  2 36022 11201 2.1 29 14 6 16 78% 55572 2868 49%
c -  3.18 24 29 16 341  2 36133 9227 2.1 29 14 6 16 78% 55572 2868 49%
c u  3.20 24 29 16 341  2 36133 9115 2.1 29 14 6 16 78% 55572 2868 49%
c 
c  seconds  reductions  conflicts       size   tier2       variables
c         MB     restarts    redundant     glue    trail        remaining
c          level      rate        size/glue  tier1   irredundant
c 
c v  3.21 24 29 16 341  2 36133 9106 2.1 29 14 6 16 78% 55572 2868 49%
c w  3.22 24 29 16 341  2 36133 9102 2.1 29 14 6 16 78% 55572 2868 49%
c i  3.52 24 28 16 415  2 39984 12312 2.2 29 13 4 10 76% 55572 2851 49%
c -  3.60 21 28 17 431  2 40886 8481 2.1 28 13 4 10 76% 55497 2846 48%
c p  3.60 21 28 17 431  2 40886 8481 2.1 28 13 4 10 76% 55497 2846 48%
c W  3.90 21 27 17 547  2 45023 12013 2.2 29 13 4 10 74% 55497 2846 48%
c -  3.97 23 27 18 556  2 45941 9215 2.2 29 13 4 10 74% 55497 2846 48%
c p  3.97 23 27 18 556  2 45941 9343 2.2 29 13 4 10 74% 55497 2843 48%
c }  4.18 23 27 18 623  2 48602 11602 2.2 29 13 4 10 73% 55497 2843 48%
c [  4.18 23 34 18 623  1 48602 11602 1.6 36 22 6 26 66% 55497 2843 48%
c -  4.40 26 33 19 625  1 51300 9879 1.7 35 21 6 26 67% 55243 2843 48%
c p  4.40 26 33 19 625  1 51300 10064 1.7 35 21 6 26 67% 55243 2838 48%
c u  4.45 26 33 19 625  1 51300 9976 1.7 35 21 6 26 67% 54821 2838 48%
c v  4.46 26 33 19 625  1 51300 9969 1.7 35 21 6 26 67% 54821 2838 48%
c w  4.46 26 33 19 625  1 51300 9968 1.7 35 21 6 26 67% 54821 2838 48%
c x  4.47 26 33 19 625  1 51300 9967 1.7 35 21 6 26 67% 54814 2838 48%
c s  4.57 26 33 19 625  1 51992 10315 1.7 35 21 6 26 68% 54414 2838 48%
c e  4.58 26 33 19 625  1 51992 10263 1.7 35 21 6 26 68% 54392 2822 48%
c s  4.62 26 33 19 625  1 51992 10230 1.7 35 21 6 26 68% 54371 2822 48%
c e  4.63 26 33 19 625  1 51992 10230 1.7 35 21 6 26 68% 54368 2819 48%
c 
c  seconds  reductions  conflicts        size   tier2       variables
c         MB     restarts     redundant     glue    trail        remaining
c          level      rate         size/glue  tier1   irredundant
c 
c B  4.82 26 31 19 626  1 55024 12792 1.7 34 20 6 26 68% 54368 2819 48%
c -  4.95 26 30 20 627  1 56962 9873 1.7 33 19 6 26 69% 54368 2819 48%
c p  4.96 26 30 20 627  1 56962 9875 1.7 33 19 6 26 69% 54368 2819 48%
c -  5.42 26 28 21 627  1 62928 10279 1.7 32 19 6 26 70% 54368 2819 48%
c p  5.43 26 28 21 627  1 62928 10469 1.7 32 19 6 26 70% 54368 2812 48%
c u  5.45 26 28 21 627  1 62928 10394 1.7 32 19 6 26 70% 54368 2812 48%
c v  5.45 26 28 21 627  1 62928 10368 1.7 32 19 6 26 70% 54368 2812 48%
c w  5.46 26 28 21 627  1 62928 10368 1.7 32 19 6 26 70% 54368 2812 48%
c ]  5.62 26 28 21 628  1 64975 11741 1.7 32 19 6 26 70% 54368 2812 48%
c {  5.62 26 27 21 628  2 64975 11741 2.2 29 13 4 10 73% 54368 2812 48%
c F  5.70 26 27 21 644  2 66026 12633 2.2 28 13 4 10 73% 54368 2812 48%
c -  5.93 27 26 22 658  2 69199 11367 2.2 28 13 4 10 73% 54346 2812 48%
c p  5.93 27 26 22 658  2 69199 11405 2.2 28 13 4 10 73% 54346 2811 48%
c -  6.33 27 24 23 700  2 75775 12862 2.1 26 12 4 9 72% 54343 2811 48%
c p  6.33 27 24 23 700  2 75775 12862 2.1 26 12 4 9 72% 54343 2811 48%
c u  6.35 27 24 23 700  2 75775 12793 2.1 26 12 4 9 72% 54343 2811 48%
c v  6.36 27 24 23 700  2 75775 12783 2.1 26 12 4 9 72% 54343 2811 48%
c w  6.37 27 24 23 700  2 75775 12779 2.1 26 12 4 9 72% 54343 2811 48%
c B  6.53 27 24 23 725  2 78027 14654 2.1 26 12 4 9 72% 54343 2811 48%
c -  6.84 27 23 24 773  2 82659 14015 2.1 25 12 4 9 72% 54343 2811 48%
c 
c  seconds  reductions  conflicts        size   tier2      variables
c         MB     restarts     redundant     glue   trail        remaining
c          level      rate         size/glue  tier1  irredundant
c 
c s  7.09 27 23 24 778  2 86149 16203 2.1 25 12 4 9 72% 54153 2811 48%
c e  7.10 27 23 24 778  2 86149 16149 2.1 25 12 4 9 72% 54142 2801 48%
c s  7.15 27 23 24 778  2 86149 16073 2.1 25 12 4 9 72% 54124 2801 48%
c e  7.16 27 23 24 778  2 86149 16073 2.1 25 12 4 9 72% 54121 2798 48%
c -  7.41 21 22 25 850  2 89847 14974 2.1 24 12 4 9 71% 54121 2798 48%
c =  7.45 21 22 25 850  2 89847 14974 2.1 24 12 4 9 71% 54118 2797 48%
c u  7.46 21 22 25 850  2 89847 14921 2.1 24 12 4 9 71% 54118 2797 48%
c v  7.47 21 22 25 850  2 89847 14916 2.1 24 12 4 9 71% 54118 2797 48%
c w  7.47 21 22 25 850  2 89847 14916 2.1 24 12 4 9 71% 54118 2797 48%
c x  7.48 21 22 25 850  2 89847 14916 2.1 24 12 4 9 71% 54116 2797 48%
c W  7.64 22 22 25 855  2 91028 15882 2.1 24 12 4 9 71% 54116 2797 48%
c }  7.74 22 22 25 926  2 92272 17001 2.0 24 12 4 9 71% 54116 2797 48%
c [  7.74 22 28 25 926  1 92272 17001 1.7 32 19 6 26 70% 54116 2797 48%
c -  8.17 22 26 26 930  1 97343 16008 1.7 31 18 6 26 71% 54116 2797 48%
c p  8.18 22 26 26 930  1 97343 16193 1.7 31 18 6 26 71% 54116 2793 48%
c W  8.82 22 24 26 933  1 105030 20588 1.6 28 17 6 26 72% 54101 2793 48%
c -  8.84 21 24 27 933  1 105143 15321 1.6 28 17 6 26 72% 54101 2793 48%
c p  8.84 21 24 27 933  1 105143 15323 1.6 28 17 6 26 72% 54101 2793 48%
c u  8.86 21 24 27 933  1 105143 15193 1.6 28 17 6 26 72% 54101 2793 48%
c v  8.88 21 24 27 933  1 105143 15171 1.6 28 17 6 26 72% 54101 2793 48%
c 
c  seconds  reductions  conflicts         size   tier2       variables
c         MB     restarts      redundant     glue    trail        remaining
c          level      rate          size/glue  tier1   irredundant
c 
c w  8.88 21 24 27 933  1 105143 15170 1.6 28 17 6 26 72% 54101 2793 48%
c t  8.88 21 24 27 933  1 105143 15169 1.6 28 17 6 26 72% 54101 2793 48%
c -  9.33 24 26 28 939  1 113249 15535 1.6 29 18 6 26 70% 54101 2793 48%
c p  9.34 24 26 28 939  1 113249 15539 1.6 29 18 6 26 70% 54101 2793 48%
c ]  9.67 24 27 28 940  1 118944 19962 1.6 30 18 6 26 69% 54101 2793 48%
c {  9.67 24 22 28 940  2 118944 19962 2.0 24 12 4 9 71% 54101 2793 48%
c #  9.76 24 22 28 993  2 120033 20916 2.1 24 12 4 9 71% 54101 2793 48%
c -  9.91 28 22 29 1030  2 121666 16302 2.1 24 12 4 9 71% 54101 2793 48%
c p  9.91 28 22 29 1030  2 121666 16508 2.1 24 12 4 9 71% 54101 2786 47%
c u  9.93 28 22 29 1030  2 121666 16411 2.1 24 12 4 9 71% 54101 2786 47%
c v  9.94 28 22 29 1030  2 121666 16406 2.1 24 12 4 9 71% 54101 2786 47%
c w  9.94 28 22 29 1030  2 121666 16401 2.1 24 12 4 9 71% 54101 2786 47%
c x  9.95 28 22 29 1030  2 121666 16401 2.1 24 12 4 9 71% 54101 2786 47%
c t  9.95 28 22 29 1030  2 121666 16400 2.1 24 12 4 9 71% 54101 2786 47%
c s 10.53 28 21 29 1165  2 128889 22281 2.1 24 11 4 9 71% 53881 2786 47%
c e 10.55 28 21 29 1165  2 128889 22256 2.1 24 11 4 9 71% 53853 2783 47%
c s 10.61 28 21 29 1165  2 128889 22177 2.1 24 11 4 9 71% 53845 2783 47%
c - 10.73 28 21 30 1204  2 130389 18562 2.1 24 11 4 9 71% 53845 2783 47%
c B 11.13 28 21 30 1271  2 136039 23398 2.1 24 11 4 9 71% 53845 2783 47%
c - 11.44 28 21 31 1324  2 139416 16259 2.2 24 11 3 5 70% 53845 2783 47%
c 
c  seconds  reductions   conflicts         size   tier2      variables
c         MB     restarts       redundant     glue   trail        remaining
c          level       rate          size/glue  tier1  irredundant
c 
c p 11.44 28 21 31 1324  2 139416 16284 2.2 24 11 3 5 70% 53845 2783 47%
c u 11.46 28 21 31 1324  2 139416 16183 2.2 24 11 3 5 70% 53845 2779 47%
c v 11.47 28 21 31 1324  2 139416 16174 2.2 24 11 3 5 70% 53845 2779 47%
c w 11.47 28 21 31 1324  2 139416 16174 2.2 24 11 3 5 70% 53845 2779 47%
c x 11.48 28 21 31 1324  2 139416 16174 2.2 24 11 3 5 70% 53843 2779 47%
c t 11.48 28 21 31 1324  2 139416 16173 2.2 24 11 3 5 70% 53843 2779 47%
c - 12.14 28 20 32 1518  2 148750 16129 2.1 23 11 3 5 70% 53829 2779 47%
c p 12.15 28 20 32 1518  2 148750 16928 2.1 23 11 3 5 70% 53829 2775 47%
c } 12.48 28 20 32 1575  2 152992 19532 2.1 23 11 3 5 70% 53816 2775 47%
c [ 12.48 28 27 32 1575  1 152992 19532 1.6 30 18 6 26 69% 53816 2775 47%
c I 12.48 28 27 32 1575  1 153041 19574 1.6 30 18 6 26 69% 53816 2775 47%
c - 12.79 28 27 33 1575  1 158392 16065 1.6 30 19 6 26 68% 53816 2775 47%
c p 12.80 28 27 33 1575  1 158392 16068 1.6 30 19 6 26 68% 53816 2775 47%
c u 12.82 28 27 33 1575  1 158392 15963 1.6 30 19 6 26 68% 53816 2775 47%
c v 12.83 28 27 33 1575  1 158392 15949 1.6 30 19 6 26 68% 53816 2775 47%
c w 12.83 28 27 33 1575  1 158392 15949 1.6 30 19 6 26 68% 53816 2775 47%
c x 12.84 28 27 33 1575  1 158392 15949 1.6 30 19 6 26 68% 53816 2775 47%
c - 13.37 28 28 34 1576  1 168341 15562 1.5 30 20 6 26 66% 53816 2775 47%
c p 13.37 28 28 34 1576  1 168341 15830 1.5 30 20 6 26 66% 53816 2773 47%
c B 13.52 28 29 34 1576  1 171042 17926 1.5 30 20 6 26 66% 53816 2773 47%
c 
c  seconds  reductions   conflicts         size   tier2       variables
c         MB     restarts       redundant     glue    trail        remaining
c          level       rate          size/glue  tier1   irredundant
c 
c - 13.99 28 30 35 1579  1 178603 15729 1.5 31 21 6 26 65% 53810 2773 47%
c p 13.99 28 30 35 1579  1 178603 15732 1.5 31 21 6 26 65% 53810 2773 47%
c u 14.01 28 30 35 1579  1 178603 15661 1.5 31 21 6 26 65% 53810 2773 47%
c v 14.02 28 30 35 1579  1 178603 15651 1.5 31 21 6 26 65% 53810 2773 47%
c w 14.03 28 30 35 1579  1 178603 15651 1.5 31 21 6 26 65% 53810 2773 47%
c x 14.04 28 30 35 1579  1 178603 15650 1.5 31 21 6 26 65% 53806 2773 47%
c s 14.19 28 30 35 1579  1 180184 16762 1.5 32 21 6 26 65% 53404 2773 47%
c e 14.20 28 30 35 1579  1 180184 16726 1.5 32 21 6 26 65% 53400 2768 47%
c s 14.25 28 30 35 1579  1 180184 16663 1.5 32 21 6 26 65% 53391 2768 47%
c - 14.98 28 31 36 1584  1 189169 15811 1.6 34 21 6 26 66% 53391 2768 47%
c p 14.99 28 31 36 1584  1 189169 15951 1.6 34 21 6 26 66% 53391 2768 47%
c t 14.99 28 31 36 1584  1 189169 15951 1.6 34 21 6 26 66% 53390 2768 47%
c W 15.20 28 31 36 1585  1 190046 16769 1.6 34 21 6 26 66% 53390 2768 47%
c ] 15.46 28 30 36 1589  1 195104 20942 1.6 33 21 6 26 66% 53390 2768 47%
c { 15.46 28 20 36 1589  2 195104 20942 2.1 23 11 3 5 70% 53390 2768 47%
c - 15.81 28 20 37 1720  2 200043 16819 2.1 23 11 3 5 70% 53390 2768 47%
c p 15.81 28 20 37 1720  2 200043 16876 2.1 23 11 3 5 70% 53390 2768 47%
c k 15.82 28 20 37 1720  2 200043 16876 2.1 23 11 3 5 70% 53390 2766 47%
c u 15.88 28 20 37 1720  2 200043 16768 2.1 23 11 3 5 70% 53384 2766 47%
c v 15.89 28 20 37 1720  2 200043 16749 2.1 23 11 3 5 70% 53384 2766 47%
c 
c  seconds  reductions   conflicts         size   tier2      variables
c         MB     restarts       redundant     glue   trail        remaining
c          level       rate          size/glue  tier1  irredundant
c 
c w 15.89 28 20 37 1720  2 200043 16749 2.1 23 11 3 5 70% 53384 2766 47%
c x 15.92 28 20 37 1720  2 200043 16749 2.1 23 11 3 5 70% 53382 2766 47%
c W 16.65 22 20 37 1976  2 210054 25294 2.1 23 11 2 3 70% 53382 2766 47%
c - 16.78 21 20 38 2030  2 211225 14385 2.1 23 11 2 3 70% 53382 2766 47%
c p 16.79 21 20 38 2030  2 211225 14473 2.1 23 11 2 3 70% 53382 2764 47%
c u 16.80 21 20 38 2030  2 211225 14415 2.1 23 11 2 3 70% 53382 2764 47%
c v 16.81 21 20 38 2030  2 211225 14406 2.1 23 11 2 3 70% 53382 2764 47%
c w 16.81 21 20 38 2030  2 211225 14406 2.1 23 11 2 3 70% 53382 2764 47%
c x 16.82 21 20 38 2030  2 211225 14406 2.1 23 11 2 3 70% 53382 2764 47%
c - 17.72 24 19 39 2319  2 222714 14276 2.1 22 11 2 3 70% 53376 2764 47%
c p 17.73 24 19 39 2319  2 222714 14613 2.1 22 11 2 3 70% 53376 2762 47%
c u 17.74 24 19 39 2319  2 222714 14542 2.1 22 11 2 3 70% 53376 2762 47%
c v 17.75 24 19 39 2319  2 222714 14529 2.1 22 11 2 3 70% 53376 2762 47%
c w 17.75 24 19 39 2319  2 222714 14529 2.1 22 11 2 3 70% 53376 2762 47%
c x 17.76 24 19 39 2319  2 222714 14529 2.1 22 11 2 3 70% 53375 2762 47%
c t 17.76 24 19 39 2319  2 222714 14529 2.1 22 11 2 3 70% 53372 2762 47%
c F 18.30 24 19 39 2520  2 231055 21402 2.1 22 11 2 3 69% 53372 2762 47%
c - 18.58 24 19 40 2599  2 234513 14579 2.1 22 11 2 3 69% 53367 2762 47%
c p 18.59 24 19 40 2599  2 234513 14591 2.1 22 11 2 3 69% 53367 2761 47%
c u 18.61 24 19 40 2599  2 234513 14505 2.1 22 11 2 3 69% 53365 2761 47%
c 
c  seconds  reductions   conflicts         size   tier2      variables
c         MB     restarts       redundant     glue   trail        remaining
c          level       rate          size/glue  tier1  irredundant
c 
c v 18.62 24 19 40 2599  2 234513 14495 2.1 22 11 2 3 69% 53365 2761 47%
c x 18.63 24 19 40 2599  2 234513 14494 2.1 22 11 2 3 69% 53365 2761 47%
c t 18.63 24 19 40 2599  2 234513 14494 2.1 22 11 2 3 69% 53363 2761 47%
c s 19.13 24 19 40 2829  2 239960 18964 2.1 22 11 2 3 69% 53235 2761 47%
c e 19.14 24 19 40 2829  2 239960 18962 2.1 22 11 2 3 69% 53231 2759 47%
c s 19.19 24 19 40 2829  2 239960 18933 2.1 22 11 2 3 69% 53229 2759 47%
c } 19.43 24 18 40 2859  2 242994 21460 2.1 22 11 2 3 69% 53229 2759 47%
c [ 19.43 24 30 40 2859  1 242994 21460 1.6 33 21 6 26 66% 53229 2759 47%
c - 19.73 25 29 41 2860  1 246619 14879 1.6 33 21 6 26 66% 53229 2759 47%
c p 19.74 25 29 41 2860  1 246619 15093 1.6 33 21 6 26 66% 53229 2759 47%
c u 19.75 25 29 41 2860  1 246619 15003 1.6 33 21 6 26 66% 53229 2759 47%
c v 19.76 25 29 41 2860  1 246619 14991 1.6 33 21 6 26 66% 53229 2759 47%
c w 19.76 25 29 41 2860  1 246619 14991 1.6 33 21 6 26 66% 53229 2759 47%
c x 19.77 25 29 41 2860  1 246619 14991 1.6 33 21 6 26 66% 53229 2759 47%
c O 20.22 25 28 41 2861  1 253057 19223 1.6 31 20 6 26 67% 53229 2759 47%
c - 20.70 25 27 42 2863  1 259034 14733 1.6 31 19 6 26 67% 53229 2759 47%
c u 20.73 25 27 42 2863  1 259034 14657 1.6 31 19 6 26 67% 53229 2759 47%
c v 20.73 25 27 42 2863  1 259034 14640 1.6 31 19 6 26 67% 53229 2759 47%
c w 20.73 25 27 42 2863  1 259034 14640 1.6 31 19 6 26 67% 53229 2759 47%
c x 20.74 25 27 42 2863  1 259034 14640 1.6 31 19 6 26 67% 53228 2759 47%
c 
c  seconds  reductions   conflicts         size   tier2       variables
c         MB     restarts       redundant     glue    trail        remaining
c          level       rate          size/glue  tier1   irredundant
c 
c t 20.74 25 27 42 2863  1 259034 14640 1.6 31 19 6 26 67% 53226 2759 47%
c - 21.66 25 26 43 2870  1 271757 14479 1.6 30 19 2 4 68% 53226 2759 47%
c p 21.67 25 26 43 2870  1 271757 14705 1.6 30 19 2 4 68% 53226 2759 47%
c u 21.73 25 26 43 2870  1 271757 14654 1.6 30 19 2 4 68% 53226 2759 47%
c v 21.74 25 26 43 2870  1 271757 14647 1.6 30 19 2 4 68% 53226 2759 47%
c w 21.74 25 26 43 2870  1 271757 14647 1.6 30 19 2 4 68% 53226 2759 47%
c x 21.74 25 26 43 2870  1 271757 14647 1.6 30 19 2 4 68% 53225 2759 47%
c B 22.04 25 25 43 2874  1 276059 17726 1.6 29 18 2 4 68% 53225 2759 47%
c - 22.58 25 26 44 2876  1 284789 14585 1.6 30 19 2 4 68% 53225 2759 47%
c u 22.61 25 26 44 2876  1 284789 14536 1.6 30 19 2 4 68% 53225 2759 47%
c v 22.61 25 26 44 2876  1 284789 14528 1.6 30 19 2 4 68% 53225 2759 47%
c w 22.61 25 26 44 2876  1 284789 14528 1.6 30 19 2 4 68% 53225 2759 47%
c x 22.62 25 26 44 2876  1 284789 14528 1.6 30 19 2 4 68% 53225 2759 47%
c ] 23.28 25 27 44 2877  1 294755 22353 1.6 30 19 2 4 67% 53225 2759 47%
c { 23.28 25 18 44 2877  2 294755 22353 2.1 22 11 2 3 69% 53225 2759 47%
c - 23.55 25 18 45 2979  2 298130 15022 2.0 22 11 2 3 69% 53225 2759 47%
c p 23.56 25 18 45 2979  2 298130 15227 2.0 22 11 2 3 69% 53225 2759 47%
c u 23.58 25 18 45 2979  2 298130 15144 2.0 22 11 2 3 69% 53225 2759 47%
c v 23.58 25 18 45 2979  2 298130 15129 2.0 22 11 2 3 69% 53225 2759 47%
c x 23.59 25 18 45 2979  2 298130 15129 2.0 22 11 2 3 69% 53220 2759 47%
c 
c  seconds  reductions   conflicts         size   tier2      variables
c         MB     restarts       redundant     glue   trail        remaining
c          level       rate          size/glue  tier1  irredundant
c 
c B 23.72 25 18 45 3001  2 300062 16736 2.0 21 10 2 3 69% 53220 2759 47%
c s 24.36 25 18 45 3203  2 308280 23615 2.0 21 10 2 3 69% 53116 2759 47%
c e 24.37 25 18 45 3203  2 308280 23608 2.0 21 10 2 3 69% 53112 2755 47%
c s 24.41 25 18 45 3203  2 308280 23579 2.0 21 10 2 3 69% 53098 2755 47%
c e 24.41 25 18 45 3203  2 308280 23579 2.0 21 10 2 3 69% 53094 2751 47%
c - 24.68 26 18 46 3296  2 311784 16230 2.0 21 10 2 3 69% 53094 2751 47%
c p 24.68 26 18 46 3296  2 311784 16231 2.0 21 10 2 3 69% 53094 2751 47%
c u 24.70 26 18 46 3296  2 311784 16125 2.0 21 10 2 3 69% 53094 2751 47%
c v 24.71 26 18 46 3296  2 311784 16106 2.0 21 10 2 3 69% 53094 2751 47%
c w 24.71 26 18 46 3296  2 311784 16106 2.0 21 10 2 3 69% 53094 2751 47%
c x 24.72 26 18 46 3296  2 311784 16106 2.0 21 10 2 3 69% 53093 2751 47%
c W 25.81 26 18 46 3646  2 325067 27386 2.0 21 10 2 3 69% 53093 2751 47%
c - 25.90 26 18 47 3703  2 325744 17409 2.0 21 10 2 3 69% 53093 2751 47%
c p 25.91 26 18 47 3703  2 325744 17619 2.0 21 10 2 3 69% 53093 2751 47%
c u 25.93 26 18 47 3703  2 325744 17531 2.0 21 10 2 3 69% 53093 2751 47%
c v 25.93 26 18 47 3703  2 325744 17515 2.0 21 10 2 3 69% 53093 2751 47%
c w 25.93 26 18 47 3703  2 325744 17515 2.0 21 10 2 3 69% 53093 2751 47%
c x 25.94 26 18 47 3703  2 325744 17515 2.0 21 10 2 3 69% 53092 2751 47%
c - 26.97 26 18 48 4007  2 340015 18284 2.0 21 10 2 3 69% 53092 2751 47%
c p 26.98 26 18 48 4007  2 340015 18285 2.0 21 10 2 3 69% 53092 2751 47%
c 
c  seconds  reductions   conflicts         size   tier2      variables
c         MB     restarts       redundant     glue   trail        remaining
c          level       rate          size/glue  tier1  irredundant
c 
c u 27.00 26 18 48 4007  2 340015 18216 2.0 21 10 2 3 69% 53092 2751 47%
c v 27.01 26 18 48 4007  2 340015 18201 2.0 21 10 2 3 69% 53092 2751 47%
c x 27.02 26 18 48 4007  2 340015 18201 2.0 21 10 2 3 69% 53086 2751 47%
c # 27.75 26 17 48 4313  2 351069 27399 2.0 20 10 2 3 69% 53086 2751 47%
c - 28.03 27 17 49 4411  2 354594 19017 2.0 20 10 2 3 69% 53086 2751 47%
c p 28.03 27 17 49 4411  2 354594 19225 2.0 20 10 2 3 69% 53086 2751 47%
c u 28.06 27 17 49 4411  2 354594 19150 2.0 20 10 2 3 69% 53086 2751 47%
c v 28.07 27 17 49 4411  2 354594 19127 2.0 20 10 2 3 69% 53086 2751 47%
c w 28.07 27 17 49 4411  2 354594 19127 2.0 20 10 2 3 69% 53086 2751 47%
c x 28.08 27 17 49 4411  2 354594 19127 2.0 20 10 2 3 69% 53085 2751 47%
c t 28.08 27 17 49 4411  2 354594 19125 2.0 20 10 2 3 69% 53084 2751 47%
c } 28.34 27 17 49 4484  2 358505 22303 2.0 20 10 2 3 69% 53084 2751 47%
c [ 28.34 27 27 49 4484  1 358505 22303 1.6 30 19 2 4 67% 53084 2751 47%
c - 29.06 27 25 50 4484  1 369481 18874 1.6 29 18 2 4 67% 53084 2751 47%
c p 29.07 27 25 50 4484  1 369481 18917 1.6 29 18 2 4 67% 53084 2751 47%
c u 29.14 27 25 50 4484  1 369481 18880 1.6 29 18 2 4 67% 53084 2751 47%
c v 29.15 27 25 50 4484  1 369481 18863 1.6 29 18 2 4 67% 53084 2751 47%
c w 29.15 27 25 50 4484  1 369481 18863 1.6 29 18 2 4 67% 53084 2751 47%
c x 29.16 27 25 50 4484  1 369481 18863 1.6 29 18 2 4 67% 53079 2751 47%
c t 29.16 27 25 50 4484  1 369481 18863 1.6 29 18 2 4 67% 53078 2751 47%
c 
c  seconds  reductions   conflicts         size   tier2      variables
c         MB     restarts       redundant     glue   trail        remaining
c          level       rate          size/glue  tier1  irredundant
c 
c W 29.77 27 25 50 4485  1 378075 25830 1.6 29 18 2 4 67% 53078 2751 47%
c - 30.09 27 26 51 4485  1 384679 18810 1.6 29 19 2 4 66% 53078 2751 47%
c p 30.10 27 26 51 4485  1 384679 18980 1.6 29 19 2 4 66% 53078 2751 47%
c u 30.11 27 26 51 4485  1 384679 18962 1.6 29 19 2 4 66% 53078 2751 47%
c v 30.12 27 26 51 4485  1 384679 18939 1.6 29 19 2 4 66% 53078 2751 47%
c w 30.12 27 26 51 4485  1 384679 18939 1.6 29 19 2 4 66% 53078 2751 47%
c x 30.12 27 26 51 4485  1 384679 18939 1.6 29 19 2 4 66% 53078 2751 47%
c s 30.19 27 26 51 4485  1 385151 19077 1.6 29 19 2 4 66% 52993 2751 47%
c e 30.21 27 26 51 4485  1 385151 19055 1.6 29 19 2 4 66% 52989 2747 47%
c s 30.26 27 26 51 4485  1 385151 19004 1.6 29 19 2 4 66% 52986 2747 47%
c - 31.06 27 26 52 4485  1 400185 17884 1.5 29 19 2 4 65% 52986 2747 47%
c p 31.07 27 26 52 4485  1 400185 17930 1.5 29 19 2 4 65% 52986 2747 47%
c u 31.09 27 26 52 4485  1 400185 17882 1.5 29 19 2 4 65% 52986 2747 47%
c v 31.09 27 26 52 4485  1 400185 17860 1.5 29 19 2 4 65% 52986 2747 47%
c w 31.09 27 26 52 4485  1 400185 17859 1.5 29 19 2 4 65% 52986 2747 47%
c x 31.10 27 26 52 4485  1 400185 17859 1.5 29 19 2 4 65% 52986 2747 47%
c t 31.10 27 26 52 4485  1 400185 17858 1.5 29 19 2 4 65% 52985 2747 47%
c I 31.35 27 25 52 4488  1 406077 22031 1.5 28 19 2 4 65% 52985 2747 47%
c - 31.81 27 25 53 4492  1 416000 17764 1.5 28 19 2 4 64% 52985 2747 47%
c p 31.82 27 25 53 4492  1 416000 18563 1.5 28 19 2 4 64% 52985 2744 47%
c 
c  seconds  reductions   conflicts         size   tier2      variables
c         MB     restarts       redundant     glue   trail        remaining
c          level       rate          size/glue  tier1  irredundant
c 
c t 31.82 27 25 53 4492  1 416000 18562 1.5 28 19 2 4 64% 52985 2744 47%
c - 32.52 27 25 54 4500  1 432124 18074 1.5 27 19 2 4 63% 52975 2744 47%
c p 32.53 27 25 54 4500  1 432124 18101 1.5 27 19 2 4 63% 52975 2744 47%
c u 32.55 27 25 54 4500  1 432124 18035 1.5 27 19 2 4 63% 52975 2744 47%
c v 32.56 27 25 54 4500  1 432124 17987 1.5 27 19 2 4 63% 52975 2744 47%
c w 32.56 27 25 54 4500  1 432124 17987 1.5 27 19 2 4 63% 52975 2744 47%
c x 32.58 27 25 54 4500  1 432124 17987 1.5 27 19 2 4 63% 52974 2744 47%
c B 32.73 27 25 54 4500  1 435078 20059 1.5 27 19 2 4 62% 52974 2744 47%
c ] 33.25 27 26 54 4505  1 442796 25862 1.4 27 19 2 4 62% 52974 2744 47%
c { 33.25 27 17 54 4505  2 442796 25862 2.0 20 10 2 3 69% 52974 2744 47%
c - 33.71 27 17 55 4609  2 448558 19148 2.0 20 10 2 3 69% 52974 2744 47%
c p 33.72 27 17 55 4609  2 448558 19283 2.0 20 10 2 3 69% 52974 2744 47%
c u 33.74 27 17 55 4609  2 448558 19252 2.0 20 10 2 3 69% 52974 2744 47%
c v 33.75 27 17 55 4609  2 448558 19228 2.0 20 10 2 3 69% 52974 2744 47%
c w 33.75 27 17 55 4609  2 448558 19228 2.0 20 10 2 3 69% 52974 2744 47%
c x 33.76 27 17 55 4609  2 448558 19228 2.0 20 10 2 3 69% 52966 2744 47%
c t 33.76 27 17 55 4609  2 448558 19228 2.0 20 10 2 3 69% 52964 2744 47%
c B 35.02 27 17 55 4876  2 465079 32420 2.0 20 10 2 3 68% 52964 2744 47%
c - 35.07 27 17 56 4886  2 465303 20622 2.0 20 10 2 3 68% 52964 2744 47%
c p 35.08 27 17 56 4886  2 465303 21407 2.0 20 10 2 3 68% 52964 2742 47%
c 
c  seconds  reductions   conflicts         size   tier2      variables
c         MB     restarts       redundant     glue   trail        remaining
c          level       rate          size/glue  tier1  irredundant
c 
c u 35.10 27 17 56 4886  2 465303 21351 2.0 20 10 2 3 68% 52964 2742 47%
c v 35.11 27 17 56 4886  2 465303 21325 2.0 20 10 2 3 68% 52964 2733 47%
c w 35.11 27 17 56 4886  2 465303 21325 2.0 20 10 2 3 68% 52964 2733 47%
c x 35.12 27 17 56 4886  2 465303 21325 2.0 20 10 2 3 68% 52964 2733 47%
c t 35.13 27 17 56 4886  2 465303 21325 2.0 20 10 2 3 68% 52963 2733 47%
c s 35.56 27 17 56 5032  2 470545 25439 2.0 19 10 2 3 68% 52897 2733 47%
c t 35.57 27 17 56 5032  2 470545 25438 2.0 19 10 2 3 68% 52896 2733 47%
c e 35.58 27 17 56 5032  2 470545 25413 2.0 19 10 2 3 68% 52851 2731 47%
c s 35.63 27 17 56 5032  2 470545 25346 2.0 19 10 2 3 68% 52850 2731 47%
c - 36.59 27 17 57 5252  2 482357 21992 2.0 20 10 2 3 68% 52850 2731 47%
c p 36.60 27 17 57 5252  2 482357 22108 2.0 20 10 2 3 68% 52850 2731 47%
c u 36.62 27 17 57 5252  2 482357 22065 2.0 20 10 2 3 68% 52850 2731 47%
c v 36.63 27 17 57 5252  2 482357 22044 2.0 20 10 2 3 68% 52850 2731 47%
c w 36.63 27 17 57 5252  2 482357 22044 2.0 20 10 2 3 68% 52850 2731 47%
c x 36.65 27 17 57 5252  2 482357 22044 2.0 20 10 2 3 68% 52847 2731 47%
c t 36.65 27 17 57 5252  2 482357 22043 2.0 20 10 2 3 68% 52847 2731 47%
c i 37.58 27 16 57 5655  2 494303 31737 2.0 19 10 2 3 68% 52847 2729 46%
c W 37.92 27 16 57 5727  2 496080 33245 2.0 19 10 2 3 68% 52841 2729 46%
c - 38.25 27 16 58 5795  2 499725 23046 2.0 19 10 2 3 68% 52841 2729 46%
c p 38.26 27 16 58 5795  2 499725 23546 2.0 19 10 2 3 68% 52841 2721 46%
c 
c  seconds  reductions   conflicts         size   tier2      variables
c         MB     restarts       redundant     glue   trail        remaining
c          level       rate          size/glue  tier1  irredundant
c 
c u 38.36 27 16 58 5795  2 499725 23127 2.0 19 10 2 3 68% 52812 2721 46%
c v 38.37 27 16 58 5795  2 499725 23089 2.0 19 10 2 3 68% 52812 2721 46%
c w 38.37 27 16 58 5795  2 499725 23089 2.0 19 10 2 3 68% 52812 2721 46%
c x 38.38 27 16 58 5795  2 499725 23089 2.0 19 10 2 3 68% 52810 2721 46%
c - 39.89 27 16 59 6383  2 517397 23921 2.0 19 10 2 3 68% 52810 2721 46%
c p 39.90 27 16 59 6383  2 517397 24094 2.0 19 10 2 3 68% 52810 2720 46%
c u 39.95 27 16 59 6383  2 517397 24012 2.0 19 10 2 3 68% 52810 2720 46%
c v 39.96 27 16 59 6383  2 517397 23980 2.0 19 10 2 3 68% 52810 2720 46%
c x 39.97 27 16 59 6383  2 517397 23980 2.0 19 10 2 3 68% 52808 2720 46%
c t 39.98 27 16 59 6383  2 517397 23979 2.0 19 10 2 3 68% 52808 2720 46%
c } 40.26 27 16 59 6452  2 521361 27120 2.0 19 10 2 3 68% 52808 2720 46%
c [ 40.26 27 26 59 6452  1 521361 27120 1.4 27 19 2 4 62% 52808 2720 46%
c W 40.83 27 25 59 6455  1 528081 31875 1.5 27 19 2 4 63% 52805 2720 46%
c - 41.34 29 25 60 6460  1 535379 23957 1.5 27 19 2 4 63% 52805 2720 46%
c p 41.34 29 25 60 6460  1 535379 24203 1.5 27 19 2 4 63% 52805 2720 46%
c u 41.37 29 25 60 6460  1 535379 24118 1.5 27 19 2 4 63% 52805 2720 46%
c v 41.38 29 25 60 6460  1 535379 24089 1.5 27 19 2 4 63% 52805 2720 46%
c w 41.38 29 25 60 6460  1 535379 24089 1.5 27 19 2 4 63% 52805 2720 46%
c x 41.39 29 25 60 6460  1 535379 24089 1.5 27 19 2 4 63% 52805 2720 46%
c t 41.39 29 25 60 6460  1 535379 24088 1.5 27 19 2 4 63% 52805 2720 46%
c 
c  seconds  reductions   conflicts         size   tier2      variables
c         MB     restarts       redundant     glue   trail        remaining
c          level       rate          size/glue  tier1  irredundant
c 
c - 42.79 29 26 61 6463  1 553671 23076 1.4 27 19 2 4 62% 52805 2720 46%
c p 42.80 29 26 61 6463  1 553671 23194 1.4 27 19 2 4 62% 52805 2720 46%
c u 42.82 29 26 61 6463  1 553671 23143 1.4 27 19 2 4 62% 52805 2720 46%
c v 42.83 29 26 61 6463  1 553671 23104 1.4 27 19 2 4 62% 52805 2720 46%
c w 42.83 29 26 61 6463  1 553671 23104 1.4 27 19 2 4 62% 52805 2720 46%
c x 42.84 29 26 61 6463  1 553671 23104 1.4 27 19 2 4 62% 52805 2720 46%
c O 43.35 29 26 61 6463  1 561082 28879 1.4 28 19 2 4 62% 52805 2720 46%
c s 43.69 29 26 61 6463  1 564582 31239 1.5 28 19 2 4 62% 52704 2720 46%
c t 43.69 29 26 61 6463  1 564582 31239 1.5 28 19 2 4 62% 52702 2720 46%
c e 43.70 29 26 61 6463  1 564582 31050 1.5 28 19 2 4 62% 52700 2718 46%
c s 43.77 29 26 61 6463  1 564582 30984 1.5 28 19 2 4 62% 52695 2718 46%
c - 44.41 29 26 62 6469  1 572275 22219 1.5 28 19 2 4 62% 52695 2718 46%
c p 44.42 29 26 62 6469  1 572275 22453 1.5 28 19 2 4 62% 52695 2718 46%
c u 44.44 29 26 62 6469  1 572275 22378 1.5 28 19 2 4 62% 52695 2718 46%
c v 44.45 29 26 62 6469  1 572275 22340 1.5 28 19 2 4 62% 52695 2718 46%
c w 44.45 29 26 62 6469  1 572275 22340 1.5 28 19 2 4 62% 52695 2718 46%
c x 44.47 29 26 62 6469  1 572275 22340 1.5 28 19 2 4 62% 52693 2718 46%
c - 45.79 29 25 63 6478  1 591187 22529 1.5 29 19 2 4 62% 52693 2718 46%
c p 45.80 29 25 63 6478  1 591187 22653 1.5 29 19 2 4 62% 52693 2718 46%
c u 45.82 29 25 63 6478  1 591187 22564 1.5 29 19 2 4 62% 52693 2718 46%
c 
c  seconds  reductions   conflicts         size   tier2      variables
c         MB     restarts       redundant     glue   trail        remaining
c          level       rate          size/glue  tier1  irredundant
c 
c v 45.83 29 25 63 6478  1 591187 22524 1.5 29 19 2 4 62% 52693 2718 46%
c w 45.83 29 25 63 6478  1 591187 22524 1.5 29 19 2 4 62% 52693 2718 46%
c x 45.84 29 25 63 6478  1 591187 22524 1.5 29 19 2 4 62% 52692 2718 46%
c t 45.84 29 25 63 6478  1 591187 22524 1.5 29 19 2 4 62% 52690 2718 46%
c B 46.11 29 26 63 6478  1 595087 25655 1.5 29 19 2 4 62% 52690 2718 46%
c ] 47.11 29 26 63 6485  1 607709 34854 1.5 29 19 2 4 62% 52690 2718 46%
c { 47.11 29 16 63 6485  2 607709 34854 2.0 19 10 2 3 68% 52690 2718 46%
c - 47.38 29 16 64 6551  2 610409 22716 1.9 19 10 2 3 68% 52690 2718 46%
c p 47.39 29 16 64 6551  2 610409 22948 1.9 19 10 2 3 68% 52690 2718 46%
c u 47.41 29 16 64 6551  2 610409 22874 1.9 19 10 2 3 68% 52690 2718 46%
c v 47.42 29 16 64 6551  2 610409 22841 1.9 19 10 2 3 68% 52690 2718 46%
c w 47.42 29 16 64 6551  2 610409 22841 1.9 19 10 2 3 68% 52690 2718 46%
c x 47.44 29 16 64 6551  2 610409 22841 1.9 19 10 2 3 68% 52688 2718 46%
c - 49.17 29 16 65 7191  2 629941 24736 1.9 19 10 2 3 68% 52688 2718 46%
c p 49.19 29 16 65 7191  2 629941 24847 1.9 19 10 2 3 68% 52688 2718 46%
c u 49.21 29 16 65 7191  2 629941 24768 1.9 19 10 2 3 68% 52688 2718 46%
c v 49.22 29 16 65 7191  2 629941 24732 1.9 19 10 2 3 68% 52688 2718 46%
c w 49.22 29 16 65 7191  2 629941 24732 1.9 19 10 2 3 68% 52688 2718 46%
c x 49.24 29 16 65 7191  2 629941 24732 1.9 19 10 2 3 68% 52688 2718 46%
c F 49.26 29 16 65 7202  2 630088 24869 1.9 19 10 2 3 68% 52688 2718 46%
c 
c  seconds  reductions   conflicts         size   tier2      variables
c         MB     restarts       redundant     glue   trail        remaining
c          level       rate          size/glue  tier1  irredundant
c 
c - 50.95 29 16 66 7890  2 649785 26376 1.9 18 10 2 3 68% 52688 2718 46%
c p 50.97 29 16 66 7890  2 649785 26634 1.9 18 10 2 3 68% 52688 2718 46%
c u 51.00 29 16 66 7890  2 649785 26556 1.9 18 10 2 3 68% 52688 2718 46%
c v 51.01 29 16 66 7890  2 649785 26528 1.9 18 10 2 3 68% 52688 2718 46%
c x 51.02 29 16 66 7890  2 649785 26528 1.9 18 10 2 3 68% 52684 2718 46%
c B 52.52 29 15 66 8460  2 666089 40163 1.9 18 10 2 3 67% 52684 2718 46%
c s 52.72 29 16 66 8515  2 667232 40837 1.9 18 10 2 3 67% 52586 2718 46%
c s 52.82 29 16 66 8515  2 667232 40782 1.9 18 10 2 3 67% 52586 2718 46%
c - 53.14 29 15 67 8582  2 669937 27301 1.9 18 10 2 3 67% 52586 2718 46%
c p 53.15 29 15 67 8582  2 669937 27461 1.9 18 10 2 3 67% 52586 2717 46%
c u 53.27 29 15 67 8582  2 669937 27340 1.9 18 10 2 3 67% 52583 2717 46%
c v 53.28 29 15 67 8582  2 669937 27315 1.9 18 10 2 3 67% 52583 2717 46%
c x 53.29 29 15 67 8582  2 669937 27315 1.9 18 10 2 3 67% 52576 2717 46%
c t 53.29 29 15 67 8582  2 669937 27315 1.9 18 10 2 3 67% 52573 2717 46%
c - 55.12 29 15 68 9370  2 690400 28448 1.9 18 9 2 3 67% 52573 2717 46%
c p 55.13 29 15 68 9370  2 690400 28745 1.9 18 9 2 3 67% 52573 2716 46%
c u 55.16 29 15 68 9370  2 690400 28660 1.9 18 9 2 3 67% 52573 2716 46%
c v 55.18 29 15 68 9370  2 690400 28610 1.9 18 9 2 3 67% 52573 2716 46%
c w 55.18 29 15 68 9370  2 690400 28610 1.9 18 9 2 3 67% 52573 2716 46%
c x 55.20 29 15 68 9370  2 690400 28610 1.9 18 9 2 3 67% 52567 2716 46%
c 
c  seconds  reductions   conflicts         size  tier2      variables
c         MB     restarts       redundant     glue  trail        remaining
c          level       rate          size/glue tier1  irredundant
c 
c t 55.20 29 15 68 9370  2 690400 28610 1.9 18 9 2 3 67% 52562 2716 46%
c } 55.69 29 15 68 9525  2 696512 33499 1.9 18 9 2 3 67% 52562 2716 46%
c [ 55.69 29 26 68 9525  1 696512 33499 1.5 29 19 2 4 62% 52562 2716 46%
c W 56.46 29 25 68 9528  1 703090 37724 1.5 28 19 2 4 62% 52559 2716 46%
c - 57.03 29 25 69 9532  1 711172 28300 1.5 28 19 2 4 62% 52559 2716 46%
c p 57.05 29 25 69 9532  1 711172 28414 1.5 28 19 2 4 62% 52559 2716 46%
c u 57.08 29 25 69 9532  1 711172 28349 1.5 28 19 2 4 62% 52559 2716 46%
c v 57.09 29 25 69 9532  1 711172 28317 1.5 28 19 2 4 62% 52559 2716 46%
c w 57.10 29 25 69 9532  1 711172 28317 1.5 28 19 2 4 62% 52559 2716 46%
c x 57.11 29 25 69 9532  1 711172 28317 1.5 28 19 2 4 62% 52559 2716 46%
c - 58.74 29 25 70 9534  1 732254 27485 1.5 28 19 2 3 62% 52559 2716 46%
c p 58.76 29 25 70 9534  1 732254 27616 1.5 28 19 2 3 62% 52559 2716 46%
c u 58.80 29 25 70 9534  1 732254 27547 1.5 28 19 2 3 62% 52559 2716 46%
c v 58.81 29 25 70 9534  1 732254 27514 1.5 28 19 2 3 62% 52559 2716 46%
c w 58.81 29 25 70 9534  1 732254 27514 1.5 28 19 2 3 62% 52559 2716 46%
c x 58.83 29 25 70 9534  1 732254 27514 1.5 28 19 2 3 62% 52557 2716 46%
c I 59.51 29 25 70 9535  1 741092 34289 1.5 28 19 2 3 62% 52557 2716 46%
c - 60.29 29 25 71 9535  1 753646 27346 1.5 27 19 2 3 61% 52557 2716 46%
c p 60.30 29 25 71 9535  1 753646 27466 1.5 27 19 2 3 61% 52557 2716 46%
c u 60.32 29 25 71 9535  1 753646 27388 1.5 27 19 2 3 61% 52557 2716 46%
c 
c  seconds  reductions   conflicts         size   tier2      variables
c         MB     restarts       redundant     glue   trail        remaining
c          level       rate          size/glue  tier1  irredundant
c 
c v 60.33 29 25 71 9535  1 753646 27366 1.5 27 19 2 3 61% 52557 2716 46%
c w 60.33 29 25 71 9535  1 753646 27366 1.5 27 19 2 3 61% 52557 2716 46%
c x 60.35 29 25 71 9535  1 753646 27366 1.5 27 19 2 3 61% 52556 2716 46%
c - 61.79 29 25 72 9536  1 775351 27099 1.4 27 19 2 3 60% 52556 2716 46%
c p 61.80 29 25 72 9536  1 775351 27226 1.4 27 19 2 3 60% 52556 2716 46%
c u 61.83 29 25 72 9536  1 775351 27124 1.4 27 19 2 3 60% 52556 2716 46%
c v 61.84 29 25 72 9536  1 775351 27091 1.4 27 19 2 3 60% 52556 2716 46%
c w 61.84 29 25 72 9536  1 775351 27091 1.4 27 19 2 3 60% 52556 2716 46%
c x 61.86 29 25 72 9536  1 775351 27091 1.4 27 19 2 3 60% 52555 2716 46%
c t 61.86 29 25 72 9536  1 775351 27091 1.4 27 19 2 3 60% 52547 2716 46%
c s 62.17 29 25 72 9536  1 778359 28906 1.4 27 19 2 3 60% 52442 2716 46%
c t 62.17 29 25 72 9536  1 778359 28904 1.4 27 19 2 3 60% 52442 2716 46%
c e 62.18 29 25 72 9536  1 778359 28898 1.4 27 19 2 3 60% 52440 2714 46%
c s 62.24 29 25 72 9536  1 778359 28855 1.4 27 19 2 3 60% 52440 2714 46%
c B 62.36 29 25 72 9536  1 780093 30003 1.4 27 19 2 3 60% 52440 2714 46%
c - 63.77 29 26 73 9536  1 797364 27526 1.4 28 19 2 3 60% 52440 2714 46%
c p 63.79 29 26 73 9536  1 797364 27652 1.4 28 19 2 3 60% 52440 2714 46%
c u 63.82 29 26 73 9536  1 797364 27558 1.4 28 19 2 3 60% 52440 2714 46%
c v 63.83 29 26 73 9536  1 797364 27517 1.4 28 19 2 3 60% 52440 2714 46%
c w 63.83 29 26 73 9536  1 797364 27517 1.4 28 19 2 3 60% 52440 2714 46%
c 
c  seconds  reductions   conflicts         size   tier2      variables
c         MB     restarts       redundant     glue   trail        remaining
c          level       rate          size/glue  tier1  irredundant
c 
c x 63.85 29 26 73 9536  1 797364 27517 1.4 28 19 2 3 60% 52436 2714 46%
c t 63.85 29 26 73 9536  1 797364 27516 1.4 28 19 2 3 60% 52435 2714 46%
c ] 64.24 29 26 73 9536  1 802818 31996 1.4 28 19 2 3 60% 52435 2714 46%
c { 64.24 29 15 73 9536  2 802818 31996 1.9 18 9 2 3 67% 52435 2714 46%
c - 65.65 29 15 74 10073  2 819687 29157 1.9 18 9 2 3 67% 52435 2714 46%
c p 65.66 29 15 74 10073  2 819687 29281 1.9 18 9 2 3 67% 52435 2714 46%
c u 65.70 29 15 74 10073  2 819687 29196 1.9 18 9 2 3 67% 52435 2714 46%
c v 65.71 29 15 74 10073  2 819687 29159 1.9 18 9 2 3 67% 52435 2714 46%
c x 65.73 29 15 74 10073  2 819687 29159 1.9 18 9 2 3 67% 52432 2714 46%
c W 65.97 29 15 74 10097  2 820096 29526 1.9 18 9 2 3 67% 52432 2714 46%
c - 68.19 29 15 75 11048  2 842322 31035 1.9 18 9 2 3 67% 52432 2714 46%
c p 68.20 29 15 75 11048  2 842322 31150 1.9 18 9 2 3 67% 52432 2714 46%
c u 68.23 29 15 75 11048  2 842322 31009 1.9 18 9 2 3 67% 52432 2714 46%
c v 68.25 29 15 75 11048  2 842322 30966 1.9 18 9 2 3 67% 52432 2714 46%
c x 68.27 29 15 75 11048  2 842322 30966 1.9 18 9 2 3 67% 52427 2714 46%
c t 68.27 29 15 75 11048  2 842322 30966 1.9 18 9 2 3 67% 52425 2714 46%
c # 69.86 29 15 75 11510  2 861097 46746 1.9 18 9 2 3 67% 52425 2714 46%
c - 70.40 29 15 76 11854  2 865266 32418 1.9 18 9 2 3 67% 52425 2714 46%
c p 70.42 29 15 76 11854  2 865266 32537 1.9 18 9 2 3 67% 52425 2714 46%
c u 70.45 29 15 76 11854  2 865266 32385 1.9 18 9 2 3 67% 52425 2714 46%
c 
c  seconds  reductions    conflicts         size  tier2      variables
c         MB      restarts       redundant     glue  trail        remaining
c          level        rate          size/glue tier1  irredundant
c 
c v 70.47 29 15 76 11854  2 865266 32356 1.9 18 9 2 3 67% 52425 2714 46%
c x 70.49 29 15 76 11854  2 865266 32356 1.9 18 9 2 3 67% 52418 2714 46%
c - 72.62 29 15 77 12837  2 888521 33176 1.9 17 9 2 3 67% 52418 2714 46%
c p 72.64 29 15 77 12837  2 888521 33300 1.9 17 9 2 3 67% 52418 2714 46%
c u 72.77 29 15 77 12837  2 888521 33155 1.9 17 9 2 3 67% 52418 2714 46%
c v 72.79 29 15 77 12837  2 888521 33120 1.9 17 9 2 3 67% 52418 2714 46%
c w 72.79 29 15 77 12837  2 888521 33119 1.9 17 9 2 3 67% 52418 2714 46%
c x 72.81 29 15 77 12837  2 888521 33119 1.9 17 9 2 3 67% 52413 2714 46%
c t 72.81 29 15 77 12837  2 888521 33119 1.9 17 9 2 3 67% 52411 2714 46%
c s 73.74 29 15 77 13215  2 897980 40345 1.9 17 9 2 3 67% 52341 2714 46%
c s 73.84 29 15 77 13215  2 897980 40293 1.9 17 9 2 3 67% 52341 2714 46%
c ^ 73.84 29 15 77 13215  2 897980 40293 1.9 17 9 2 3 67% 52341 2714 46%
c B 74.42 29 14 77 13503  2 903099 44627 1.9 17 9 2 3 67% 52341 2714 46%
c } 74.51 29 15 77 13580  2 903709 45187 1.9 17 9 2 3 67% 52341 2714 46%
c [ 74.51 29 26 77 13580  1 903709 45187 1.4 28 19 2 3 60% 52341 2714 46%
c - 75.28 29 26 78 13580  1 912086 33547 1.5 28 19 2 3 61% 52341 2714 46%
c p 75.30 29 26 78 13580  1 912086 33672 1.5 28 19 2 3 61% 52341 2714 46%
c u 75.33 29 26 78 13580  1 912086 33534 1.5 28 19 2 3 61% 52341 2714 46%
c v 75.35 29 26 78 13580  1 912086 33498 1.5 28 19 2 3 61% 52341 2714 46%
c w 75.35 29 26 78 13580  1 912086 33498 1.5 28 19 2 3 61% 52341 2714 46%
c 
c  seconds  reductions    conflicts         size   tier2      variables
c         MB      restarts       redundant     glue   trail        remaining
c          level        rate          size/glue  tier1  irredundant
c 
c x 75.38 29 26 78 13580  1 912086 33498 1.5 28 19 2 3 61% 52336 2714 46%
c t 75.38 29 26 78 13580  1 912086 33498 1.5 28 19 2 3 61% 52333 2714 46%
c - 77.50 29 24 79 13580  1 935961 32828 1.5 26 18 2 3 62% 52333 2714 46%
c p 77.52 29 24 79 13580  1 935961 32957 1.5 26 18 2 3 62% 52333 2714 46%
c u 77.56 29 24 79 13580  1 935961 32773 1.5 26 18 2 3 62% 52333 2714 46%
c v 77.57 29 24 79 13580  1 935961 32739 1.5 26 18 2 3 62% 52333 2714 46%
c w 77.58 29 24 79 13580  1 935961 32739 1.5 26 18 2 3 62% 52333 2714 46%
c x 77.60 29 24 79 13580  1 935961 32739 1.5 26 18 2 3 62% 52331 2714 46%
c t 77.60 29 24 79 13580  1 935961 32738 1.5 26 18 2 3 62% 52330 2714 46%
c W 78.67 29 24 79 13587  1 946102 40001 1.5 26 18 2 3 63% 52330 2714 46%
c - 79.84 29 24 80 13594  1 960148 32694 1.5 26 18 2 3 62% 52330 2714 46%
c p 79.86 29 24 80 13594  1 960148 32805 1.5 26 18 2 3 62% 52330 2714 46%
c u 79.89 29 24 80 13594  1 960148 32678 1.5 26 18 2 3 62% 52330 2714 46%
c v 79.91 29 24 80 13594  1 960148 32640 1.5 26 18 2 3 62% 52330 2714 46%
c x 79.92 29 24 80 13594  1 960148 32639 1.5 26 18 2 3 62% 52330 2714 46%
c t 79.92 29 24 80 13594  1 960148 32638 1.5 26 18 2 3 62% 52330 2714 46%
c - 81.99 29 26 81 13604  1 984645 32870 1.5 28 19 2 3 62% 52330 2714 46%
c p 82.02 29 26 81 13604  1 984645 32985 1.5 28 19 2 3 62% 52330 2714 46%
c u 82.05 29 26 81 13604  1 984645 32829 1.5 28 19 2 3 62% 52330 2714 46%
c v 82.07 29 26 81 13604  1 984645 32792 1.5 28 19 2 3 62% 52330 2714 46%
c 
c  seconds  reductions    conflicts         size   tier2      variables
c         MB      restarts       redundant     glue   trail        remaining
c          level        rate          size/glue  tier1  irredundant
c 
c w 82.07 29 26 81 13604  1 984645 32791 1.5 28 19 2 3 62% 52330 2714 46%
c x 82.09 29 26 81 13604  1 984645 32791 1.5 28 19 2 3 62% 52324 2714 46%
c O 82.50 29 26 81 13608  1 990103 37013 1.5 28 19 2 3 62% 52324 2714 46%
c - 84.26 29 25 82 13611  1 1009452 31989 1.5 28 19 2 3 62% 52324 2714 46%
c p 84.28 29 25 82 13611  1 1009452 32117 1.5 28 19 2 3 62% 52324 2714 46%
c u 84.34 29 25 82 13611  1 1009452 31986 1.5 28 19 2 3 62% 52324 2714 46%
c v 84.35 29 25 82 13611  1 1009452 31934 1.5 28 19 2 3 62% 52324 2714 46%
c w 84.36 29 25 82 13611  1 1009452 31934 1.5 28 19 2 3 62% 52324 2714 46%
c x 84.38 29 25 82 13611  1 1009452 31934 1.5 28 19 2 3 62% 52321 2714 46%
c ] 84.76 29 25 82 13611  1 1014713 35983 1.5 28 19 2 3 62% 52321 2714 46%
c { 84.76 29 15 82 13611  2 1014713 35983 1.9 17 9 2 3 67% 52321 2714 46%
c s 86.00 29 14 82 14138  2 1026065 45445 1.9 17 9 2 3 67% 52176 2714 46%
c e 86.05 29 14 82 14138  2 1026065 44613 1.9 17 9 2 3 67% 52194 2686 46%
c s 86.12 29 14 82 14138  2 1026065 44585 1.9 17 9 2 3 67% 52174 2686 46%
c - 87.12 29 14 83 14619  2 1034573 33763 1.9 17 9 2 3 67% 52174 2686 46%
c p 87.14 29 14 83 14619  2 1034573 33889 1.9 17 9 2 3 67% 52174 2686 46%
c u 87.17 29 14 83 14619  2 1034573 33789 1.9 17 9 2 3 67% 52174 2686 46%
c v 87.19 29 14 83 14619  2 1034573 33739 1.9 17 9 2 3 67% 52174 2686 46%
c w 87.19 29 14 83 14619  2 1034573 33739 1.9 17 9 2 3 67% 52174 2686 46%
c x 87.22 29 14 83 14619  2 1034573 33739 1.9 17 9 2 3 67% 52169 2686 46%
c 
c  seconds  reductions     conflicts         size  tier2      variables
c         MB      restarts        redundant     glue  trail        remaining
c          level        rate           size/glue tier1  irredundant
c 
c t 87.22 29 14 83 14619  2 1034573 33739 1.9 17 9 2 3 67% 52168 2686 46%
c W 87.44 29 14 83 14624  2 1035105 34164 1.9 17 9 2 3 67% 52168 2686 46%
c - 90.04 29 14 84 16278  2 1060002 35647 1.8 17 9 2 3 67% 52168 2686 46%
c p 90.06 29 14 84 16278  2 1060002 35770 1.8 17 9 2 3 67% 52168 2686 46%
c u 90.10 29 14 84 16278  2 1060002 35573 1.8 17 9 2 3 67% 52168 2686 46%
c v 90.12 29 14 84 16278  2 1060002 35524 1.8 17 9 2 3 67% 52168 2686 46%
c x 90.14 29 14 84 16278  2 1060002 35524 1.8 17 9 2 3 67% 52156 2686 46%
c F 92.18 29 14 84 17171  2 1081111 52407 1.8 17 9 2 3 66% 52156 2686 46%
c - 92.58 29 14 85 17273  2 1085741 36434 1.8 17 9 2 3 66% 52156 2686 46%
c p 92.60 29 14 85 17273  2 1085741 36555 1.8 17 9 2 3 66% 52156 2686 46%
c u 92.65 29 14 85 17273  2 1085741 36371 1.8 17 9 2 3 66% 52156 2686 46%
c v 92.67 29 14 85 17273  2 1085741 36322 1.8 17 9 2 3 66% 52156 2686 46%
c x 92.70 29 14 85 17273  2 1085741 36322 1.8 17 9 2 3 66% 52149 2686 46%
c t 92.70 29 14 85 17273  2 1085741 36322 1.8 17 9 2 3 66% 52147 2686 46%
c - 95.22 30 14 86 18642  2 1111790 37129 1.8 17 9 2 3 66% 52147 2686 46%
c p 95.24 30 14 86 18642  2 1111790 37228 1.8 17 9 2 3 66% 52147 2686 46%
c u 95.28 30 14 86 18642  2 1111790 37044 1.8 17 9 2 3 66% 52147 2686 46%
c v 95.29 30 14 86 18642  2 1111790 37000 1.8 17 9 2 3 66% 52147 2686 46%
c x 95.32 30 14 86 18642  2 1111790 37000 1.8 17 9 2 3 66% 52142 2686 46%
c t 95.32 30 14 86 18642  2 1111790 37000 1.8 17 9 2 3 66% 52140 2686 46%
c 
c  seconds  reductions     conflicts         size  tier2      variables
c         MB      restarts        redundant     glue  trail        remaining
c          level        rate           size/glue tier1  irredundant
c 
c B 96.71 30 14 86 19295  2 1128113 49619 1.8 16 9 2 3 66% 52140 2686 46%
c } 96.92 30 14 86 19442  2 1130064 51175 1.8 16 9 2 3 66% 52140 2686 46%
c [ 96.92 30 25 86 19442  1 1130064 51175 1.5 28 19 2 3 62% 52140 2686 46%
c - 97.66 30 24 87 19445  1 1138150 37463 1.5 28 18 2 3 63% 52140 2686 46%
c p 97.68 30 24 87 19445  1 1138150 37589 1.5 28 18 2 3 63% 52140 2686 46%
c u 97.72 30 24 87 19445  1 1138150 37456 1.5 28 18 2 3 63% 52140 2686 46%
c v 97.74 30 24 87 19445  1 1138150 37422 1.5 28 18 2 3 63% 52140 2686 46%
c w 97.74 30 24 87 19445  1 1138150 37422 1.5 28 18 2 3 63% 52140 2686 46%
c x 97.77 30 24 87 19445  1 1138150 37422 1.5 28 18 2 3 63% 52139 2686 46%
c s 99.92 30 22 87 19457  1 1163021 52369 1.5 26 17 2 3 64% 52019 2686 46%
c s 100.05 30 22 87 19457  1 1163021 52316 1.5 26 17 2 3 64% 52019 2686 46%
c - 100.24 30 22 88 19457  1 1164821 36079 1.5 26 17 2 3 64% 52019 2686 46%
c p 100.26 30 22 88 19457  1 1164821 36202 1.5 26 17 2 3 64% 52019 2686 46%
c u 100.42 30 22 88 19457  1 1164821 36100 1.5 26 17 2 3 64% 52019 2686 46%
c v 100.43 30 22 88 19457  1 1164821 36053 1.5 26 17 2 3 64% 52019 2686 46%
c w 100.44 30 22 88 19457  1 1164821 36053 1.5 26 17 2 3 64% 52019 2686 46%
c x 100.46 30 22 88 19457  1 1164821 36053 1.5 26 17 2 3 64% 52011 2686 46%
c t 100.46 30 22 88 19457  1 1164821 36053 1.5 26 17 2 3 64% 52010 2686 46%
c B 101.28 30 22 88 19463  1 1176114 44209 1.5 25 17 2 3 64% 52010 2686 46%
c - 102.67 30 21 89 19471  1 1191803 35946 1.5 24 16 2 3 65% 52010 2686 46%
c 
c  seconds   reductions     conflicts         size   tier2      variables
c          MB      restarts        redundant     glue   trail        remaining
c           level        rate           size/glue  tier1  irredundant
c 
c p 102.68 30 21 89 19471  1 1191803 36036 1.5 24 16 2 3 65% 52010 2686 46%
c u 102.72 30 21 89 19471  1 1191803 35944 1.5 24 16 2 3 65% 52010 2686 46%
c v 102.74 30 21 89 19471  1 1191803 35898 1.5 24 16 2 3 65% 52010 2686 46%
c w 102.74 30 21 89 19471  1 1191803 35898 1.5 24 16 2 3 65% 52010 2686 46%
c x 102.76 30 21 89 19471  1 1191803 35898 1.5 24 16 2 3 65% 52004 2686 46%
c t 102.76 30 21 89 19471  1 1191803 35898 1.5 24 16 2 3 65% 52002 2686 46%
c - 105.08 30 20 90 19474  1 1219097 35896 1.5 23 16 2 3 65% 52002 2686 46%
c p 105.10 30 20 90 19474  1 1219097 36005 1.5 23 16 2 3 65% 52002 2686 46%
c u 105.14 30 20 90 19474  1 1219097 35948 1.5 23 16 2 3 65% 52002 2686 46%
c v 105.15 30 20 90 19474  1 1219097 35878 1.5 23 16 2 3 65% 52002 2686 46%
c w 105.15 30 20 90 19474  1 1219097 35878 1.5 23 16 2 3 65% 52002 2686 46%
c x 105.18 30 20 90 19474  1 1219097 35878 1.5 23 16 2 3 65% 51992 2686 46%
c t 105.18 30 20 90 19474  1 1219097 35877 1.5 23 16 2 3 65% 51991 2686 46%
c W 106.07 30 20 90 19474  1 1225118 40023 1.5 23 15 2 3 65% 51991 2686 46%
c - 107.63 30 21 91 19474  1 1246700 36439 1.5 24 16 2 3 64% 51991 2686 46%
c p 107.64 30 21 91 19474  1 1246700 36567 1.5 24 16 2 3 64% 51991 2686 46%
c u 107.68 30 21 91 19474  1 1246700 36484 1.5 24 16 2 3 64% 51991 2686 46%
c v 107.69 30 21 91 19474  1 1246700 36441 1.5 24 16 2 3 64% 51991 2686 46%
c w 107.70 30 21 91 19474  1 1246700 36441 1.5 24 16 2 3 64% 51991 2686 46%
c x 107.72 30 21 91 19474  1 1246700 36441 1.5 24 16 2 3 64% 51985 2686 46%
c 
c  seconds   reductions     conflicts         size   tier2      variables
c          MB      restarts        redundant     glue   trail        remaining
c           level        rate           size/glue  tier1  irredundant
c 
c t 107.73 30 21 91 19474  1 1246700 36441 1.5 24 16 2 3 64% 51984 2686 46%
c ] 108.72 30 21 91 19481  1 1259982 45537 1.5 24 16 2 3 63% 51984 2686 46%
c { 108.72 30 14 91 19481  2 1259982 45537 1.8 16 9 2 3 66% 51984 2686 46%
c - 110.26 30 14 92 20021  2 1274613 37812 1.8 16 9 2 3 66% 51984 2686 46%
c p 110.28 30 14 92 20021  2 1274613 37921 1.8 16 9 2 3 66% 51984 2686 46%
c u 110.32 30 14 92 20021  2 1274613 37829 1.8 16 9 2 3 66% 51984 2686 46%
c v 110.33 30 14 92 20021  2 1274613 37798 1.8 16 9 2 3 66% 51984 2686 46%
c w 110.34 30 14 92 20021  2 1274613 37798 1.8 16 9 2 3 66% 51984 2686 46%
c x 110.36 30 14 92 20021  2 1274613 37798 1.8 16 9 2 3 66% 51975 2686 46%
c t 110.36 30 14 92 20021  2 1274613 37798 1.8 16 9 2 3 66% 51970 2686 46%
c W 110.52 30 14 92 20065  2 1275120 38200 1.8 16 9 2 3 66% 51970 2686 46%
c - 113.44 30 14 93 21498  2 1302837 39920 1.8 16 9 2 3 66% 51970 2686 46%
c p 113.46 30 14 93 21498  2 1302837 40040 1.8 16 9 2 3 66% 51970 2686 46%
c u 113.50 30 14 93 21498  2 1302837 39941 1.8 16 9 2 3 66% 51970 2686 46%
c v 113.52 30 14 93 21498  2 1302837 39887 1.8 16 9 2 3 66% 51970 2686 46%
c x 113.55 30 14 93 21498  2 1302837 39887 1.8 16 9 2 3 66% 51948 2686 46%
c t 113.56 30 14 93 21498  2 1302837 39887 1.8 16 9 2 3 66% 51934 2686 46%
c s 114.19 30 14 93 21854  2 1308390 44211 1.8 16 9 2 3 66% 51765 2686 46%
c s 114.31 30 14 93 21854  2 1308390 44172 1.8 16 9 2 3 66% 51765 2686 46%
c ^ 114.31 30 14 93 21854  2 1308390 44172 1.8 16 9 2 3 66% 51765 2686 46%
c 
c  seconds   reductions     conflicts         size  tier2      variables
c          MB      restarts        redundant     glue  trail        remaining
c           level        rate           size/glue tier1  irredundant
c 
c # 116.08 30 14 93 22589  2 1326121 58701 1.8 16 9 2 3 65% 51765 2686 46%
c - 116.77 30 14 94 22965  2 1331373 41298 1.8 16 9 2 3 65% 51765 2686 46%
c p 116.79 30 14 94 22965  2 1331373 41418 1.8 16 9 2 3 65% 51765 2686 46%
c u 116.84 30 14 94 22965  2 1331373 41317 1.8 16 9 2 3 65% 51765 2686 46%
c v 116.87 30 14 94 22965  2 1331373 41260 1.8 16 9 2 3 65% 51765 2686 46%
c x 116.90 30 14 94 22965  2 1331373 41260 1.8 16 9 2 3 65% 51759 2686 46%
c t 116.91 30 14 94 22965  2 1331373 41260 1.8 16 9 2 3 65% 51758 2686 46%
c - 119.87 30 14 95 24325  2 1360219 42147 1.8 16 9 2 3 65% 51758 2686 46%
c p 119.89 30 14 95 24325  2 1360219 42269 1.8 16 9 2 3 65% 51758 2686 46%
c u 119.95 30 14 95 24325  2 1360219 42176 1.8 16 9 2 3 65% 51758 2686 46%
c v 119.97 30 14 95 24325  2 1360219 42140 1.8 16 9 2 3 65% 51758 2686 46%
c w 119.97 30 14 95 24325  2 1360219 42140 1.8 16 9 2 3 65% 51758 2686 46%
c x 120.01 30 14 95 24325  2 1360219 42140 1.8 16 9 2 3 65% 51752 2686 46%
c t 120.01 30 14 95 24325  2 1360219 42140 1.8 16 9 2 3 65% 51746 2686 46%
c B 121.59 30 14 95 25025  2 1378122 56394 1.8 16 9 2 3 65% 51746 2686 46%
c } 122.53 30 14 95 25518  2 1387211 63522 1.8 16 9 2 3 65% 51746 2686 46%
c [ 122.53 30 21 95 25518  1 1387211 63522 1.5 24 16 2 3 63% 51746 2686 46%
c - 122.73 34 21 96 25518  1 1389376 42581 1.5 24 16 2 3 64% 51746 2686 46%
c p 122.75 34 21 96 25518  1 1389376 42698 1.5 24 16 2 3 64% 51746 2686 46%
c u 122.81 34 21 96 25518  1 1389376 42619 1.5 24 16 2 3 64% 51746 2686 46%
c 
c  seconds   reductions     conflicts         size   tier2      variables
c          MB      restarts        redundant     glue   trail        remaining
c           level        rate           size/glue  tier1  irredundant
c 
c v 122.82 34 21 96 25518  1 1389376 42572 1.5 24 16 2 3 64% 51746 2686 46%
c w 122.83 34 21 96 25518  1 1389376 42572 1.5 24 16 2 3 64% 51746 2686 46%
c x 122.86 34 21 96 25518  1 1389376 42572 1.5 24 16 2 3 64% 51731 2686 46%
c - 125.56 30 20 97 25532  1 1418844 41505 1.5 23 15 2 3 64% 51731 2686 46%
c p 125.58 30 20 97 25532  1 1418844 41624 1.5 23 15 2 3 64% 51731 2686 46%
c u 125.62 30 20 97 25532  1 1418844 41530 1.5 23 15 2 3 64% 51731 2686 46%
c v 125.64 30 20 97 25532  1 1418844 41476 1.5 23 15 2 3 64% 51731 2686 46%
c w 125.65 30 20 97 25532  1 1418844 41476 1.5 23 15 2 3 64% 51731 2686 46%
c x 125.67 30 20 97 25532  1 1418844 41476 1.5 23 15 2 3 64% 51725 2686 46%
c I 126.55 30 20 97 25539  1 1431124 49872 1.5 23 15 2 3 65% 51725 2686 46%
c - 127.87 30 21 98 25542  1 1448622 40783 1.4 23 16 2 3 63% 51725 2686 46%
c p 127.89 30 21 98 25542  1 1448622 40897 1.4 23 16 2 3 63% 51725 2686 46%
c u 127.92 30 21 98 25542  1 1448622 40782 1.4 23 16 2 3 63% 51725 2686 46%
c v 127.93 30 21 98 25542  1 1448622 40741 1.4 23 16 2 3 63% 51725 2686 46%
c w 127.94 30 21 98 25542  1 1448622 40741 1.4 23 16 2 3 63% 51725 2686 46%
c x 127.96 30 21 98 25542  1 1448622 40741 1.4 23 16 2 3 63% 51713 2686 46%
c t 127.96 30 21 98 25542  1 1448622 40740 1.4 23 16 2 3 63% 51713 2686 46%
c s 128.97 30 22 98 25543  1 1462056 51214 1.4 24 17 2 3 62% 51527 2686 46%
c e 129.01 30 22 98 25543  1 1462056 51110 1.4 24 17 2 3 62% 51555 2672 46%
c s 129.11 30 22 98 25543  1 1462056 51065 1.4 24 17 2 3 62% 51541 2672 46%
c 
c  seconds   reductions     conflicts         size   tier2      variables
c          MB      restarts        redundant     glue   trail        remaining
c           level        rate           size/glue  tier1  irredundant
c 
c - 130.64 30 22 99 25553  1 1478711 40272 1.4 24 17 2 3 61% 51541 2672 46%
c p 130.66 30 22 99 25553  1 1478711 40392 1.4 24 17 2 3 61% 51541 2672 46%
c u 130.71 30 22 99 25553  1 1478711 40289 1.4 24 17 2 3 61% 51541 2672 46%
c v 130.73 30 22 99 25553  1 1478711 40247 1.4 24 17 2 3 61% 51541 2672 46%
c w 130.73 30 22 99 25553  1 1478711 40247 1.4 24 17 2 3 61% 51541 2672 46%
c x 130.76 30 22 99 25553  1 1478711 40247 1.4 24 17 2 3 61% 51535 2672 46%
c t 130.76 30 22 99 25553  1 1478711 40247 1.4 24 17 2 3 61% 51533 2672 46%
c B 131.29 30 22 99 25556  1 1485126 44710 1.4 24 17 2 3 61% 51533 2672 46%
c - 133.27 30 23 100 25566  1 1509111 40285 1.4 25 18 2 3 60% 51533 2672 46%
c p 133.29 30 23 100 25566  1 1509111 40400 1.4 25 18 2 3 60% 51533 2672 46%
c u 133.39 30 23 100 25566  1 1509111 40290 1.4 25 18 2 3 60% 51533 2672 46%
c v 133.41 30 23 100 25566  1 1509111 40246 1.4 25 18 2 3 60% 51533 2672 46%
c w 133.41 30 23 100 25566  1 1509111 40246 1.4 25 18 2 3 60% 51533 2672 46%
c x 133.43 30 23 100 25566  1 1509111 40245 1.4 25 18 2 3 60% 51524 2672 46%
c t 133.43 30 23 100 25566  1 1509111 40245 1.4 25 18 2 3 60% 51520 2672 46%
c ] 135.42 30 23 100 25573  1 1536744 59492 1.4 25 18 2 3 59% 51520 2672 46%
c { 135.42 30 14 100 25573  2 1536744 59492 1.8 16 9 2 3 65% 51520 2672 46%
c - 135.85 31 14 101 25797  2 1539822 40803 1.8 16 9 2 3 65% 51520 2672 46%
c p 135.87 31 14 101 25797  2 1539822 40925 1.8 16 9 2 3 65% 51520 2672 46%
c u 135.93 31 14 101 25797  2 1539822 40805 1.8 16 9 2 3 65% 51520 2672 46%
c 
c  seconds    reductions     conflicts         size  tier2      variables
c          MB       restarts        redundant     glue  trail        remaining
c           level         rate           size/glue tier1  irredundant
c 
c v 135.95 31 14 101 25797  2 1539822 40764 1.8 16 9 2 3 65% 51520 2672 46%
c x 135.98 31 14 101 25797  2 1539822 40764 1.8 16 9 2 3 65% 51515 2672 46%
c t 135.98 31 14 101 25797  2 1539822 40764 1.8 16 9 2 3 65% 51510 2672 46%
c W 136.62 31 14 101 25855  2 1540129 41028 1.8 16 9 2 3 65% 51510 2672 46%
c - 139.68 35 14 102 27213  2 1570844 43514 1.8 16 9 2 3 65% 51510 2672 46%
c p 139.71 35 14 102 27213  2 1570844 43635 1.8 16 9 2 3 65% 51510 2672 46%
c u 139.76 35 14 102 27213  2 1570844 43488 1.8 16 9 2 3 65% 51510 2672 46%
c v 139.78 35 14 102 27213  2 1570844 43432 1.8 16 9 2 3 65% 51510 2672 46%
c x 139.80 35 14 102 27213  2 1570844 43432 1.8 16 9 2 3 65% 51500 2672 46%
c t 139.80 35 14 102 27213  2 1570844 43431 1.8 16 9 2 3 65% 51498 2672 46%
c F 142.17 35 14 102 28251  2 1596131 63019 1.8 16 9 2 3 65% 51498 2672 46%
c - 142.99 31 14 103 28685  2 1602179 44709 1.8 16 9 2 3 65% 51498 2672 46%
c p 143.01 31 14 103 28685  2 1602179 44841 1.8 16 9 2 3 65% 51498 2672 46%
c u 143.06 31 14 103 28685  2 1602179 44697 1.8 16 9 2 3 65% 51498 2672 46%
c v 143.09 31 14 103 28685  2 1602179 44644 1.8 16 9 2 3 65% 51498 2672 46%
c w 143.09 31 14 103 28685  2 1602179 44644 1.8 16 9 2 3 65% 51498 2672 46%
c x 143.13 31 14 103 28685  2 1602179 44644 1.8 16 9 2 3 65% 51496 2672 46%
c s 145.42 31 13 103 29891  2 1624306 61895 1.8 16 9 2 3 65% 51315 2672 46%
c t 145.43 31 13 103 29891  2 1624306 61895 1.8 16 9 2 3 65% 51314 2672 46%
c s 145.55 31 13 103 29891  2 1624306 61814 1.8 16 9 2 3 65% 51314 2672 46%
c 
c  seconds    reductions     conflicts         size  tier2      variables
c          MB       restarts        redundant     glue  trail        remaining
c           level         rate           size/glue tier1  irredundant
c 
c - 146.83 35 14 104 30625  2 1633824 45464 1.7 16 9 2 3 65% 51314 2672 46%
c p 146.84 35 14 104 30625  2 1633824 45589 1.7 16 9 2 3 65% 51314 2672 46%
c u 146.89 35 14 104 30625  2 1633824 45388 1.7 16 9 2 3 65% 51314 2672 46%
c v 146.91 35 14 104 30625  2 1633824 45334 1.7 16 9 2 3 65% 51314 2672 46%
c w 146.91 35 14 104 30625  2 1633824 45334 1.7 16 9 2 3 65% 51314 2672 46%
c x 146.94 35 14 104 30625  2 1633824 45334 1.7 16 9 2 3 65% 51306 2672 46%
c t 146.94 35 14 104 30625  2 1633824 45334 1.7 16 9 2 3 65% 51301 2672 46%
c B 148.78 35 13 104 31716  2 1653135 60365 1.7 16 9 2 3 65% 51301 2672 46%
c - 150.17 31 13 105 32239  2 1665779 46056 1.7 16 9 2 3 65% 51301 2672 46%
c p 150.19 31 13 105 32239  2 1665779 46182 1.7 16 9 2 3 65% 51301 2672 46%
c u 150.24 31 13 105 32239  2 1665779 45956 1.7 16 9 2 3 65% 51301 2672 46%
c v 150.26 31 13 105 32239  2 1665779 45904 1.7 16 9 2 3 65% 51301 2672 46%
c w 150.26 31 13 105 32239  2 1665779 45904 1.7 16 9 2 3 65% 51301 2672 46%
c x 150.30 31 13 105 32239  2 1665779 45904 1.7 16 9 2 3 65% 51299 2672 46%
c t 150.30 31 13 105 32239  2 1665779 45904 1.7 16 9 2 3 65% 51297 2672 46%
c } 151.82 31 13 105 33145  2 1683511 59595 1.7 16 9 2 3 65% 51297 2672 46%
c [ 151.82 31 23 105 33145  1 1683511 59595 1.4 25 18 2 3 59% 51297 2672 46%
c - 153.20 35 22 106 33146  1 1698045 46584 1.4 24 17 2 3 60% 51297 2672 46%
c p 153.22 35 22 106 33146  1 1698045 46713 1.4 24 17 2 3 60% 51297 2672 46%
c u 153.26 35 22 106 33146  1 1698045 46477 1.4 24 17 2 3 60% 51297 2672 46%
c 
c  seconds    reductions     conflicts         size   tier2      variables
c          MB       restarts        redundant     glue   trail        remaining
c           level         rate           size/glue  tier1  irredundant
c 
c v 153.28 35 22 106 33146  1 1698045 46424 1.4 24 17 2 3 60% 51297 2672 46%
c w 153.29 35 22 106 33146  1 1698045 46424 1.4 24 17 2 3 60% 51297 2672 46%
c x 153.32 35 22 106 33146  1 1698045 46424 1.4 24 17 2 3 60% 51295 2672 46%
c t 153.32 35 22 106 33146  1 1698045 46424 1.4 24 17 2 3 60% 51294 2672 46%
c W 154.74 35 22 106 33146  1 1711138 57250 1.4 24 17 2 3 61% 51294 2672 46%
c - 156.25 31 23 107 33147  1 1730622 46223 1.4 25 17 2 3 60% 51294 2672 46%
c p 156.27 31 23 107 33147  1 1730622 46341 1.4 25 17 2 3 60% 51294 2672 46%
c u 156.31 31 23 107 33147  1 1730622 46140 1.4 25 17 2 3 60% 51294 2672 46%
c v 156.33 31 23 107 33147  1 1730622 46108 1.4 25 17 2 3 60% 51294 2672 46%
c w 156.33 31 23 107 33147  1 1730622 46108 1.4 25 17 2 3 60% 51294 2672 46%
c x 156.36 31 23 107 33147  1 1730622 46108 1.4 25 17 2 3 60% 51288 2672 46%
c - 158.87 32 22 108 33147  1 1763510 44912 1.5 25 17 2 3 59% 51288 2672 46%
c p 158.88 32 22 108 33147  1 1763510 45028 1.5 25 17 2 3 59% 51288 2672 46%
c u 158.92 32 22 108 33147  1 1763510 44929 1.5 25 17 2 3 59% 51288 2672 46%
c v 158.94 32 22 108 33147  1 1763510 44900 1.5 25 17 2 3 59% 51288 2672 46%
c w 158.94 32 22 108 33147  1 1763510 44900 1.5 25 17 2 3 59% 51288 2672 46%
c x 158.97 32 22 108 33147  1 1763510 44900 1.5 25 17 2 3 59% 51287 2672 46%
c O 159.53 32 22 108 33147  1 1770141 49474 1.5 24 17 2 3 60% 51287 2672 46%
c s 161.69 32 21 108 33148  1 1794842 65447 1.5 24 16 2 3 60% 51252 2672 46%
c s 161.82 32 21 108 33148  1 1794842 65382 1.5 24 16 2 3 60% 51252 2672 46%
c 
c  seconds    reductions     conflicts         size   tier2      variables
c          MB       restarts        redundant     glue   trail        remaining
c           level         rate           size/glue  tier1  irredundant
c 
c - 162.09 32 21 109 33148  1 1796709 43880 1.5 24 16 2 3 59% 51252 2672 46%
c p 162.10 32 21 109 33148  1 1796709 44006 1.5 24 16 2 3 59% 51252 2672 46%
c u 162.18 32 21 109 33148  1 1796709 43915 1.5 24 16 2 3 59% 51252 2672 46%
c v 162.20 32 21 109 33148  1 1796709 43877 1.5 24 16 2 3 59% 51252 2672 46%
c w 162.20 32 21 109 33148  1 1796709 43877 1.5 24 16 2 3 59% 51252 2672 46%
c x 162.23 32 21 109 33148  1 1796709 43877 1.5 24 16 2 3 59% 51243 2672 46%
c t 162.23 32 21 109 33148  1 1796709 43877 1.5 24 16 2 3 59% 51241 2672 46%
c B 164.74 32 20 109 33148  1 1830142 65252 1.5 23 16 2 3 59% 51241 2672 46%
c - 164.80 32 20 110 33148  1 1830219 43744 1.5 23 16 2 3 59% 51241 2672 46%
c p 164.82 32 20 110 33148  1 1830219 43854 1.5 23 16 2 3 59% 51241 2672 46%
c u 164.86 32 20 110 33148  1 1830219 43698 1.5 23 16 2 3 59% 51241 2672 46%
c v 164.88 32 20 110 33148  1 1830219 43672 1.5 23 16 2 3 59% 51241 2672 46%
c w 164.88 32 20 110 33148  1 1830219 43672 1.5 23 16 2 3 59% 51241 2672 46%
c x 164.90 32 20 110 33148  1 1830219 43672 1.5 23 16 2 3 59% 51228 2672 46%
c ] 166.87 32 20 110 33148  1 1855559 60654 1.5 24 15 2 3 59% 51228 2672 46%
c { 166.87 32 13 110 33148  2 1855559 60654 1.7 16 9 2 3 65% 51228 2672 46%
c - 167.91 36 13 111 33653  2 1864043 44680 1.7 16 9 2 3 65% 51228 2672 46%
c p 167.93 36 13 111 33653  2 1864043 44807 1.7 16 9 2 3 65% 51228 2672 46%
c u 167.97 36 13 111 33653  2 1864043 44593 1.7 16 9 2 3 65% 51228 2672 46%
c v 167.99 36 13 111 33653  2 1864043 44533 1.7 16 9 2 3 65% 51228 2672 46%
c 
c  seconds    reductions     conflicts         size  tier2      variables
c          MB       restarts        redundant     glue  trail        remaining
c           level         rate           size/glue tier1  irredundant
c 
c x 168.02 36 13 111 33653  2 1864043 44533 1.7 16 9 2 3 65% 51227 2672 46%
c t 168.02 36 13 111 33653  2 1864043 44533 1.7 16 9 2 3 65% 51225 2672 46%
c W 170.84 36 13 111 34796  2 1891143 64847 1.7 16 9 2 3 65% 51225 2672 46%
c - 171.77 36 13 112 35379  2 1898176 46940 1.7 16 9 2 3 65% 51225 2672 46%
c p 171.79 36 13 112 35379  2 1898176 47071 1.7 16 9 2 3 65% 51225 2672 46%
c u 171.84 36 13 112 35379  2 1898176 46853 1.7 16 9 2 3 65% 51225 2672 46%
c v 171.86 36 13 112 35379  2 1898176 46787 1.7 16 9 2 3 65% 51225 2672 46%
c x 171.89 36 13 112 35379  2 1898176 46787 1.7 16 9 2 3 65% 51218 2672 46%
c - 175.35 36 13 113 36769  2 1932621 48339 1.7 15 9 2 3 65% 51218 2672 46%
c p 175.37 36 13 113 36769  2 1932621 48469 1.7 15 9 2 3 65% 51218 2672 46%
c = 175.50 36 13 113 36769  2 1932621 48466 1.7 15 9 2 3 65% 51215 2671 45%
c u 175.56 36 13 113 36769  2 1932621 48290 1.7 15 9 2 3 65% 51215 2671 45%
c v 175.58 36 13 113 36769  2 1932621 48218 1.7 15 9 2 3 65% 51215 2671 45%
c w 175.59 36 13 113 36769  2 1932621 48218 1.7 15 9 2 3 65% 51215 2671 45%
c x 175.64 36 13 113 36769  2 1932621 48218 1.7 15 9 2 3 65% 51201 2671 45%
c t 175.64 36 13 113 36769  2 1932621 48218 1.7 15 9 2 3 65% 51196 2671 45%
c # 177.59 36 13 113 37914  2 1953145 63814 1.7 15 9 2 3 64% 51196 2671 45%
c - 179.17 28 13 114 38627  2 1967377 49521 1.7 15 9 2 3 64% 51196 2671 45%
c p 179.20 28 13 114 38627  2 1967377 49686 1.7 15 9 2 3 64% 51196 2670 45%
c u 179.26 28 13 114 38627  2 1967377 49523 1.7 15 9 2 3 64% 51196 2670 45%
c 
c  seconds    reductions     conflicts         size  tier2      variables
c          MB       restarts        redundant     glue  trail        remaining
c           level         rate           size/glue tier1  irredundant
c 
c v 179.29 28 13 114 38627  2 1967377 49462 1.7 15 9 2 3 64% 51196 2670 45%
c x 179.34 28 13 114 38627  2 1967377 49461 1.7 15 9 2 3 64% 51187 2670 45%
c s 180.15 29 13 114 38910  2 1973831 53432 1.7 15 9 2 3 64% 51079 2670 45%
c t 180.16 29 13 114 38910  2 1973831 53430 1.7 15 9 2 3 64% 51073 2670 45%
c e 180.17 29 13 114 38910  2 1973831 53426 1.7 15 9 2 3 64% 51072 2669 45%
c s 180.32 29 13 114 38910  2 1973831 53351 1.7 15 9 2 3 64% 51071 2669 45%
c - 183.85 29 13 115 40347  2 2002442 50416 1.7 15 9 2 3 64% 51071 2669 45%
c p 183.87 29 13 115 40347  2 2002442 50514 1.7 15 9 2 3 64% 51071 2669 45%
c u 183.93 29 13 115 40347  2 2002442 50416 1.7 15 9 2 3 64% 51071 2669 45%
c v 183.96 29 13 115 40347  2 2002442 50378 1.7 15 9 2 3 64% 51071 2669 45%
c w 183.97 29 13 115 40347  2 2002442 50378 1.7 15 9 2 3 64% 51071 2669 45%
c x 184.00 29 13 115 40347  2 2002442 50378 1.7 15 9 2 3 64% 51061 2669 45%
c t 184.01 29 13 115 40347  2 2002442 50378 1.7 15 9 2 3 64% 51058 2669 45%
c B 185.26 29 13 115 41146  2 2016149 60831 1.7 15 9 2 3 64% 51058 2669 45%
c } 185.39 29 13 115 41260  2 2017267 61742 1.7 15 9 2 3 64% 51058 2669 45%
c [ 185.39 29 20 115 41260  1 2017267 61742 1.5 24 15 2 3 59% 51058 2669 45%
c - 187.28 29 19 116 41260  1 2037818 50197 1.5 23 15 2 3 60% 51058 2669 45%
c p 187.30 29 19 116 41260  1 2037818 50314 1.5 23 15 2 3 60% 51058 2669 45%
c u 187.37 29 19 116 41260  1 2037818 50198 1.5 23 15 2 3 60% 51058 2669 45%
c v 187.39 29 19 116 41260  1 2037818 50127 1.5 23 15 2 3 60% 51058 2669 45%
c 
c  seconds    reductions     conflicts         size   tier2      variables
c          MB       restarts        redundant     glue   trail        remaining
c           level         rate           size/glue  tier1  irredundant
c 
c w 187.40 29 19 116 41260  1 2037818 50127 1.5 23 15 2 3 60% 51058 2669 45%
c x 187.44 29 19 116 41260  1 2037818 50127 1.5 23 15 2 3 60% 51057 2669 45%
c t 187.44 29 19 116 41260  1 2037818 50126 1.5 23 15 2 3 60% 51057 2669 45%
c - 190.70 28 20 117 41260  1 2073507 50060 1.5 23 16 2 3 61% 51057 2669 45%
c p 190.71 28 20 117 41260  1 2073507 50172 1.5 23 16 2 3 61% 51057 2669 45%
c u 190.76 28 20 117 41260  1 2073507 50082 1.5 23 16 2 3 61% 51057 2669 45%
c v 190.79 28 20 117 41260  1 2073507 50015 1.5 23 16 2 3 61% 51057 2669 45%
c w 190.79 28 20 117 41260  1 2073507 50015 1.5 23 16 2 3 61% 51057 2669 45%
c x 190.82 28 20 117 41260  1 2073507 50015 1.5 23 16 2 3 61% 51052 2669 45%
c t 190.82 28 20 117 41260  1 2073507 50015 1.5 23 16 2 3 61% 51051 2669 45%
c W 191.83 28 21 117 41260  1 2080151 55062 1.4 23 16 2 3 61% 51051 2669 45%
c - 193.99 32 21 118 41275  1 2109509 49315 1.5 24 16 2 3 60% 51051 2669 45%
c p 194.01 32 21 118 41275  1 2109509 49431 1.5 24 16 2 3 60% 51051 2669 45%
c u 194.06 32 21 118 41275  1 2109509 49340 1.5 24 16 2 3 60% 51051 2669 45%
c v 194.08 32 21 118 41275  1 2109509 49269 1.5 24 16 2 3 60% 51051 2669 45%
c w 194.08 32 21 118 41275  1 2109509 49269 1.5 24 16 2 3 60% 51051 2669 45%
c x 194.11 32 21 118 41275  1 2109509 49269 1.5 24 16 2 3 60% 51048 2669 45%
c t 194.11 32 21 118 41275  1 2109509 49269 1.5 24 16 2 3 60% 51046 2669 45%
c I 196.72 32 21 118 41290  1 2145153 75022 1.5 23 16 2 3 59% 51046 2669 45%
c - 196.82 32 21 119 41290  1 2145820 48959 1.5 24 16 2 3 59% 51046 2669 45%
c 
c  seconds    reductions     conflicts         size   tier2      variables
c          MB       restarts        redundant     glue   trail        remaining
c           level         rate           size/glue  tier1  irredundant
c 
c p 196.83 32 21 119 41290  1 2145820 49055 1.5 24 16 2 3 59% 51046 2669 45%
c u 196.87 32 21 119 41290  1 2145820 48975 1.5 24 16 2 3 59% 51046 2669 45%
c v 196.89 32 21 119 41290  1 2145820 48923 1.5 24 16 2 3 59% 51046 2669 45%
c w 196.89 32 21 119 41290  1 2145820 48923 1.5 24 16 2 3 59% 51046 2669 45%
c x 196.91 32 21 119 41290  1 2145820 48923 1.5 24 16 2 3 59% 51033 2669 45%
c s 198.15 32 21 119 41291  1 2161190 59809 1.4 24 16 2 3 58% 50974 2669 45%
c s 198.30 32 21 119 41291  1 2161190 59762 1.4 24 16 2 3 58% 50974 2669 45%
c ^ 198.31 32 21 119 41291  1 2161190 59762 1.4 24 16 2 3 58% 50974 2669 45%
c - 200.02 32 22 120 41301  1 2182442 49234 1.4 24 17 1 2 58% 50974 2669 45%
c p 200.04 32 22 120 41301  1 2182442 49347 1.4 24 17 1 2 58% 50974 2669 45%
c u 200.22 32 22 120 41301  1 2182442 49208 1.4 24 17 1 2 58% 50974 2669 45%
c v 200.25 32 22 120 41301  1 2182442 49171 1.4 24 17 1 2 58% 50974 2669 45%
c x 200.28 32 22 120 41301  1 2182442 49171 1.4 24 17 1 2 58% 50971 2669 45%
c t 200.28 32 22 120 41301  1 2182442 49171 1.4 24 17 1 2 58% 50965 2669 45%
c ] 201.84 32 22 120 41311  1 2206326 64570 1.4 24 17 1 2 57% 50965 2669 45%
c { 201.84 32 13 120 41311  2 2206326 64570 1.7 15 9 2 3 64% 50965 2669 45%
c W 202.61 32 13 120 41584  2 2211155 68374 1.7 15 9 2 3 64% 50965 2669 45%
c - 203.55 36 13 121 42001  2 2219375 50771 1.7 15 9 2 3 64% 50965 2669 45%
c p 203.56 36 13 121 42001  2 2219375 50896 1.7 15 9 2 3 64% 50965 2669 45%
c u 203.62 36 13 121 42001  2 2219375 50790 1.7 15 9 2 3 64% 50965 2669 45%
c 
c  seconds    reductions     conflicts         size  tier2      variables
c          MB       restarts        redundant     glue  trail        remaining
c           level         rate           size/glue tier1  irredundant
c 
c v 203.64 36 13 121 42001  2 2219375 50732 1.7 15 9 2 3 64% 50965 2669 45%
c w 203.64 36 13 121 42001  2 2219375 50732 1.7 15 9 2 3 64% 50965 2669 45%
c x 203.66 36 13 121 42001  2 2219375 50732 1.7 15 9 2 3 64% 50959 2669 45%
c t 203.67 36 13 121 42001  2 2219375 50731 1.7 15 9 2 3 64% 50958 2669 45%
c - 207.28 36 13 122 44085  2 2256621 53357 1.7 15 9 2 3 64% 50958 2669 45%
c p 207.29 36 13 122 44085  2 2256621 53483 1.7 15 9 2 3 64% 50958 2669 45%
c u 207.34 36 13 122 44085  2 2256621 53333 1.7 15 9 2 3 64% 50958 2669 45%
c v 207.36 36 13 122 44085  2 2256621 53263 1.7 15 9 2 3 64% 50958 2669 45%
c x 207.40 36 13 122 44085  2 2256621 53263 1.7 15 9 2 3 64% 50952 2669 45%
c t 207.40 36 13 122 44085  2 2256621 53263 1.7 15 9 2 3 64% 50949 2669 45%
c F 209.47 36 13 122 45274  2 2278157 69722 1.7 15 9 2 3 64% 50949 2669 45%
c - 211.43 36 13 123 46144  2 2294176 54554 1.7 15 9 2 3 64% 50949 2669 45%
c p 211.45 36 13 123 46144  2 2294176 54673 1.7 15 9 2 3 64% 50949 2669 45%
c u 211.50 36 13 123 46144  2 2294176 54484 1.7 15 9 2 3 64% 50949 2669 45%
c v 211.53 36 13 123 46144  2 2294176 54426 1.7 15 9 2 3 64% 50949 2669 45%
c w 211.53 36 13 123 46144  2 2294176 54426 1.7 15 9 2 3 64% 50949 2669 45%
c x 211.57 36 13 123 46144  2 2294176 54426 1.7 15 9 2 3 64% 50937 2669 45%
c - 215.74 28 13 124 48439  2 2332042 55568 1.7 15 9 2 3 64% 50937 2669 45%
c p 215.76 28 13 124 48439  2 2332042 55688 1.7 15 9 2 3 64% 50937 2669 45%
c u 215.84 28 13 124 48439  2 2332042 55459 1.7 15 9 2 3 64% 50937 2669 45%
c 
c  seconds    reductions     conflicts         size  tier2      variables
c          MB       restarts        redundant     glue  trail        remaining
c           level         rate           size/glue tier1  irredundant
c 
c v 215.87 28 13 124 48439  2 2332042 55378 1.7 15 9 2 3 64% 50937 2669 45%
c w 215.87 28 13 124 48439  2 2332042 55378 1.7 15 9 2 3 64% 50937 2669 45%
c x 215.91 28 13 124 48439  2 2332042 55378 1.7 15 9 2 3 64% 50929 2669 45%
c t 215.91 28 13 124 48439  2 2332042 55376 1.7 15 9 2 3 64% 50928 2669 45%
c B 217.24 28 13 124 49258  2 2346158 66021 1.7 15 9 2 3 64% 50928 2669 45%
c s 218.50 30 13 124 49716  2 2356938 73504 1.7 15 9 2 3 64% 50832 2669 45%
c e 218.54 30 13 124 49716  2 2356938 61282 1.7 15 9 2 3 64% 51148 2545 43%
c s 218.67 30 13 124 49716  2 2356938 61177 1.7 15 9 2 3 64% 51088 2545 43%
c - 220.17 28 13 125 50445  2 2370220 49517 1.7 15 9 2 3 67% 51088 2545 43%
c p 220.19 28 13 125 50445  2 2370220 49631 1.7 15 9 2 3 67% 51088 2545 43%
c u 220.26 28 13 125 50445  2 2370220 49442 1.7 15 9 2 3 67% 51088 2545 43%
c v 220.29 28 13 125 50445  2 2370220 49379 1.7 15 9 2 3 67% 51088 2545 43%
c w 220.30 28 13 125 50445  2 2370220 49379 1.7 15 9 2 3 67% 51088 2545 43%
c x 220.34 28 13 125 50445  2 2370220 49379 1.7 15 9 2 3 67% 51082 2545 43%
c t 220.34 28 13 125 50445  2 2370220 49379 1.7 15 9 2 3 67% 51070 2545 43%
c } 221.32 28 13 125 50928  2 2382108 58438 1.7 15 9 2 3 66% 51070 2545 43%
c [ 221.32 28 22 125 50928  1 2382108 58438 1.4 24 17 1 2 64% 51070 2545 43%
c - 222.90 33 21 126 50938  1 2408709 50731 1.4 23 16 1 2 62% 51070 2545 43%
c p 222.92 33 21 126 50938  1 2408709 50824 1.4 23 16 1 2 62% 51070 2545 43%
c u 222.95 33 21 126 50938  1 2408709 50755 1.4 23 16 1 2 62% 51070 2545 43%
c 
c  seconds    reductions     conflicts         size   tier2      variables
c          MB       restarts        redundant     glue   trail        remaining
c           level         rate           size/glue  tier1  irredundant
c 
c v 222.97 33 21 126 50938  1 2408709 50709 1.4 23 16 1 2 62% 51070 2545 43%
c x 223.00 33 21 126 50938  1 2408709 50709 1.4 23 16 1 2 62% 51067 2545 43%
c t 223.00 33 21 126 50938  1 2408709 50709 1.4 23 16 1 2 62% 51063 2545 43%
c B 223.44 33 21 126 50939  1 2415161 55507 1.4 23 16 1 2 62% 51063 2545 43%
c - 226.16 33 20 127 50940  1 2447510 49770 1.4 23 16 1 2 61% 51063 2545 43%
c p 226.19 33 20 127 50940  1 2447510 49882 1.4 23 16 1 2 61% 51063 2545 43%
c u 226.24 33 20 127 50940  1 2447510 49730 1.4 23 16 1 2 61% 51063 2545 43%
c v 226.27 33 20 127 50940  1 2447510 49677 1.4 23 16 1 2 61% 51063 2545 43%
c w 226.27 33 20 127 50940  1 2447510 49677 1.4 23 16 1 2 61% 51063 2545 43%
c x 226.30 33 20 127 50940  1 2447510 49677 1.4 23 16 1 2 61% 51053 2545 43%
c t 226.31 33 20 127 50940  1 2447510 49677 1.4 23 16 1 2 61% 51040 2545 43%
c W 229.81 33 21 127 50955  1 2485164 77550 1.4 24 16 1 2 60% 51040 2545 43%
c - 229.94 33 21 128 50955  1 2486621 49241 1.4 24 16 1 2 60% 51040 2545 43%
c p 229.96 33 21 128 50955  1 2486621 49348 1.4 24 16 1 2 60% 51040 2545 43%
c u 230.13 33 21 128 50955  1 2486621 49199 1.4 24 16 1 2 60% 51040 2545 43%
c v 230.14 33 21 128 50955  1 2486621 49147 1.4 24 16 1 2 60% 51040 2545 43%
c w 230.15 33 21 128 50955  1 2486621 49147 1.4 24 16 1 2 60% 51040 2545 43%
c x 230.18 33 21 128 50955  1 2486621 49147 1.4 24 16 1 2 60% 51032 2545 43%
c t 230.18 33 21 128 50955  1 2486621 49147 1.4 24 16 1 2 60% 51031 2545 43%
c - 232.55 33 21 129 50971  1 2526043 49025 1.4 24 17 1 2 59% 51031 2545 43%
c 
c  seconds    reductions     conflicts         size   tier2      variables
c          MB       restarts        redundant     glue   trail        remaining
c           level         rate           size/glue  tier1  irredundant
c 
c p 232.57 33 21 129 50971  1 2526043 49154 1.4 24 17 1 2 59% 51031 2545 43%
c u 232.61 33 21 129 50971  1 2526043 49008 1.4 24 17 1 2 59% 51031 2545 43%
c v 232.63 33 21 129 50971  1 2526043 48959 1.4 24 17 1 2 59% 51031 2545 43%
c w 232.63 33 21 129 50971  1 2526043 48959 1.4 24 17 1 2 59% 51031 2545 43%
c x 232.66 33 21 129 50971  1 2526043 48959 1.4 24 17 1 2 59% 51023 2545 43%
c t 232.66 33 21 129 50971  1 2526043 48959 1.4 24 17 1 2 59% 51021 2545 43%
c O 234.58 33 20 129 50981  1 2556166 68118 1.4 23 16 1 2 59% 51021 2545 43%
c s 235.38 33 20 129 50985  1 2564646 73037 1.4 23 16 1 2 59% 50943 2545 43%
c s 235.53 33 20 129 50985  1 2564646 72999 1.4 23 16 1 2 59% 50943 2545 43%
c ^ 235.54 33 20 129 50985  1 2564646 72999 1.4 23 16 1 2 59% 50943 2545 43%
c - 235.69 33 20 130 50985  1 2565776 48221 1.4 23 16 1 2 59% 50943 2545 43%
c p 235.71 33 20 130 50985  1 2565776 48337 1.4 23 16 1 2 59% 50943 2545 43%
c u 235.75 33 20 130 50985  1 2565776 48187 1.4 23 16 1 2 59% 50943 2545 43%
c v 235.77 33 20 130 50985  1 2565776 48145 1.4 23 16 1 2 59% 50943 2545 43%
c w 235.77 33 20 130 50985  1 2565776 48145 1.4 23 16 1 2 59% 50943 2545 43%
c x 235.81 33 20 130 50985  1 2565776 48145 1.4 23 16 1 2 59% 50933 2545 43%
c t 235.81 33 20 130 50985  1 2565776 48145 1.4 23 16 1 2 59% 50925 2545 43%
c - 238.71 33 19 131 51001  1 2605822 48486 1.5 22 15 1 2 58% 50925 2545 43%
c p 238.73 33 19 131 51001  1 2605822 48599 1.5 22 15 1 2 58% 50925 2545 43%
c u 238.79 33 19 131 51001  1 2605822 48401 1.5 22 15 1 2 58% 50925 2545 43%
c 
c  seconds    reductions     conflicts         size   tier2      variables
c          MB       restarts        redundant     glue   trail        remaining
c           level         rate           size/glue  tier1  irredundant
c 
c v 238.81 33 19 131 51001  1 2605822 48352 1.5 22 15 1 2 58% 50925 2545 43%
c x 238.86 33 19 131 51001  1 2605822 48352 1.5 22 15 1 2 58% 50898 2545 43%
c t 238.86 33 19 131 51001  1 2605822 48352 1.5 22 15 1 2 58% 50892 2545 43%
c ] 239.96 33 19 131 51002  1 2622185 59497 1.5 23 15 1 2 58% 50892 2545 43%
c { 239.96 33 13 131 51002  2 2622185 59497 1.7 15 9 2 3 66% 50892 2545 43%
c W 240.80 33 13 131 51327  2 2628167 64190 1.7 15 9 2 3 66% 50892 2545 43%
c - 242.96 35 13 132 52488  2 2646179 51613 1.7 16 9 2 3 66% 50892 2545 43%
c p 242.97 35 13 132 52488  2 2646179 51726 1.7 16 9 2 3 66% 50892 2545 43%
c u 243.03 35 13 132 52488  2 2646179 51569 1.7 16 9 2 3 66% 50892 2545 43%
c v 243.06 35 13 132 52488  2 2646179 51504 1.7 16 9 2 3 66% 50892 2545 43%
c w 243.06 35 13 132 52488  2 2646179 51504 1.7 16 9 2 3 66% 50892 2545 43%
c x 243.10 35 13 132 52488  2 2646179 51504 1.7 16 9 2 3 66% 50879 2545 43%
c - 247.05 35 13 133 54434  2 2686846 53339 1.7 15 9 2 3 66% 50879 2545 43%
c p 247.06 35 13 133 54434  2 2686846 53459 1.7 15 9 2 3 66% 50879 2545 43%
c u 247.13 35 13 133 54434  2 2686846 53372 1.7 15 9 2 3 66% 50879 2545 43%
c v 247.16 35 13 133 54434  2 2686846 53325 1.7 15 9 2 3 66% 50879 2545 43%
c w 247.16 35 13 133 54434  2 2686846 53325 1.7 15 9 2 3 66% 50879 2545 43%
c x 247.20 35 13 133 54434  2 2686846 53325 1.7 15 9 2 3 66% 50868 2545 43%
c t 247.20 35 13 133 54434  2 2686846 53325 1.7 15 9 2 3 66% 50865 2545 43%
c # 248.50 35 13 133 55262  2 2701170 64249 1.7 15 9 2 3 66% 50865 2545 43%
c 
c  seconds    reductions     conflicts         size  tier2      variables
c          MB       restarts        redundant     glue  trail        remaining
c           level         rate           size/glue tier1  irredundant
c 
c - 251.57 35 13 134 56689  2 2727826 54958 1.7 15 9 2 3 66% 50865 2545 43%
c p 251.59 35 13 134 56689  2 2727826 55082 1.7 15 9 2 3 66% 50865 2545 43%
c u 251.66 35 13 134 56689  2 2727826 54967 1.7 15 9 2 3 66% 50865 2545 43%
c v 251.69 35 13 134 56689  2 2727826 54915 1.7 15 9 2 3 66% 50865 2545 43%
c w 251.69 35 13 134 56689  2 2727826 54915 1.7 15 9 2 3 66% 50865 2545 43%
c x 251.74 35 13 134 56689  2 2727826 54915 1.7 15 9 2 3 66% 50834 2545 43%
c t 251.74 35 13 134 56689  2 2727826 54915 1.7 15 9 2 3 66% 50821 2545 43%
c - 256.41 35 13 135 59168  2 2769117 56365 1.7 16 9 2 3 66% 50821 2545 43%
c p 256.43 35 13 135 59168  2 2769117 56490 1.7 16 9 2 3 66% 50821 2545 43%
c u 256.50 35 13 135 59168  2 2769117 56357 1.7 16 9 2 3 66% 50821 2545 43%
c v 256.53 35 13 135 59168  2 2769117 56314 1.7 16 9 2 3 66% 50821 2545 43%
c x 256.58 35 13 135 59168  2 2769117 56314 1.7 16 9 2 3 66% 50781 2545 43%
c t 256.58 35 13 135 59168  2 2769117 56313 1.7 16 9 2 3 66% 50778 2545 43%
c B 257.13 35 13 135 59425  2 2775171 60690 1.7 16 9 2 3 66% 50778 2545 43%
c s 257.96 35 13 135 59958  2 2780804 64412 1.7 16 9 2 3 66% 50672 2545 43%
c e 258.01 35 13 135 59958  2 2780804 55940 1.7 16 9 2 3 66% 51154 2453 42%
c s 258.14 35 13 135 59958  2 2780804 55859 1.7 16 9 2 3 66% 51078 2453 42%
c - 261.03 35 13 136 61123  2 2810721 51775 1.7 15 9 2 3 66% 51078 2453 42%
c p 261.05 35 13 136 61123  2 2810721 51879 1.7 15 9 2 3 66% 51078 2453 42%
c u 261.10 35 13 136 61123  2 2810721 51756 1.7 15 9 2 3 66% 51078 2453 42%
c 
c  seconds    reductions     conflicts         size  tier2      variables
c          MB       restarts        redundant     glue  trail        remaining
c           level         rate           size/glue tier1  irredundant
c 
c v 261.12 35 13 136 61123  2 2810721 51718 1.7 15 9 2 3 66% 51078 2453 42%
c w 261.12 35 13 136 61123  2 2810721 51718 1.7 15 9 2 3 66% 51078 2453 42%
c x 261.15 35 13 136 61123  2 2810721 51718 1.7 15 9 2 3 66% 51058 2453 42%
c t 261.15 35 13 136 61123  2 2810721 51718 1.7 15 9 2 3 66% 51045 2453 42%
c } 262.74 35 13 136 62284  2 2828216 65677 1.7 15 9 2 3 66% 51045 2453 42%
c [ 262.74 35 19 136 62284  1 2828216 65677 1.5 23 15 1 2 58% 51045 2453 42%
c B 264.42 35 18 136 62285  1 2850172 78269 1.5 21 15 1 2 60% 51045 2453 42%
c - 264.66 35 18 137 62285  1 2852637 52523 1.5 21 15 1 2 60% 51045 2453 42%
c p 264.68 35 18 137 62285  1 2852637 52618 1.5 21 15 1 2 60% 51045 2453 42%
c u 264.87 35 18 137 62285  1 2852637 52488 1.5 21 15 1 2 60% 51045 2453 42%
c v 264.90 35 18 137 62285  1 2852637 52454 1.5 21 15 1 2 60% 51045 2453 42%
c x 264.93 35 18 137 62285  1 2852637 52454 1.5 21 15 1 2 60% 51041 2453 42%
c t 264.94 35 18 137 62285  1 2852637 52454 1.5 21 15 1 2 60% 51039 2453 42%
c - 268.19 35 19 138 62286  1 2894861 52529 1.4 21 15 1 2 60% 51039 2453 42%
c p 268.21 35 19 138 62286  1 2894861 52616 1.4 21 15 1 2 60% 51039 2453 42%
c u 268.27 35 19 138 62286  1 2894861 52380 1.4 21 15 1 2 60% 51039 2453 42%
c v 268.29 35 19 138 62286  1 2894861 52345 1.4 21 15 1 2 60% 51039 2453 42%
c w 268.29 35 19 138 62286  1 2894861 52345 1.4 21 15 1 2 60% 51039 2453 42%
c x 268.33 35 19 138 62286  1 2894861 52345 1.4 21 15 1 2 60% 51026 2453 42%
c t 268.33 35 19 138 62286  1 2894861 52345 1.4 21 15 1 2 60% 51022 2453 42%
c 
c  seconds    reductions     conflicts         size   tier2      variables
c          MB       restarts        redundant     glue   trail        remaining
c           level         rate           size/glue  tier1  irredundant
c 
c W 271.64 35 20 138 62286  1 2926174 73557 1.4 21 15 1 2 61% 51022 2453 42%
c - 272.48 35 20 139 62292  1 2937399 52176 1.4 22 16 1 2 61% 51022 2453 42%
c p 272.50 35 20 139 62292  1 2937399 52278 1.4 22 16 1 2 61% 51022 2453 42%
c u 272.56 35 20 139 62292  1 2937399 52096 1.4 22 16 1 2 61% 51022 2453 42%
c v 272.58 35 20 139 62292  1 2937399 52060 1.4 22 16 1 2 61% 51022 2453 42%
c w 272.59 35 20 139 62292  1 2937399 52060 1.4 22 16 1 2 61% 51022 2453 42%
c x 272.63 35 20 139 62292  1 2937399 52060 1.4 22 16 1 2 61% 51013 2453 42%
c t 272.63 35 20 139 62292  1 2937399 52060 1.4 22 16 1 2 61% 51012 2453 42%
c - 275.87 35 20 140 62313  1 2980247 51139 1.4 22 15 1 2 59% 51012 2453 42%
c p 275.89 35 20 140 62313  1 2980247 51246 1.4 22 15 1 2 59% 51012 2453 42%
c u 275.95 35 20 140 62313  1 2980247 51072 1.4 22 15 1 2 59% 51012 2453 42%
c v 275.97 35 20 140 62313  1 2980247 51049 1.4 22 15 1 2 59% 51012 2453 42%
c w 275.97 35 20 140 62313  1 2980247 51049 1.4 22 15 1 2 59% 51012 2453 42%
c x 276.02 35 20 140 62313  1 2980247 51049 1.4 22 15 1 2 59% 50992 2453 42%
c t 276.02 35 20 140 62313  1 2980247 51049 1.4 22 15 1 2 59% 50983 2453 42%
c I 277.46 35 19 140 62317  1 3003175 64437 1.4 21 15 1 2 58% 50983 2453 42%
c s 277.93 35 19 140 62317  1 3008571 67685 1.4 22 15 1 2 58% 50900 2453 42%
c s 278.08 35 19 140 62317  1 3008571 67611 1.4 22 15 1 2 58% 50900 2453 42%
c - 279.13 35 20 141 62324  1 3023405 50054 1.4 22 16 1 2 57% 50900 2453 42%
c p 279.15 35 20 141 62324  1 3023405 50144 1.4 22 16 1 2 57% 50900 2453 42%
c 
c  seconds    reductions     conflicts         size   tier2      variables
c          MB       restarts        redundant     glue   trail        remaining
c           level         rate           size/glue  tier1  irredundant
c 
c u 279.20 35 20 141 62324  1 3023405 50057 1.4 22 16 1 2 57% 50900 2453 42%
c v 279.22 35 20 141 62324  1 3023405 50027 1.4 22 16 1 2 57% 50900 2453 42%
c w 279.23 35 20 141 62324  1 3023405 50027 1.4 22 16 1 2 57% 50900 2453 42%
c x 279.26 35 20 141 62324  1 3023405 50027 1.4 22 16 1 2 57% 50884 2453 42%
c t 279.26 35 20 141 62324  1 3023405 50027 1.4 22 16 1 2 57% 50881 2453 42%
c - 282.19 35 21 142 62346  1 3066877 50572 1.4 22 17 1 2 55% 50881 2453 42%
c p 282.21 35 21 142 62346  1 3066877 50675 1.4 22 17 1 2 55% 50881 2453 42%
c u 282.26 35 21 142 62346  1 3066877 50553 1.4 22 17 1 2 55% 50881 2453 42%
c v 282.28 35 21 142 62346  1 3066877 50511 1.4 22 17 1 2 55% 50881 2453 42%
c x 282.31 35 21 142 62346  1 3066877 50511 1.4 22 17 1 2 55% 50867 2453 42%
c B 283.26 35 21 142 62348  1 3081177 59605 1.4 22 17 1 2 55% 50867 2453 42%
c ] 283.43 35 21 142 62348  1 3083671 61304 1.4 23 17 1 2 55% 50867 2453 42%
c { 283.43 35 13 142 62348  2 3083671 61304 1.7 15 9 2 3 66% 50867 2453 42%
c - 286.17 39 13 143 64080  2 3110660 53775 1.7 15 9 2 3 65% 50867 2453 42%
c p 286.19 39 13 143 64080  2 3110660 53870 1.7 15 9 2 3 65% 50867 2453 42%
c u 286.25 39 13 143 64080  2 3110660 53712 1.7 15 9 2 3 65% 50867 2453 42%
c v 286.27 39 13 143 64080  2 3110660 53650 1.7 15 9 2 3 65% 50867 2453 42%
c x 286.31 39 13 143 64080  2 3110660 53650 1.7 15 9 2 3 65% 50832 2453 42%
c - 290.79 44 13 144 66012  2 3154752 56057 1.7 15 9 2 3 65% 50832 2453 42%
c p 290.81 44 13 144 66012  2 3154752 56155 1.7 15 9 2 3 65% 50832 2453 42%
c 
c  seconds    reductions     conflicts         size  tier2      variables
c          MB       restarts        redundant     glue  trail        remaining
c           level         rate           size/glue tier1  irredundant
c 
c u 290.86 44 13 144 66012  2 3154752 56016 1.7 15 9 2 3 65% 50832 2453 42%
c v 290.88 44 13 144 66012  2 3154752 55943 1.7 15 9 2 3 65% 50832 2453 42%
c w 290.89 44 13 144 66012  2 3154752 55943 1.7 15 9 2 3 65% 50832 2453 42%
c x 290.93 44 13 144 66012  2 3154752 55943 1.7 15 9 2 3 65% 50820 2453 42%
c t 290.93 44 13 144 66012  2 3154752 55943 1.7 15 9 2 3 65% 50813 2453 42%
c W 291.84 44 13 144 66218  2 3160178 60037 1.7 15 9 2 3 65% 50813 2453 42%
c - 295.30 44 13 145 67767  2 3199156 57222 1.6 15 9 2 3 64% 50813 2453 42%
c p 295.32 44 13 145 67767  2 3199156 57314 1.6 15 9 2 3 64% 50813 2453 42%
c u 295.38 44 13 145 67767  2 3199156 57154 1.6 15 9 2 3 64% 50813 2453 42%
c v 295.40 44 13 145 67767  2 3199156 57083 1.6 15 9 2 3 64% 50813 2453 42%
c w 295.40 44 13 145 67767  2 3199156 57083 1.6 15 9 2 3 64% 50813 2453 42%
c x 295.44 44 13 145 67767  2 3199156 57083 1.6 15 9 2 3 64% 50792 2453 42%
c F 299.10 44 13 145 69572  2 3240179 86707 1.6 15 9 2 3 64% 50792 2453 42%
c - 299.58 44 13 146 69835  2 3243871 58228 1.6 15 9 2 3 64% 50792 2453 42%
c p 299.60 44 13 146 69835  2 3243871 58323 1.6 15 9 2 3 64% 50792 2453 42%
c u 299.67 44 13 146 69835  2 3243871 58175 1.6 15 9 2 3 64% 50792 2453 42%
c v 299.70 44 13 146 69835  2 3243871 58111 1.6 15 9 2 3 64% 50792 2453 42%
c w 299.70 44 13 146 69835  2 3243871 58111 1.6 15 9 2 3 64% 50792 2453 42%
c x 299.74 44 13 146 69835  2 3243871 58111 1.6 15 9 2 3 64% 50757 2453 42%
c s 300.00 44 13 146 69839  2 3244827 58043 1.6 15 9 2 3 64% 50478 2453 42%
c 
c  seconds    reductions     conflicts         size  tier2      variables
c          MB       restarts        redundant     glue  trail        remaining
c           level         rate           size/glue tier1  irredundant
c 
c e 300.03 44 13 146 69839  2 3244827 58043 1.6 15 9 2 3 64% 50477 2452 42%
c s 300.19 44 13 146 69839  2 3244827 57941 1.6 15 9 2 3 64% 50477 2452 42%
c - 304.58 32 13 147 72264  2 3288899 58704 1.6 15 9 2 3 64% 50477 2452 42%
c p 304.60 32 13 147 72264  2 3288899 58805 1.6 15 9 2 3 64% 50477 2452 42%
c u 304.82 32 13 147 72264  2 3288899 58627 1.6 15 9 2 3 64% 50477 2452 42%
c v 304.85 32 13 147 72264  2 3288899 58562 1.6 15 9 2 3 64% 50477 2452 42%
c x 304.89 32 13 147 72264  2 3288899 58562 1.6 15 9 2 3 64% 50423 2452 42%
c t 304.90 32 13 147 72264  2 3288899 58562 1.6 15 9 2 3 64% 50413 2452 42%
c B 308.12 32 12 147 73624  2 3321180 81606 1.6 15 9 2 3 64% 50413 2452 42%
c } 308.44 32 13 147 73925  2 3322602 82917 1.6 15 9 2 3 64% 50413 2452 42%
c [ 308.44 32 21 147 73925  1 3322602 82917 1.4 23 17 1 2 55% 50413 2452 42%
c - 309.68 37 20 148 73926  1 3334237 60407 1.4 22 16 1 2 56% 50413 2452 42%
c p 309.70 37 20 148 73926  1 3334237 60504 1.4 22 16 1 2 56% 50413 2452 42%
c u 309.76 37 20 148 73926  1 3334237 60327 1.4 22 16 1 2 56% 50413 2452 42%
c v 309.80 37 20 148 73926  1 3334237 60255 1.4 22 16 1 2 56% 50413 2452 42%
c w 309.80 37 20 148 73926  1 3334237 60255 1.4 22 16 1 2 56% 50413 2452 42%
c x 309.84 37 20 148 73926  1 3334237 60255 1.4 22 16 1 2 56% 50356 2452 42%
c - 313.13 37 21 149 73934  1 3379886 61566 1.4 23 16 1 2 55% 50356 2452 42%
c p 313.16 37 21 149 73934  1 3379886 61658 1.4 23 16 1 2 55% 50356 2452 42%
c u 313.21 37 21 149 73934  1 3379886 61530 1.4 23 16 1 2 55% 50356 2452 42%
c 
c  seconds    reductions     conflicts         size   tier2      variables
c          MB       restarts        redundant     glue   trail        remaining
c           level         rate           size/glue  tier1  irredundant
c 
c v 313.24 37 21 149 73934  1 3379886 61474 1.4 23 16 1 2 55% 50356 2452 42%
c w 313.24 37 21 149 73934  1 3379886 61474 1.4 23 16 1 2 55% 50356 2452 42%
c x 313.28 37 21 149 73934  1 3379886 61474 1.4 23 16 1 2 55% 50323 2452 42%
c t 313.28 37 21 149 73934  1 3379886 61473 1.4 23 16 1 2 55% 50323 2452 42%
c W 315.55 37 22 149 73944  1 3403181 78700 1.4 23 16 1 2 55% 50323 2452 42%
c - 317.20 37 22 150 73956  1 3425847 58388 1.4 23 17 1 2 55% 50323 2452 42%
c p 317.22 37 22 150 73956  1 3425847 58484 1.4 23 17 1 2 55% 50323 2452 42%
c u 317.27 37 22 150 73956  1 3425847 58406 1.4 23 17 1 2 55% 50323 2452 42%
c v 317.30 37 22 150 73956  1 3425847 58359 1.4 23 17 1 2 55% 50323 2452 42%
c w 317.30 37 22 150 73956  1 3425847 58359 1.4 23 17 1 2 55% 50323 2452 42%
c x 317.35 37 22 150 73956  1 3425847 58359 1.4 23 17 1 2 55% 50322 2452 42%
c - 320.41 37 22 151 73971  1 3472120 57548 1.4 23 17 1 2 54% 50322 2452 42%
c p 320.43 37 22 151 73971  1 3472120 57640 1.4 23 17 1 2 54% 50322 2452 42%
c u 320.48 37 22 151 73971  1 3472120 57490 1.4 23 17 1 2 54% 50322 2452 42%
c v 320.51 37 22 151 73971  1 3472120 57434 1.4 23 17 1 2 54% 50322 2452 42%
c x 320.54 37 22 151 73971  1 3472120 57432 1.4 23 17 1 2 54% 50322 2452 42%
c t 320.54 37 22 151 73971  1 3472120 57431 1.4 23 17 1 2 54% 50322 2452 42%
c O 321.27 37 22 151 73975  1 3486182 66659 1.4 23 17 1 2 54% 50322 2452 42%
c s 321.66 37 21 151 73978  1 3489192 68128 1.4 23 17 1 2 54% 50030 2452 42%
c t 321.67 37 21 151 73978  1 3489192 68128 1.4 23 17 1 2 54% 50029 2452 42%
c 
c  seconds    reductions     conflicts         size   tier2      variables
c          MB       restarts        redundant     glue   trail        remaining
c           level         rate           size/glue  tier1  irredundant
c 
c s 321.83 37 21 151 73978  1 3489192 68032 1.4 23 17 1 2 54% 50029 2452 42%
c - 324.03 37 20 152 73988  1 3518706 56655 1.4 22 16 1 2 54% 50029 2452 42%
c p 324.05 37 20 152 73988  1 3518706 56759 1.4 22 16 1 2 54% 50029 2452 42%
c u 324.09 37 20 152 73988  1 3518706 56689 1.4 22 16 1 2 54% 50029 2452 42%
c v 324.11 37 20 152 73988  1 3518706 56644 1.4 22 16 1 2 54% 50029 2452 42%
c w 324.11 37 20 152 73988  1 3518706 56644 1.4 22 16 1 2 54% 50029 2452 42%
c x 324.15 37 20 152 73988  1 3518706 56644 1.4 22 16 1 2 54% 50029 2452 42%
c - 327.31 37 19 153 73990  1 3565601 57117 1.5 22 15 1 2 54% 50029 2452 42%
c p 327.33 37 19 153 73990  1 3565601 57217 1.5 22 15 1 2 54% 50029 2452 42%
c u 327.38 37 19 153 73990  1 3565601 57111 1.5 22 15 1 2 54% 50029 2452 42%
c v 327.40 37 19 153 73990  1 3565601 57056 1.5 22 15 1 2 54% 50029 2452 42%
c w 327.40 37 19 153 73990  1 3565601 57056 1.5 22 15 1 2 54% 50029 2452 42%
c x 327.43 37 19 153 73990  1 3565601 57056 1.5 22 15 1 2 54% 50029 2452 42%
c B 327.74 37 19 153 73990  1 3570183 59910 1.5 22 15 1 2 54% 50029 2452 42%
c ] 329.83 37 18 153 73990  1 3601689 80032 1.5 22 15 1 2 55% 50029 2452 42%
c { 329.83 37 13 153 73990  2 3601689 80032 1.6 15 9 2 3 64% 50029 2452 42%
c i 329.87 37 13 153 74034  2 3601918 80237 1.6 15 9 2 3 64% 50029 2451 42%
c - 330.99 37 13 154 74636  2 3612807 58317 1.6 15 9 2 3 64% 50026 2451 42%
c p 331.01 37 13 154 74636  2 3612807 58540 1.6 15 9 2 3 64% 50026 2447 42%
c u 331.07 37 13 154 74636  2 3612807 58422 1.6 15 9 2 3 64% 50026 2447 42%
c 
c  seconds    reductions     conflicts         size  tier2      variables
c          MB       restarts        redundant     glue  trail        remaining
c           level         rate           size/glue tier1  irredundant
c 
c v 331.10 37 13 154 74636  2 3612807 58359 1.6 15 9 2 3 64% 50026 2447 42%
c w 331.10 37 13 154 74636  2 3612807 58358 1.6 15 9 2 3 64% 50026 2447 42%
c x 331.15 37 13 154 74636  2 3612807 58358 1.6 15 9 2 3 64% 50025 2447 42%
c W 335.71 44 13 154 76824  2 3655185 89057 1.6 15 9 2 3 64% 49994 2447 42%
c - 336.35 37 13 155 77204  2 3660326 61317 1.6 15 9 2 3 64% 49994 2447 42%
c p 336.37 37 13 155 77204  2 3660326 61456 1.6 15 9 2 3 64% 49994 2446 42%
c u 336.43 37 13 155 77204  2 3660326 61271 1.6 15 9 2 3 64% 49994 2446 42%
c v 336.47 37 13 155 77204  2 3660326 61189 1.6 15 9 2 3 64% 49994 2446 42%
c w 336.47 37 13 155 77204  2 3660326 61189 1.6 15 9 2 3 64% 49994 2446 42%
c x 336.52 37 13 155 77204  2 3660326 61189 1.6 15 9 2 3 64% 49994 2446 42%
c t 336.52 37 13 155 77204  2 3660326 61188 1.6 15 9 2 3 64% 49994 2446 42%
c - 340.69 37 12 156 79155  2 3708157 62374 1.6 15 9 2 3 64% 49986 2446 42%
c p 340.71 37 12 156 79155  2 3708157 62476 1.6 15 9 2 3 64% 49986 2446 42%
c u 340.79 37 12 156 79155  2 3708157 62215 1.6 15 9 2 3 64% 49986 2446 42%
c v 340.83 37 12 156 79155  2 3708157 62102 1.6 15 9 2 3 64% 49986 2446 42%
c w 340.83 37 12 156 79155  2 3708157 62102 1.6 15 9 2 3 64% 49986 2446 42%
c t 340.83 37 12 156 79155  2 3708157 62100 1.6 15 9 2 3 64% 49986 2446 42%
c # 343.98 37 13 156 81256  2 3741187 86694 1.6 15 9 2 3 64% 49986 2446 42%
c s 344.25 37 13 156 81315  2 3741535 86402 1.6 15 9 2 3 64% 49975 2446 42%
c e 344.26 37 13 156 81315  2 3741535 86383 1.6 15 9 2 3 64% 49980 2445 42%
c 
c  seconds    reductions     conflicts         size  tier2      variables
c          MB       restarts        redundant     glue  trail        remaining
c           level         rate           size/glue tier1  irredundant
c 
c s 344.47 37 13 156 81315  2 3741535 86262 1.6 15 9 2 3 64% 49977 2445 42%
c - 346.15 40 13 157 82303  2 3756298 63637 1.6 15 9 2 3 64% 49977 2445 42%
c p 346.17 40 13 157 82303  2 3756298 63739 1.6 15 9 2 3 64% 49977 2445 42%
c u 346.25 40 13 157 82303  2 3756298 63577 1.6 15 9 2 3 64% 49977 2445 42%
c v 346.28 40 13 157 82303  2 3756298 63485 1.6 15 9 2 3 64% 49977 2445 42%
c w 346.28 40 13 157 82303  2 3756298 63485 1.6 15 9 2 3 64% 49977 2445 42%
c x 346.32 40 13 157 82303  2 3756298 63485 1.6 15 9 2 3 64% 49977 2445 42%
c - 350.47 40 12 158 84318  2 3804755 64077 1.6 14 9 2 3 64% 49977 2445 42%
c p 350.49 40 12 158 84318  2 3804755 64178 1.6 14 9 2 3 64% 49977 2445 42%
c u 350.72 40 12 158 84318  2 3804755 63805 1.6 14 9 2 3 64% 49977 2445 42%
c v 350.76 40 12 158 84318  2 3804755 63715 1.6 14 9 2 3 64% 49977 2445 42%
c w 350.76 40 12 158 84318  2 3804755 63715 1.6 14 9 2 3 64% 49977 2445 42%
c B 352.81 40 12 158 85394  2 3828189 80184 1.6 14 9 2 3 64% 49977 2445 42%
c } 355.59 40 13 158 87157  2 3851647 97685 1.6 15 9 2 3 63% 49977 2445 42%
c [ 355.59 40 18 158 87157  1 3851647 97685 1.5 22 15 1 2 55% 49977 2445 42%
c - 355.77 40 18 159 87157  1 3853519 64864 1.5 22 15 1 2 55% 49977 2445 42%
c p 355.80 40 18 159 87157  1 3853519 65239 1.5 22 15 1 2 55% 49977 2439 42%
c u 355.90 40 18 159 87157  1 3853519 64863 1.5 22 15 1 2 55% 49977 2439 42%
c v 355.96 40 18 159 87157  1 3853519 64772 1.5 22 15 1 2 55% 49977 2439 42%
c t 355.96 40 18 159 87157  1 3853519 64771 1.5 22 15 1 2 55% 49977 2439 42%
c 
c  seconds    reductions     conflicts         size   tier2      variables
c          MB       restarts        redundant     glue   trail        remaining
c           level         rate           size/glue  tier1  irredundant
c 
c - 360.07 40 19 160 87158  1 3902595 63993 1.4 21 15 1 2 57% 49946 2439 42%
c p 360.09 40 19 160 87158  1 3902595 64115 1.4 21 15 1 2 57% 49946 2438 42%
c u 360.15 40 19 160 87158  1 3902595 63886 1.4 21 15 1 2 57% 49946 2438 42%
c v 360.18 40 19 160 87158  1 3902595 63832 1.4 21 15 1 2 57% 49946 2438 42%
c t 360.22 40 19 160 87158  1 3902595 63831 1.4 21 15 1 2 57% 49946 2438 42%
c W 361.94 40 18 160 87158  1 3916190 72788 1.4 21 15 1 2 58% 49940 2438 42%
c - 364.62 40 20 161 87158  1 3951984 63440 1.4 22 16 1 2 56% 49940 2438 42%
c p 364.65 40 20 161 87158  1 3951984 63528 1.4 22 16 1 2 56% 49940 2438 42%
c u 364.74 40 20 161 87158  1 3951984 63340 1.4 22 16 1 2 56% 49940 2438 42%
c v 364.77 40 20 161 87158  1 3951984 63268 1.4 22 16 1 2 56% 49940 2438 42%
c w 364.77 40 20 161 87158  1 3951984 63268 1.4 22 16 1 2 56% 49940 2438 42%
c - 368.47 40 21 162 87158  1 4001682 61827 1.4 23 17 1 2 56% 49940 2438 42%
c p 368.49 40 21 162 87158  1 4001682 61912 1.4 23 17 1 2 56% 49940 2438 42%
c u 368.57 40 21 162 87158  1 4001682 61697 1.4 23 17 1 2 56% 49940 2438 42%
c v 368.60 40 21 162 87158  1 4001682 61626 1.4 23 17 1 2 56% 49940 2438 42%
c w 368.61 40 21 162 87158  1 4001682 61626 1.4 23 17 1 2 56% 49940 2438 42%
c t 368.61 40 21 162 87158  1 4001682 61625 1.4 23 17 1 2 56% 49940 2438 42%
c s 368.87 40 21 162 87158  1 4002737 62027 1.4 23 17 1 2 56% 49924 2438 42%
c e 368.88 40 21 162 87158  1 4002737 61998 1.4 23 17 1 2 56% 49935 2434 41%
c s 369.05 40 21 162 87158  1 4002737 61935 1.4 23 17 1 2 56% 49930 2434 41%
c 
c  seconds    reductions     conflicts         size   tier2      variables
c          MB       restarts        redundant     glue   trail        remaining
c           level         rate           size/glue  tier1  irredundant
c 
c I 369.24 40 21 162 87158  1 4005191 63863 1.4 23 17 1 2 56% 49930 2434 41%
c - 372.09 40 22 163 87159  1 4051693 61157 1.3 24 18 1 2 54% 49930 2434 41%
c p 372.11 40 22 163 87159  1 4051693 61245 1.3 24 18 1 2 54% 49930 2434 41%
c u 372.17 40 22 163 87159  1 4051693 61001 1.3 24 18 1 2 54% 49930 2434 41%
c v 372.20 40 22 163 87159  1 4051693 60954 1.3 24 18 1 2 54% 49930 2434 41%
c w 372.21 40 22 163 87159  1 4051693 60954 1.3 24 18 1 2 54% 49930 2434 41%
c B 374.69 40 22 163 87159  1 4095192 90593 1.3 24 18 1 2 53% 49930 2434 41%
c - 375.25 40 22 164 87159  1 4102016 61261 1.3 24 18 1 2 53% 49930 2434 41%
c p 375.27 40 22 164 87159  1 4102016 61341 1.3 24 18 1 2 53% 49930 2434 41%
c u 375.32 40 22 164 87159  1 4102016 61226 1.3 24 18 1 2 53% 49930 2434 41%
c v 375.34 40 22 164 87159  1 4102016 61175 1.3 24 18 1 2 53% 49930 2434 41%
c w 375.34 40 22 164 87159  1 4102016 61175 1.3 24 18 1 2 53% 49930 2434 41%
c x 375.37 40 22 164 87159  1 4102016 61175 1.3 24 18 1 2 53% 49929 2434 41%
c - 378.70 40 22 165 87159  1 4152649 61163 1.3 23 17 1 2 53% 49929 2434 41%
c p 378.72 40 22 165 87159  1 4152649 61244 1.3 23 17 1 2 53% 49929 2434 41%
c u 378.79 40 22 165 87159  1 4152649 61115 1.3 23 17 1 2 53% 49929 2434 41%
c v 378.83 40 22 165 87159  1 4152649 61030 1.3 23 17 1 2 53% 49929 2434 41%
c w 378.83 40 22 165 87159  1 4152649 61030 1.3 23 17 1 2 53% 49929 2434 41%
c ] 379.30 40 22 165 87159  1 4161219 67347 1.3 23 17 1 2 53% 49929 2434 41%
c { 379.30 40 13 165 87159  2 4161219 67347 1.6 15 9 2 3 63% 49929 2434 41%
c 
c  seconds    reductions     conflicts         size  tier2      variables
c          MB       restarts        redundant     glue  trail        remaining
c           level         rate           size/glue tier1  irredundant
c 
c W 381.90 40 13 165 88324  2 4186193 84429 1.6 15 9 2 3 64% 49929 2434 41%
c - 383.78 40 13 166 89083  2 4203596 64175 1.6 15 9 2 3 63% 49929 2434 41%
c p 383.79 40 13 166 89083  2 4203596 64248 1.6 15 9 2 3 63% 49929 2434 41%
c u 383.89 40 13 166 89083  2 4203596 64114 1.6 15 9 2 3 63% 49929 2434 41%
c v 383.93 40 13 166 89083  2 4203596 64015 1.6 15 9 2 3 63% 49929 2434 41%
c w 383.93 40 13 166 89083  2 4203596 64015 1.6 15 9 2 3 63% 49929 2434 41%
c - 388.53 40 12 167 91272  2 4254853 65555 1.6 14 9 2 3 64% 49929 2434 41%
c p 388.55 40 12 167 91272  2 4254853 65638 1.6 14 9 2 3 64% 49929 2434 41%
c u 388.64 40 12 167 91272  2 4254853 65526 1.6 14 9 2 3 64% 49929 2434 41%
c v 388.68 40 12 167 91272  2 4254853 65434 1.6 14 9 2 3 64% 49929 2434 41%
c w 388.68 40 12 167 91272  2 4254853 65434 1.6 14 9 2 3 64% 49929 2434 41%
c s 390.35 40 12 167 91890  1 4272969 77314 1.6 14 9 2 3 64% 49928 2434 41%
c s 390.58 40 12 167 91890  1 4272969 77250 1.6 14 9 2 3 64% 49928 2434 41%
c F 391.11 40 12 167 92155  1 4278195 81227 1.6 14 9 2 3 64% 49928 2434 41%
c - 394.04 40 12 168 93808  2 4306421 66814 1.6 14 9 2 3 64% 49928 2434 41%
c p 394.06 40 12 168 93808  2 4306421 66897 1.6 14 9 2 3 64% 49928 2434 41%
c u 394.19 40 12 168 93808  2 4306421 66709 1.6 14 9 2 3 64% 49928 2434 41%
c v 394.24 40 12 168 93808  2 4306421 66611 1.6 14 9 2 3 64% 49928 2434 41%
c w 394.24 40 12 168 93808  2 4306421 66611 1.6 14 9 2 3 64% 49928 2434 41%
c - 398.99 40 12 169 95887  1 4358301 67566 1.6 14 9 2 3 63% 49928 2434 41%
c 
c  seconds    reductions     conflicts         size  tier2      variables
c          MB       restarts        redundant     glue  trail        remaining
c           level         rate           size/glue tier1  irredundant
c 
c p 399.01 40 12 169 95887  1 4358301 67649 1.6 14 9 2 3 63% 49928 2434 41%
c u 399.07 40 12 169 95887  1 4358301 67510 1.6 14 9 2 3 63% 49928 2434 41%
c v 399.10 40 12 169 95887  1 4358301 67438 1.6 14 9 2 3 63% 49928 2434 41%
c w 399.10 40 12 169 95887  1 4358301 67438 1.6 14 9 2 3 63% 49928 2434 41%
c x 399.15 40 12 169 95887  1 4358301 67438 1.6 14 9 2 3 63% 49928 2434 41%
c B 400.15 40 12 169 96520  1 4371197 76569 1.6 14 9 2 3 63% 49928 2434 41%
c - 403.97 40 12 170 98367  1 4410492 68529 1.6 14 9 2 3 63% 49928 2434 41%
c p 403.98 40 12 170 98367  1 4410492 68608 1.6 14 9 2 3 63% 49928 2434 41%
c u 404.30 40 12 170 98367  1 4410492 68407 1.6 14 9 2 3 63% 49928 2434 41%
c v 404.36 40 12 170 98367  1 4410492 68305 1.6 14 9 2 3 63% 49928 2434 41%
c t 404.37 40 12 170 98367  1 4410492 68304 1.6 14 9 2 3 63% 49928 2434 41%
c } 407.41 40 12 170 100198  1 4441865 90770 1.6 14 9 2 3 63% 49928 2434 41%
c [ 407.41 40 22 170 100198  1 4441865 90770 1.3 23 17 1 2 53% 49928 2434 41%
c - 409.16 40 21 171 100198  1 4462994 69248 1.4 22 17 1 2 54% 49928 2434 41%
c p 409.18 40 21 171 100198  1 4462994 69328 1.4 22 17 1 2 54% 49928 2434 41%
c u 409.28 40 21 171 100198  1 4462994 69046 1.4 22 17 1 2 54% 49928 2434 41%
c v 409.34 40 21 171 100198  1 4462994 68975 1.4 22 17 1 2 54% 49928 2434 41%
c w 409.34 40 21 171 100198  1 4462994 68975 1.4 22 17 1 2 54% 49928 2434 41%
c W 410.24 40 21 171 100198  1 4465198 70772 1.4 22 17 1 2 54% 49928 2434 41%
c - 413.75 40 22 172 100198  1 4515808 68999 1.4 23 17 1 2 54% 49928 2434 41%
c 
c  seconds    reductions      conflicts         size   tier2      variables
c          MB       restarts         redundant     glue   trail        remaining
c           level          rate           size/glue  tier1  irredundant
c 
c p 413.77 40 22 172 100198  1 4515808 69080 1.4 23 17 1 2 54% 49928 2434 41%
c u 413.83 40 22 172 100198  1 4515808 68913 1.4 23 17 1 2 54% 49928 2434 41%
c v 413.87 40 22 172 100198  1 4515808 68863 1.4 23 17 1 2 54% 49928 2434 41%
c w 413.87 40 22 172 100198  1 4515808 68862 1.4 23 17 1 2 54% 49928 2434 41%
c x 413.92 40 22 172 100198  1 4515808 68862 1.4 23 17 1 2 54% 49928 2434 41%
c s 416.47 40 21 172 100198  1 4551910 92892 1.4 23 17 1 2 53% 49928 2434 41%
c s 416.73 40 21 172 100198  1 4551910 92814 1.4 23 17 1 2 53% 49928 2434 41%
c ^ 416.73 40 21 172 100198  1 4551910 92814 1.4 23 17 1 2 53% 49928 2434 41%
c O 417.33 40 21 172 100200  1 4560200 98065 1.4 23 17 1 2 53% 49928 2434 41%
c - 418.01 40 21 173 100205  1 4568935 65726 1.4 23 17 1 2 53% 49928 2434 41%
c p 418.03 40 21 173 100205  1 4568935 65809 1.4 23 17 1 2 53% 49928 2434 41%
c u 418.11 40 21 173 100205  1 4568935 65566 1.4 23 17 1 2 53% 49928 2434 41%
c v 418.15 40 21 173 100205  1 4568935 65482 1.4 23 17 1 2 53% 49928 2434 41%
c w 418.15 40 21 173 100205  1 4568935 65482 1.4 23 17 1 2 53% 49928 2434 41%
c - 421.72 40 18 174 100228  1 4622373 64633 1.4 21 15 1 2 53% 49928 2434 41%
c p 421.74 40 18 174 100228  1 4622373 64719 1.4 21 15 1 2 53% 49928 2434 41%
c u 421.79 40 18 174 100228  1 4622373 64595 1.4 21 15 1 2 53% 49928 2434 41%
c v 421.82 40 18 174 100228  1 4622373 64529 1.4 21 15 1 2 53% 49928 2434 41%
c w 421.82 40 18 174 100228  1 4622373 64529 1.4 21 15 1 2 53% 49928 2434 41%
c x 421.87 40 18 174 100228  1 4622373 64529 1.4 21 15 1 2 53% 49928 2434 41%
c 
c  seconds    reductions      conflicts         size   tier2      variables
c          MB       restarts         redundant     glue   trail        remaining
c           level          rate           size/glue  tier1  irredundant
c 
c B 423.87 40 17 174 100239  1 4656201 84496 1.5 20 14 1 2 53% 49928 2434 41%
c - 425.38 40 17 175 100247  1 4676123 64545 1.5 20 14 1 2 53% 49928 2434 41%
c p 425.40 40 17 175 100247  1 4676123 64633 1.5 20 14 1 2 53% 49928 2434 41%
c u 425.47 40 17 175 100247  1 4676123 64561 1.5 20 14 1 2 53% 49928 2434 41%
c v 425.50 40 17 175 100247  1 4676123 64508 1.5 20 14 1 2 53% 49928 2434 41%
c w 425.50 40 17 175 100247  1 4676123 64508 1.5 20 14 1 2 53% 49928 2434 41%
c x 425.54 40 17 175 100247  1 4676123 64508 1.5 20 14 1 2 53% 49928 2434 41%
c - 429.22 40 17 176 100261  1 4730184 65055 1.4 20 14 1 2 53% 49928 2434 41%
c p 429.24 40 17 176 100261  1 4730184 65139 1.4 20 14 1 2 53% 49928 2434 41%
c u 429.34 40 17 176 100261  1 4730184 64994 1.4 20 14 1 2 53% 49928 2434 41%
c v 429.39 40 17 176 100261  1 4730184 64927 1.4 20 14 1 2 53% 49928 2434 41%
c w 429.39 40 17 176 100261  1 4730184 64927 1.4 20 14 1 2 53% 49928 2434 41%
c t 429.40 40 17 176 100261  1 4730184 64926 1.4 20 14 1 2 53% 49928 2434 41%
c W 431.38 40 17 176 100261  1 4753203 79819 1.4 20 14 1 2 53% 49928 2434 41%
c ] 433.44 40 18 176 100276  1 4781784 97957 1.4 21 15 1 2 53% 49928 2434 41%
c { 433.44 40 12 176 100276  1 4781784 97957 1.6 14 9 2 3 63% 49928 2434 41%
c - 433.98 41 12 177 100522  1 4784558 66113 1.6 14 9 2 3 63% 49928 2434 41%
c p 434.01 41 12 177 100522  1 4784558 66195 1.6 14 9 2 3 63% 49928 2434 41%
c u 434.08 41 12 177 100522  1 4784558 66045 1.6 14 9 2 3 63% 49928 2434 41%
c v 434.11 41 12 177 100522  1 4784558 66004 1.6 14 9 2 3 63% 49928 2434 41%
c 
c  seconds    reductions      conflicts         size  tier2      variables
c          MB       restarts         redundant     glue  trail        remaining
c           level          rate           size/glue tier1  irredundant
c 
c x 434.16 41 12 177 100522  1 4784558 66004 1.6 14 9 2 3 63% 49928 2434 41%
c - 439.81 41 12 178 103591  2 4839245 69556 1.6 14 9 2 3 63% 49928 2434 41%
c p 439.84 41 12 178 103591  2 4839245 69641 1.6 14 9 2 3 63% 49928 2434 41%
c u 439.96 41 12 178 103591  2 4839245 69439 1.6 14 9 2 3 63% 49928 2434 41%
c v 440.01 41 12 178 103591  2 4839245 69361 1.6 14 9 2 3 63% 49928 2434 41%
c s 440.30 41 12 178 103610  2 4839568 68775 1.6 14 9 2 3 63% 49928 2434 41%
c e 440.34 41 12 178 103610  2 4839568 64293 1.6 14 9 2 3 63% 50689 2357 40%
c s 440.57 41 12 178 103610  2 4839568 64145 1.6 14 9 2 3 63% 50451 2357 40%
c e 440.58 41 12 178 103610  2 4839568 63874 1.6 14 9 2 3 63% 50559 2349 40%
c W 441.88 41 12 178 104400  2 4851205 72001 1.6 14 9 2 3 63% 50559 2349 40%
c - 445.97 41 12 179 106460  2 4894241 66551 1.6 14 9 2 3 62% 50559 2349 40%
c p 445.99 41 12 179 106460  2 4894241 66624 1.6 14 9 2 3 62% 50559 2349 40%
c u 446.11 41 12 179 106460  2 4894241 66476 1.6 14 9 2 3 62% 50559 2349 40%
c v 446.17 41 12 179 106460  2 4894241 66407 1.6 14 9 2 3 62% 50559 2349 40%
c t 446.17 41 12 179 106460  2 4894241 66406 1.6 14 9 2 3 62% 50546 2349 40%
c - 451.37 41 12 180 108819  1 4949548 67871 1.6 14 9 2 3 62% 50546 2349 40%
c p 451.39 41 12 180 108819  1 4949548 67947 1.6 14 9 2 3 62% 50546 2349 40%
c u 451.47 41 12 180 108819  1 4949548 67896 1.6 14 9 2 3 62% 50546 2349 40%
c v 451.50 41 12 180 108819  1 4949548 67859 1.6 14 9 2 3 62% 50546 2349 40%
c w 451.51 41 12 180 108819  1 4949548 67859 1.6 14 9 2 3 62% 50546 2349 40%
c 
c  seconds    reductions      conflicts         size  tier2      variables
c          MB       restarts         redundant     glue  trail        remaining
c           level          rate           size/glue tier1  irredundant
c 
c x 451.56 41 12 180 108819  1 4949548 67858 1.6 14 9 2 3 62% 50546 2349 40%
c # 451.61 41 12 180 108891  1 4950208 68313 1.6 14 9 2 3 62% 50546 2349 40%
c - 457.05 41 12 181 111938  1 5005166 68737 1.6 14 9 2 3 62% 50546 2349 40%
c p 457.07 41 12 181 111938  1 5005166 68811 1.6 14 9 2 3 62% 50546 2349 40%
c u 457.20 41 12 181 111938  1 5005166 68691 1.6 14 9 2 3 62% 50546 2349 40%
c v 457.26 41 12 181 111938  1 5005166 68622 1.6 14 9 2 3 62% 50546 2349 40%
c w 457.26 41 12 181 111938  1 5005166 68622 1.6 14 9 2 3 62% 50546 2349 40%
c B 461.70 41 12 181 114396  2 5050209 100186 1.6 14 9 2 3 61% 50546 2349 40%
c - 462.88 43 12 182 114756  2 5061097 70063 1.6 14 9 2 3 61% 50546 2349 40%
c p 462.90 43 12 182 114756  2 5061097 70138 1.6 14 9 2 3 61% 50546 2349 40%
c u 463.02 43 12 182 114756  2 5061097 69993 1.6 14 9 2 3 61% 50546 2349 40%
c v 463.08 43 12 182 114756  2 5061097 69871 1.6 14 9 2 3 61% 50546 2349 40%
c } 465.31 43 12 182 115905  1 5088336 88129 1.6 14 9 2 3 61% 50546 2349 40%
c [ 465.31 43 18 182 115905  1 5088336 88129 1.4 21 15 1 2 53% 50546 2349 40%
c - 467.68 43 17 183 115919  1 5117341 69819 1.4 20 14 1 2 56% 50546 2349 40%
c p 467.69 43 17 183 115919  1 5117341 69891 1.4 20 14 1 2 56% 50546 2349 40%
c u 467.98 43 17 183 115919  1 5117341 69711 1.4 20 14 1 2 56% 50546 2349 40%
c v 468.03 43 17 183 115919  1 5117341 69618 1.4 20 14 1 2 56% 50546 2349 40%
c w 468.03 43 17 183 115919  1 5117341 69618 1.4 20 14 1 2 56% 50546 2349 40%
c s 470.12 43 17 183 115921  1 5140664 83182 1.4 20 14 1 2 57% 50370 2349 40%
c 
c  seconds    reductions      conflicts         size   tier2      variables
c          MB       restarts         redundant     glue   trail        remaining
c           level          rate           size/glue  tier1  irredundant
c 
c s 470.39 43 17 183 115921  1 5140664 83110 1.4 20 14 1 2 57% 50370 2349 40%
c I 471.26 43 17 183 115926  1 5151211 89560 1.4 20 14 1 2 57% 50370 2349 40%
c - 472.82 43 19 184 115936  1 5173897 69329 1.4 21 15 1 2 55% 50370 2349 40%
c p 472.84 43 19 184 115936  1 5173897 69404 1.4 21 15 1 2 55% 50370 2349 40%
c u 472.92 43 19 184 115936  1 5173897 69242 1.4 21 15 1 2 55% 50370 2349 40%
c v 472.95 43 19 184 115936  1 5173897 69174 1.4 21 15 1 2 55% 50370 2349 40%
c w 472.95 43 19 184 115936  1 5173897 69173 1.4 21 15 1 2 55% 50370 2349 40%
c x 472.99 43 19 184 115936  1 5173897 69173 1.4 21 15 1 2 55% 50370 2349 40%
c - 476.73 43 21 185 115953  1 5230762 68746 1.3 22 17 1 2 52% 50370 2349 40%
c p 476.75 43 21 185 115953  1 5230762 68806 1.3 22 17 1 2 52% 50370 2349 40%
c u 476.88 43 21 185 115953  1 5230762 68563 1.3 22 17 1 2 52% 50370 2349 40%
c v 476.92 43 21 185 115953  1 5230762 68493 1.3 22 17 1 2 52% 50370 2349 40%
c w 476.93 43 21 185 115953  1 5230762 68493 1.3 22 17 1 2 52% 50370 2349 40%
c B 478.23 43 21 185 115953  1 5253212 84255 1.3 23 17 1 2 52% 50370 2349 40%
c - 480.45 43 21 186 115954  1 5287941 67425 1.4 23 17 1 2 51% 50370 2349 40%
c p 480.47 43 21 186 115954  1 5287941 67495 1.4 23 17 1 2 51% 50370 2349 40%
c u 480.56 43 21 186 115954  1 5287941 67267 1.4 23 17 1 2 51% 50370 2349 40%
c v 480.60 43 21 186 115954  1 5287941 67186 1.4 23 17 1 2 51% 50370 2349 40%
c w 480.61 43 21 186 115954  1 5287941 67186 1.4 23 17 1 2 51% 50370 2349 40%
c - 484.28 43 20 187 115966  1 5345429 66144 1.4 23 16 1 2 51% 50370 2349 40%
c 
c  seconds    reductions      conflicts         size   tier2      variables
c          MB       restarts         redundant     glue   trail        remaining
c           level          rate           size/glue  tier1  irredundant
c 
c p 484.29 43 20 187 115966  1 5345429 66209 1.4 23 16 1 2 51% 50370 2349 40%
c u 484.39 43 20 187 115966  1 5345429 65985 1.4 23 16 1 2 51% 50370 2349 40%
c v 484.43 43 20 187 115966  1 5345429 65902 1.4 23 16 1 2 51% 50370 2349 40%
c w 484.43 43 20 187 115966  1 5345429 65901 1.4 23 16 1 2 51% 50370 2349 40%
c W 486.29 43 21 187 115969  1 5356214 72596 1.4 23 17 1 2 51% 50370 2349 40%
c - 489.69 43 19 188 115985  1 5403229 64850 1.4 22 16 1 2 51% 50370 2349 40%
c p 489.71 43 19 188 115985  1 5403229 64926 1.4 22 16 1 2 51% 50370 2349 40%
c u 489.80 43 19 188 115985  1 5403229 64778 1.4 22 16 1 2 51% 50370 2349 40%
c v 489.84 43 19 188 115985  1 5403229 64710 1.4 22 16 1 2 51% 50370 2349 40%
c w 489.84 43 19 188 115985  1 5403229 64710 1.4 22 16 1 2 51% 50370 2349 40%
c s 493.48 43 20 188 116006  1 5450238 94138 1.4 22 16 1 2 51% 50369 2349 40%
c s 493.68 43 20 188 116006  1 5450238 94057 1.4 22 16 1 2 51% 50369 2349 40%
c ] 494.29 43 20 188 116010  1 5457804 98307 1.4 22 16 1 2 51% 50369 2349 40%
c { 494.29 43 12 188 116010  1 5457804 98307 1.6 14 9 2 3 61% 50369 2349 40%
c W 494.92 43 12 188 116248  2 5460216 100112 1.6 14 9 2 3 61% 50369 2349 40%
c - 495.15 43 12 189 116337  2 5461343 65488 1.6 14 9 2 3 61% 50369 2349 40%
c p 495.17 43 12 189 116337  2 5461343 65561 1.6 14 9 2 3 61% 50369 2349 40%
c u 495.24 43 12 189 116337  2 5461343 65444 1.6 14 9 2 3 61% 50369 2349 40%
c v 495.26 43 12 189 116337  2 5461343 65362 1.6 14 9 2 3 61% 50369 2349 40%
c - 500.99 43 12 190 119274  2 5519766 69240 1.6 14 9 2 3 61% 50369 2349 40%
c 
c  seconds    reductions      conflicts         size  tier2      variables
c          MB       restarts         redundant     glue  trail        remaining
c           level          rate           size/glue tier1  irredundant
c 
c p 501.01 43 12 190 119274  2 5519766 69313 1.6 14 9 2 3 61% 50369 2349 40%
c u 501.12 43 12 190 119274  2 5519766 69087 1.6 14 9 2 3 61% 50369 2349 40%
c v 501.18 43 12 190 119274  2 5519766 68970 1.6 14 9 2 3 61% 50369 2349 40%
c w 501.18 43 12 190 119274  2 5519766 68970 1.6 14 9 2 3 61% 50369 2349 40%
c F 505.66 43 12 190 122004  2 5565218 100229 1.6 14 9 2 3 61% 50369 2349 40%
c - 507.34 43 12 191 122996  2 5578501 71127 1.6 14 9 2 3 60% 50369 2349 40%
c p 507.36 43 12 191 122996  2 5578501 71189 1.6 14 9 2 3 60% 50369 2349 40%
c u 507.48 43 12 191 122996  2 5578501 71008 1.6 14 9 2 3 60% 50369 2349 40%
c v 507.53 43 12 191 122996  2 5578501 70923 1.6 14 9 2 3 60% 50369 2349 40%
c w 507.53 43 12 191 122996  2 5578501 70923 1.6 14 9 2 3 60% 50369 2349 40%
c - 512.99 45 12 192 125662  2 5637550 71915 1.6 14 9 2 3 60% 50369 2349 40%
c p 513.01 45 12 192 125662  2 5637550 71987 1.6 14 9 2 3 60% 50369 2349 40%
c u 513.13 45 12 192 125662  2 5637550 71859 1.6 14 9 2 3 60% 50369 2349 40%
c v 513.19 45 12 192 125662  2 5637550 71773 1.6 14 9 2 3 60% 50369 2349 40%
c w 513.19 45 12 192 125662  2 5637550 71773 1.6 14 9 2 3 60% 50369 2349 40%
c B 515.94 45 12 192 126962  2 5671219 93412 1.6 14 9 2 3 61% 50369 2349 40%
c - 518.35 45 12 193 127972  2 5696909 72677 1.5 14 9 2 3 60% 50369 2349 40%
c p 518.37 45 12 193 127972  2 5696909 72747 1.5 14 9 2 3 60% 50369 2349 40%
c u 518.50 45 12 193 127972  2 5696909 72599 1.5 14 9 2 3 60% 50369 2349 40%
c v 518.56 45 12 193 127972  2 5696909 72518 1.5 14 9 2 3 60% 50369 2349 40%
c 
c  seconds    reductions      conflicts         size  tier2      variables
c          MB       restarts         redundant     glue  trail        remaining
c           level          rate           size/glue tier1  irredundant
c 
c w 518.57 45 12 193 127972  2 5696909 72518 1.5 14 9 2 3 60% 50369 2349 40%
c - 524.02 45 12 194 130653  1 5756580 73556 1.5 14 9 2 3 60% 50369 2349 40%
c p 524.04 45 12 194 130653  1 5756580 73629 1.5 14 9 2 3 60% 50369 2349 40%
c u 524.16 45 12 194 130653  1 5756580 73412 1.5 14 9 2 3 60% 50369 2349 40%
c v 524.21 45 12 194 130653  1 5756580 73329 1.5 14 9 2 3 60% 50369 2349 40%
c w 524.21 45 12 194 130653  1 5756580 73329 1.5 14 9 2 3 60% 50369 2349 40%
c W 526.65 45 12 194 131410  1 5778221 86960 1.5 13 9 2 3 60% 50369 2349 40%
c } 527.75 45 12 194 132203  2 5789338 94421 1.5 13 9 2 3 60% 50369 2349 40%
c [ 527.75 45 20 194 132203  1 5789338 94421 1.4 22 16 1 2 51% 50369 2349 40%
c - 530.13 45 19 195 132209  1 5816563 74037 1.4 21 15 1 2 53% 50369 2349 40%
c p 530.15 45 19 195 132209  1 5816563 74108 1.4 21 15 1 2 53% 50369 2349 40%
c u 530.23 45 19 195 132209  1 5816563 73881 1.4 21 15 1 2 53% 50369 2349 40%
c v 530.27 45 19 195 132209  1 5816563 73832 1.4 21 15 1 2 53% 50369 2349 40%
c w 530.27 45 19 195 132209  1 5816563 73832 1.4 21 15 1 2 53% 50369 2349 40%
c x 530.34 45 19 195 132209  1 5816563 73832 1.4 21 15 1 2 53% 50369 2349 40%
c s 530.62 45 19 195 132209  1 5816563 71758 1.4 21 15 1 2 53% 50365 2349 40%
c s 530.91 45 19 195 132209  1 5816563 71592 1.4 21 15 1 2 53% 50365 2349 40%
c - 534.56 45 21 196 132223  1 5876857 74140 1.4 23 17 1 2 50% 50365 2349 40%
c p 534.58 45 21 196 132223  1 5876857 74203 1.4 23 17 1 2 50% 50365 2349 40%
c u 534.67 45 21 196 132223  1 5876857 73982 1.4 23 17 1 2 50% 50365 2349 40%
c 
c  seconds    reductions      conflicts         size   tier2      variables
c          MB       restarts         redundant     glue   trail        remaining
c           level          rate           size/glue  tier1  irredundant
c 
c v 534.72 45 21 196 132223  1 5876857 73934 1.4 23 17 1 2 50% 50365 2349 40%
c w 534.72 45 21 196 132223  1 5876857 73934 1.4 23 17 1 2 50% 50365 2349 40%
c t 534.72 45 21 196 132223  1 5876857 73934 1.4 23 17 1 2 50% 50363 2349 40%
c O 535.19 45 21 196 132225  1 5886223 80511 1.4 23 17 1 2 50% 50363 2349 40%
c - 538.74 45 19 197 132241  1 5937462 71732 1.4 22 16 1 2 50% 50363 2349 40%
c p 538.76 45 19 197 132241  1 5937462 71803 1.4 22 16 1 2 50% 50363 2349 40%
c u 539.04 45 19 197 132241  1 5937462 71564 1.4 22 16 1 2 50% 50363 2349 40%
c v 539.08 45 19 197 132241  1 5937462 71504 1.4 22 16 1 2 50% 50363 2349 40%
c w 539.08 45 19 197 132241  1 5937462 71504 1.4 22 16 1 2 50% 50363 2349 40%
c B 542.75 45 19 197 132270  1 5995224 112294 1.4 22 15 1 2 50% 50363 2349 40%
c - 543.05 45 19 198 132271  1 5998379 72080 1.4 22 15 1 2 50% 50363 2349 40%
c p 543.07 45 19 198 132271  1 5998379 72149 1.4 22 15 1 2 50% 50363 2349 40%
c u 543.14 45 19 198 132271  1 5998379 71984 1.4 22 15 1 2 50% 50363 2349 40%
c v 543.16 45 19 198 132271  1 5998379 71948 1.4 22 15 1 2 50% 50363 2349 40%
c w 543.16 45 19 198 132271  1 5998379 71948 1.4 22 15 1 2 50% 50363 2349 40%
c x 543.21 45 19 198 132271  1 5998379 71948 1.4 22 15 1 2 50% 50363 2349 40%
c - 547.07 45 18 199 132274  1 6059607 70245 1.4 21 15 1 2 51% 50363 2349 40%
c p 547.09 45 18 199 132274  1 6059607 70310 1.4 21 15 1 2 51% 50363 2349 40%
c u 547.19 45 18 199 132274  1 6059607 70133 1.4 21 15 1 2 51% 50363 2349 40%
c v 547.23 45 18 199 132274  1 6059607 70043 1.4 21 15 1 2 51% 50363 2349 40%
c 
c  seconds    reductions      conflicts         size   tier2      variables
c          MB       restarts         redundant     glue   trail        remaining
c           level          rate           size/glue  tier1  irredundant
c 
c w 547.23 45 18 199 132274  1 6059607 70043 1.4 21 15 1 2 51% 50363 2349 40%
c W 550.93 45 18 199 132274  1 6105225 97425 1.4 21 14 1 2 51% 50363 2349 40%
c - 552.05 45 18 200 132274  1 6121148 70462 1.4 21 15 1 2 51% 50363 2349 40%
c p 552.07 45 18 200 132274  1 6121148 70531 1.4 21 15 1 2 51% 50363 2349 40%
c u 552.17 45 18 200 132274  1 6121148 70387 1.4 21 15 1 2 51% 50363 2349 40%
c v 552.21 45 18 200 132274  1 6121148 70319 1.4 21 15 1 2 51% 50363 2349 40%
c w 552.21 45 18 200 132274  1 6121148 70319 1.4 21 15 1 2 51% 50363 2349 40%
c t 552.21 45 18 200 132274  1 6121148 70318 1.4 21 15 1 2 51% 50363 2349 40%
c s 553.69 45 19 200 132275  1 6143814 84738 1.4 21 15 1 2 51% 50363 2349 40%
c s 553.95 45 19 200 132275  1 6143814 84630 1.4 21 15 1 2 51% 50363 2349 40%
c - 556.80 47 19 201 132275  1 6183000 70831 1.4 21 15 1 2 50% 50363 2349 40%
c p 556.83 47 19 201 132275  1 6183000 70898 1.4 21 15 1 2 50% 50363 2349 40%
c u 556.93 47 19 201 132275  1 6183000 70725 1.4 21 15 1 2 50% 50363 2349 40%
c v 556.97 47 19 201 132275  1 6183000 70656 1.4 21 15 1 2 50% 50363 2349 40%
c w 556.98 47 19 201 132275  1 6183000 70656 1.4 21 15 1 2 50% 50363 2349 40%
c ] 557.09 47 19 201 132275  1 6184844 71843 1.4 21 15 1 2 50% 50363 2349 40%
c { 557.09 47 12 201 132275  2 6184844 71843 1.5 13 9 2 3 60% 50363 2349 40%
c # 559.86 47 12 201 134137  2 6216226 93206 1.5 14 9 2 3 60% 50363 2349 40%
c - 563.11 47 12 202 135965  2 6245164 74806 1.5 14 9 2 3 60% 50363 2349 40%
c p 563.14 47 12 202 135965  2 6245164 74877 1.5 14 9 2 3 60% 50363 2349 40%
c 
c  seconds    reductions      conflicts         size  tier2      variables
c          MB       restarts         redundant     glue  trail        remaining
c           level          rate           size/glue tier1  irredundant
c 
c u 563.22 47 12 202 135965  2 6245164 74686 1.5 14 9 2 3 60% 50363 2349 40%
c v 563.26 47 12 202 135965  2 6245164 74619 1.5 14 9 2 3 60% 50363 2349 40%
c w 563.27 47 12 202 135965  2 6245164 74619 1.5 14 9 2 3 60% 50363 2349 40%
c x 563.33 47 12 202 135965  2 6245164 74619 1.5 14 9 2 3 60% 50363 2349 40%
c - 569.42 47 12 203 139031  2 6307640 76622 1.5 14 9 2 3 60% 50363 2349 40%
c p 569.44 47 12 203 139031  2 6307640 76694 1.5 14 9 2 3 60% 50363 2349 40%
c u 569.54 47 12 203 139031  2 6307640 76499 1.5 14 9 2 3 60% 50363 2349 40%
c v 569.58 47 12 203 139031  2 6307640 76415 1.5 14 9 2 3 60% 50363 2349 40%
c B 571.08 47 12 203 139915  1 6328229 89580 1.5 14 9 2 3 60% 50363 2349 40%
c - 575.33 48 12 204 142086  1 6370428 77016 1.5 14 9 2 3 60% 50363 2349 40%
c p 575.35 48 12 204 142086  1 6370428 77088 1.5 14 9 2 3 60% 50363 2349 40%
c u 575.48 48 12 204 142086  1 6370428 76900 1.5 14 9 2 3 60% 50363 2349 40%
c v 575.55 48 12 204 142086  1 6370428 76819 1.5 14 9 2 3 60% 50363 2349 40%
c t 575.55 48 12 204 142086  1 6370428 76818 1.5 14 9 2 3 60% 50363 2349 40%
c - 581.73 48 12 205 145432  2 6433527 78141 1.6 14 9 2 3 59% 50363 2349 40%
c p 581.76 48 12 205 145432  2 6433527 78216 1.6 14 9 2 3 59% 50363 2349 40%
c u 581.92 48 12 205 145432  2 6433527 78082 1.6 14 9 2 3 59% 50363 2349 40%
c v 581.99 48 12 205 145432  2 6433527 77983 1.6 14 9 2 3 59% 50363 2349 40%
c W 583.55 48 12 205 145629  2 6441231 82608 1.6 14 9 2 3 59% 50363 2349 40%
c s 587.83 48 12 205 147815  2 6479907 106072 1.5 14 9 2 3 60% 50358 2349 40%
c 
c  seconds    reductions      conflicts          size  tier2      variables
c          MB       restarts         redundant      glue  trail        remaining
c           level          rate            size/glue tier1  irredundant
c 
c t 587.84 48 12 205 147815  2 6479907 106071 1.5 14 9 2 3 60% 50357 2349 40%
c s 588.22 48 12 205 147815  2 6479907 105959 1.5 14 9 2 3 60% 50356 2349 40%
c - 590.24 48 12 206 148927  2 6496939 78272 1.5 14 9 2 3 59% 50356 2349 40%
c p 590.26 48 12 206 148927  2 6496939 78346 1.5 14 9 2 3 59% 50356 2349 40%
c u 590.39 48 12 206 148927  2 6496939 78223 1.5 14 9 2 3 59% 50356 2349 40%
c v 590.45 48 12 206 148927  2 6496939 78135 1.5 14 9 2 3 59% 50356 2349 40%
c w 590.45 48 12 206 148927  2 6496939 78135 1.5 14 9 2 3 59% 50356 2349 40%
c t 590.45 48 12 206 148927  2 6496939 78132 1.5 14 9 2 3 59% 50356 2349 40%
c } 593.74 48 12 206 150536  2 6534834 102743 1.5 14 9 2 3 59% 50356 2349 40%
c [ 593.74 48 19 206 150536  1 6534834 102743 1.4 21 15 1 2 50% 50356 2349 40%
c I 595.39 48 18 206 150536  1 6555234 115290 1.4 21 15 1 2 52% 50356 2349 40%
c - 595.76 48 18 207 150536  1 6560662 78964 1.4 21 15 1 2 52% 50356 2349 40%
c p 595.80 48 18 207 150536  1 6560662 79030 1.4 21 15 1 2 52% 50356 2349 40%
c u 595.92 48 18 207 150536  1 6560662 78914 1.4 21 15 1 2 52% 50356 2349 40%
c v 595.96 48 18 207 150536  1 6560662 78853 1.4 21 15 1 2 52% 50356 2349 40%
c w 595.96 48 18 207 150536  1 6560662 78853 1.4 21 15 1 2 52% 50356 2349 40%
c x 596.02 48 18 207 150536  1 6560662 78853 1.4 21 15 1 2 52% 50356 2349 40%
c - 600.14 48 20 208 150550  1 6624696 79219 1.3 22 16 1 2 50% 50356 2349 40%
c p 600.17 48 20 208 150550  1 6624696 79289 1.3 22 16 1 2 50% 50356 2349 40%
c u 600.32 48 20 208 150550  1 6624696 79161 1.3 22 16 1 2 50% 50356 2349 40%
c 
c  seconds    reductions      conflicts         size   tier2      variables
c          MB       restarts         redundant     glue   trail        remaining
c           level          rate           size/glue  tier1  irredundant
c 
c v 600.37 48 20 208 150550  1 6624696 79112 1.3 22 16 1 2 50% 50356 2349 40%
c w 600.38 48 20 208 150550  1 6624696 79112 1.3 22 16 1 2 50% 50356 2349 40%
c t 600.38 48 20 208 150550  1 6624696 79110 1.3 22 16 1 2 50% 50356 2349 40%
c B 603.23 48 21 208 150566  1 6670236 110050 1.3 22 17 1 2 49% 50356 2349 40%
c - 604.61 48 20 209 150570  1 6689042 77135 1.3 22 16 1 2 49% 50356 2349 40%
c p 604.63 48 20 209 150570  1 6689042 77209 1.3 22 16 1 2 49% 50356 2349 40%
c u 604.72 48 20 209 150570  1 6689042 76967 1.3 22 16 1 2 49% 50356 2349 40%
c v 604.77 48 20 209 150570  1 6689042 76902 1.3 22 16 1 2 49% 50356 2349 40%
c w 604.77 48 20 209 150570  1 6689042 76902 1.3 22 16 1 2 49% 50356 2349 40%
c t 604.77 48 20 209 150570  1 6689042 76901 1.3 22 16 1 2 49% 50356 2349 40%
c - 609.02 48 18 210 150598  1 6753700 76326 1.4 20 15 1 2 50% 50356 2349 40%
c p 609.05 48 18 210 150598  1 6753700 76394 1.4 20 15 1 2 50% 50356 2349 40%
c u 609.16 48 18 210 150598  1 6753700 76169 1.4 20 15 1 2 50% 50356 2349 40%
c v 609.22 48 18 210 150598  1 6753700 76100 1.4 20 15 1 2 50% 50356 2349 40%
c w 609.22 48 18 210 150598  1 6753700 76100 1.4 20 15 1 2 50% 50356 2349 40%
c t 609.22 48 18 210 150598  1 6753700 76099 1.4 20 15 1 2 50% 50356 2349 40%
c W 612.43 48 19 210 150599  1 6786237 97862 1.4 21 15 1 2 50% 50356 2349 40%
c - 614.93 48 20 211 150609  1 6818670 77059 1.4 21 16 1 2 49% 50356 2349 40%
c p 614.97 48 20 211 150609  1 6818670 77220 1.4 21 16 1 2 49% 50356 2345 40%
c u 615.10 48 20 211 150609  1 6818670 76962 1.4 21 16 1 2 49% 50356 2345 40%
c 
c  seconds    reductions      conflicts         size   tier2      variables
c          MB       restarts         redundant     glue   trail        remaining
c           level          rate           size/glue  tier1  irredundant
c 
c v 615.15 48 20 211 150609  1 6818670 76883 1.4 21 16 1 2 49% 50356 2345 40%
c w 615.16 48 20 211 150609  1 6818670 76883 1.4 21 16 1 2 49% 50356 2345 40%
c t 615.16 48 20 211 150609  1 6818670 76881 1.4 21 16 1 2 49% 50356 2345 40%
c s 615.83 48 20 211 150613  1 6824828 79775 1.4 21 16 1 2 49% 50355 2345 40%
c t 615.84 48 20 211 150613  1 6824828 79774 1.4 21 16 1 2 49% 50354 2345 40%
c e 615.85 48 20 211 150613  1 6824828 79762 1.4 21 16 1 2 49% 50339 2344 40%
c s 616.13 48 20 211 150613  1 6824828 79655 1.4 21 16 1 2 49% 50339 2344 40%
c - 620.13 48 19 212 150630  1 6883953 76068 1.3 21 16 1 2 49% 50339 2344 40%
c p 620.16 32 19 212 150630  1 6883953 76124 1.3 21 16 1 2 49% 50339 2344 40%
c u 620.54 32 19 212 150630  1 6883953 75946 1.3 21 16 1 2 49% 50339 2344 40%
c v 620.58 32 19 212 150630  1 6883953 75901 1.3 21 16 1 2 49% 50339 2344 40%
c w 620.58 32 19 212 150630  1 6883953 75901 1.3 21 16 1 2 49% 50339 2344 40%
c t 620.59 32 19 212 150630  1 6883953 75898 1.3 21 16 1 2 49% 50339 2344 40%
c O 621.76 32 19 212 150642  1 6903240 87808 1.3 21 16 1 2 49% 50339 2344 40%
c - 625.12 40 19 213 150660  1 6949549 76285 1.4 21 15 1 2 49% 50339 2344 40%
c p 625.14 40 19 213 150660  1 6949549 76350 1.4 21 15 1 2 49% 50339 2344 40%
c u 625.23 40 19 213 150660  1 6949549 76260 1.4 21 15 1 2 49% 50339 2344 40%
c v 625.26 40 19 213 150660  1 6949549 76228 1.4 21 15 1 2 49% 50339 2344 40%
c x 625.32 40 19 213 150660  1 6949549 76228 1.4 21 15 1 2 49% 50339 2344 40%
c ] 625.84 40 19 213 150661  1 6957089 81305 1.4 21 15 1 2 49% 50339 2344 40%
c 
c  seconds    reductions      conflicts         size  tier2      variables
c          MB       restarts         redundant     glue  trail        remaining
c           level          rate           size/glue tier1  irredundant
c 
c { 625.84 40 12 213 150661  2 6957089 81305 1.5 14 9 2 3 59% 50339 2344 40%
c - 631.60 44 11 214 153135  1 7015453 79320 1.5 13 9 2 3 59% 50339 2344 40%
c p 631.62 44 11 214 153135  1 7015453 79385 1.5 13 9 2 3 59% 50339 2344 40%
c u 631.75 44 11 214 153135  1 7015453 79203 1.5 13 9 2 3 59% 50339 2344 40%
c v 631.82 44 11 214 153135  1 7015453 79080 1.5 13 9 2 3 59% 50339 2344 40%
c w 631.82 44 11 214 153135  1 7015453 79080 1.5 13 9 2 3 59% 50339 2344 40%
c F 632.30 44 11 214 153426  1 7021243 82623 1.5 13 9 2 3 59% 50339 2344 40%
c - 638.18 44 12 215 156997  2 7081671 81177 1.5 13 9 2 3 58% 50339 2344 40%
c p 638.20 44 12 215 156997  2 7081671 81245 1.5 13 9 2 3 58% 50339 2344 40%
c u 638.37 44 12 215 156997  2 7081671 81089 1.5 13 9 2 3 58% 50339 2344 40%
c v 638.45 44 12 215 156997  2 7081671 80933 1.5 13 9 2 3 58% 50339 2344 40%
c t 638.45 44 12 215 156997  2 7081671 80929 1.5 13 9 2 3 58% 50339 2344 40%
c B 644.13 44 11 215 159902  1 7140246 118384 1.5 13 9 2 3 59% 50339 2344 40%
c - 645.37 44 12 216 160945  2 7148199 82416 1.5 13 9 2 3 58% 50339 2344 40%
c p 645.40 44 12 216 160945  2 7148199 82484 1.5 13 9 2 3 58% 50339 2344 40%
c u 645.57 44 12 216 160945  2 7148199 82359 1.5 13 9 2 3 58% 50339 2344 40%
c v 645.65 44 12 216 160945  2 7148199 82272 1.5 13 9 2 3 58% 50339 2344 40%
c s 648.74 44 12 216 162122  2 7178800 99065 1.5 13 9 2 3 58% 50320 2344 40%
c e 648.77 44 12 216 162122  2 7178800 99051 1.5 13 9 2 3 58% 50328 2343 40%
c s 649.15 44 12 216 162122  2 7178800 98895 1.5 13 9 2 3 58% 50325 2343 40%
c 
c  seconds    reductions      conflicts         size  tier2      variables
c          MB       restarts         redundant     glue  trail        remaining
c           level          rate           size/glue tier1  irredundant
c 
c - 653.18 48 11 217 163717  1 7215040 81357 1.5 13 9 2 3 58% 50325 2343 40%
c p 653.21 48 11 217 163717  1 7215040 81420 1.5 13 9 2 3 58% 50325 2343 40%
c u 653.37 48 11 217 163717  1 7215040 81297 1.5 13 9 2 3 58% 50325 2343 40%
c v 653.44 48 11 217 163717  1 7215040 81184 1.5 13 9 2 3 58% 50325 2343 40%
c W 658.73 48 11 217 165723  1 7260247 109958 1.5 13 9 2 3 58% 50325 2343 40%
c - 661.50 48 11 218 167329  2 7282193 83244 1.5 13 9 2 3 58% 50325 2343 40%
c p 661.53 48 11 218 167329  2 7282193 83305 1.5 13 9 2 3 58% 50325 2343 40%
c u 661.73 48 11 218 167329  2 7282193 83185 1.5 13 9 2 3 58% 50325 2343 40%
c v 661.85 48 11 218 167329  2 7282193 83058 1.5 13 9 2 3 58% 50325 2343 40%
c t 661.85 48 11 218 167329  2 7282193 83056 1.5 13 9 2 3 58% 50325 2343 40%
c } 667.02 48 11 218 169815  2 7333455 115064 1.5 13 9 2 3 58% 50325 2343 40%
c [ 667.02 48 19 218 169815  1 7333455 115064 1.4 21 15 1 2 49% 50325 2343 40%
c - 668.38 48 18 219 169816  1 7349656 83507 1.4 20 15 1 2 51% 50325 2343 40%
c p 668.41 48 18 219 169816  1 7349656 83569 1.4 20 15 1 2 51% 50325 2343 40%
c u 668.55 48 18 219 169816  1 7349656 83433 1.4 20 15 1 2 51% 50325 2343 40%
c v 668.63 48 18 219 169816  1 7349656 83299 1.4 20 15 1 2 51% 50325 2343 40%
c B 670.57 48 19 219 169817  1 7381248 108316 1.4 21 16 1 2 50% 50325 2343 40%
c - 673.51 48 19 220 169817  1 7417431 84346 1.4 21 15 1 2 50% 50325 2343 40%
c p 673.54 48 19 220 169817  1 7417431 84407 1.4 21 15 1 2 50% 50325 2343 40%
c u 673.66 48 19 220 169817  1 7417431 84308 1.4 21 15 1 2 50% 50325 2343 40%
c 
c  seconds    reductions      conflicts         size   tier2      variables
c          MB       restarts         redundant     glue   trail        remaining
c           level          rate           size/glue  tier1  irredundant
c 
c v 673.70 48 19 220 169817  1 7417431 84251 1.4 21 15 1 2 50% 50325 2343 40%
c x 673.78 48 19 220 169817  1 7417431 84251 1.4 21 15 1 2 50% 50325 2343 40%
c t 673.78 48 19 220 169817  1 7417431 84248 1.4 21 15 1 2 50% 50325 2343 40%
c - 678.48 48 19 221 169839  1 7485519 81569 1.4 21 16 1 2 49% 50325 2343 40%
c p 678.50 48 19 221 169839  1 7485519 81633 1.4 21 16 1 2 49% 50325 2343 40%
c u 678.66 48 19 221 169839  1 7485519 81442 1.4 21 16 1 2 49% 50325 2343 40%
c v 678.71 48 19 221 169839  1 7485519 81339 1.4 21 16 1 2 49% 50325 2343 40%
c w 678.72 48 19 221 169839  1 7485519 81339 1.4 21 16 1 2 49% 50325 2343 40%
c W 680.34 48 19 221 169847  1 7503249 94079 1.4 21 16 1 2 49% 50325 2343 40%
c s 683.28 48 20 221 169858  1 7541639 119651 1.4 22 16 1 2 49% 50325 2343 40%
c s 683.66 48 20 221 169858  1 7541639 119547 1.4 22 16 1 2 49% 50325 2343 40%
c - 684.74 48 20 222 169863  1 7553918 81034 1.4 22 16 1 2 50% 50325 2343 40%
c p 684.76 48 20 222 169863  1 7553918 81096 1.4 22 16 1 2 50% 50325 2343 40%
c u 684.91 48 20 222 169863  1 7553918 80906 1.4 22 16 1 2 50% 50325 2343 40%
c v 684.99 48 20 222 169863  1 7553918 80807 1.4 22 16 1 2 50% 50325 2343 40%
c w 684.99 48 20 222 169863  1 7553918 80807 1.4 22 16 1 2 50% 50325 2343 40%
c - 690.19 48 20 223 169880  1 7622628 81044 1.4 23 16 1 2 50% 50325 2343 40%
c p 690.21 48 20 223 169880  1 7622628 81109 1.4 23 16 1 2 50% 50325 2343 40%
c u 690.36 48 20 223 169880  1 7622628 80949 1.4 23 16 1 2 50% 50325 2343 40%
c v 690.43 48 20 223 169880  1 7622628 80879 1.4 23 16 1 2 50% 50325 2343 40%
c 
c  seconds    reductions      conflicts         size   tier2      variables
c          MB       restarts         redundant     glue   trail        remaining
c           level          rate           size/glue  tier1  irredundant
c 
c w 690.43 48 20 223 169880  1 7622628 80879 1.4 23 16 1 2 50% 50325 2343 40%
c t 690.44 48 20 223 169880  1 7622628 80878 1.4 23 16 1 2 50% 50325 2343 40%
c I 690.66 48 20 223 169880  1 7626250 83543 1.4 23 16 1 2 50% 50325 2343 40%
c - 695.01 48 21 224 169906  1 7691650 80917 1.3 23 17 1 2 49% 50325 2343 40%
c p 695.03 48 21 224 169906  1 7691650 80982 1.3 23 17 1 2 49% 50325 2343 40%
c u 695.15 48 21 224 169906  1 7691650 80884 1.3 23 17 1 2 49% 50325 2343 40%
c v 695.20 48 21 224 169906  1 7691650 80815 1.3 23 17 1 2 49% 50325 2343 40%
c w 695.20 48 21 224 169906  1 7691650 80815 1.3 23 17 1 2 49% 50325 2343 40%
c B 699.21 48 20 224 169926  1 7750252 117798 1.4 22 16 1 2 49% 50325 2343 40%
c - 700.12 48 20 225 169930  1 7760985 80679 1.4 22 16 1 2 49% 50325 2343 40%
c p 700.15 48 20 225 169930  1 7760985 80746 1.4 22 16 1 2 49% 50325 2343 40%
c u 700.28 48 20 225 169930  1 7760985 80603 1.4 22 16 1 2 49% 50325 2343 40%
c v 700.34 48 20 225 169930  1 7760985 80531 1.4 22 16 1 2 49% 50325 2343 40%
c w 700.34 48 20 225 169930  1 7760985 80531 1.4 22 16 1 2 49% 50325 2343 40%
c ] 700.58 48 19 225 169933  1 7765113 83427 1.4 22 16 1 2 49% 50325 2343 40%
c { 700.58 48 11 225 169933  2 7765113 83427 1.5 13 9 2 3 58% 50325 2343 40%
c - 707.32 48 12 226 174064  2 7830631 84005 1.5 13 9 2 3 57% 50325 2343 40%
c p 707.35 48 12 226 174064  2 7830631 84069 1.5 13 9 2 3 57% 50325 2343 40%
c u 707.51 48 12 226 174064  2 7830631 83925 1.5 13 9 2 3 57% 50325 2343 40%
c v 707.59 48 12 226 174064  2 7830631 83822 1.5 13 9 2 3 57% 50325 2343 40%
c 
c  seconds    reductions      conflicts         size  tier2      variables
c          MB       restarts         redundant     glue  trail        remaining
c           level          rate           size/glue tier1  irredundant
c 
c t 707.59 48 12 226 174064  2 7830631 83820 1.5 13 9 2 3 57% 50325 2343 40%
c # 711.09 48 11 226 175234  1 7875255 110078 1.5 12 8 2 3 57% 50325 2343 40%
c - 714.22 48 12 227 178395  2 7900589 85771 1.5 13 9 2 3 57% 50325 2343 40%
c p 714.24 48 12 227 178395  2 7900589 85831 1.5 13 9 2 3 57% 50325 2343 40%
c u 714.40 48 12 227 178395  2 7900589 85736 1.5 13 9 2 3 57% 50325 2343 40%
c v 714.47 48 12 227 178395  2 7900589 85665 1.5 13 9 2 3 57% 50325 2343 40%
c t 714.48 48 12 227 178395  2 7900589 85663 1.5 13 9 2 3 57% 50325 2343 40%
c s 715.81 48 12 227 178528  2 7913327 87752 1.5 13 9 2 3 57% 50325 2343 40%
c t 715.82 48 12 227 178528  2 7913327 87751 1.5 13 9 2 3 57% 50325 2343 40%
c s 716.23 48 12 227 178528  2 7913327 87438 1.5 13 9 2 3 57% 50325 2343 40%
c - 721.25 48 11 228 180000  1 7970858 82217 1.5 13 8 2 3 57% 50325 2343 40%
c p 721.27 48 11 228 180000  1 7970858 82279 1.5 13 8 2 3 57% 50325 2343 40%
c u 721.64 48 11 228 180000  1 7970858 82220 1.5 13 8 2 3 57% 50325 2343 40%
c v 721.69 48 11 228 180000  1 7970858 82157 1.5 13 8 2 3 57% 50325 2343 40%
c w 721.69 48 11 228 180000  1 7970858 82157 1.5 13 8 2 3 57% 50325 2343 40%
c x 721.77 48 11 228 180000  1 7970858 82157 1.5 13 8 2 3 57% 50325 2343 40%
c B 724.04 48 11 228 180867  1 8001256 100147 1.5 12 8 2 3 57% 50325 2343 40%
c - 729.53 48 13 229 188045  2 8041439 86367 1.6 14 9 2 3 56% 50325 2343 40%
c p 729.56 48 13 229 188045  2 8041439 86432 1.6 14 9 2 3 56% 50325 2343 40%
c u 729.75 48 13 229 188045  2 8041439 86329 1.6 14 9 2 3 56% 50325 2343 40%
c 
c  seconds    reductions      conflicts         size  tier2      variables
c          MB       restarts         redundant     glue  trail        remaining
c           level          rate           size/glue tier1  irredundant
c 
c v 729.84 48 13 229 188045  2 8041439 86220 1.6 14 9 2 3 56% 50325 2343 40%
c w 729.84 48 13 229 188045  2 8041439 86220 1.6 14 9 2 3 56% 50325 2343 40%
c t 729.84 48 13 229 188045  2 8041439 86208 1.6 14 9 2 3 56% 50325 2343 40%
c - 735.88 48 11 230 189802  2 8112333 87218 1.5 13 8 2 3 56% 50325 2343 40%
c p 735.91 48 11 230 189802  2 8112333 87285 1.5 13 8 2 3 56% 50325 2343 40%
c u 736.09 48 11 230 189802  2 8112333 87112 1.5 13 8 2 3 56% 50325 2343 40%
c v 736.16 48 11 230 189802  2 8112333 86487 1.5 13 8 2 3 56% 50325 2343 40%
c t 736.16 48 11 230 189802  2 8112333 86440 1.5 13 8 2 3 56% 50325 2343 40%
c i 736.80 48 11 230 189813  2 8121959 92496 1.5 13 8 2 3 56% 50325 2340 40%
c W 739.31 48 12 230 190888  2 8128257 62399 1.6 13 8 2 3 56% 50130 2340 40%
c } 744.14 48 14 230 197128  2 8164894 91116 1.6 15 9 2 3 55% 50130 2340 40%
c [ 744.14 48 19 230 197128  1 8164894 91116 1.4 22 16 1 2 49% 50130 2340 40%
c - 745.43 48 19 231 197136  1 8183538 62522 1.4 21 16 1 2 49% 50130 2340 40%
c p 745.45 48 19 231 197136  1 8183538 62592 1.4 21 16 1 2 49% 50130 2340 40%
c u 745.61 48 19 231 197136  1 8183538 62351 1.4 21 16 1 2 49% 50130 2340 40%
c v 745.68 48 19 231 197136  1 8183538 62204 1.4 21 16 1 2 49% 50130 2340 40%
c w 745.68 48 19 231 197136  1 8183538 62204 1.4 21 16 1 2 49% 50130 2340 40%
c t 745.68 48 19 231 197136  1 8183538 62202 1.4 21 16 1 2 49% 50121 2340 40%
c - 750.53 48 20 232 197139  1 8255056 64673 1.3 21 16 1 2 48% 50121 2340 40%
c p 750.56 48 20 232 197139  1 8255056 64741 1.3 21 16 1 2 48% 50121 2340 40%
c 
c  seconds    reductions      conflicts         size   tier2      variables
c          MB       restarts         redundant     glue   trail        remaining
c           level          rate           size/glue  tier1  irredundant
c 
c u 750.69 48 20 232 197139  1 8255056 64492 1.3 21 16 1 2 48% 50121 2340 40%
c v 750.75 48 20 232 197139  1 8255056 64381 1.3 21 16 1 2 48% 50121 2340 40%
c w 750.75 48 20 232 197139  1 8255056 64380 1.3 21 16 1 2 48% 50121 2340 40%
c t 750.75 48 20 232 197139  1 8255056 64379 1.3 21 16 1 2 48% 50121 2340 40%
c W 751.16 48 20 232 197139  1 8256258 65163 1.3 22 16 1 2 48% 50121 2340 40%
c s 754.64 48 20 232 197139  1 8293866 89414 1.3 22 17 1 2 49% 50102 2340 40%
c s 755.17 48 20 232 197139  1 8293866 89251 1.3 22 17 1 2 49% 50102 2340 40%
c - 758.51 48 20 233 197140  1 8326886 64661 1.4 22 16 1 2 49% 50102 2340 40%
c p 758.54 48 20 233 197140  1 8326886 64734 1.4 22 16 1 2 49% 50102 2340 40%
c u 758.71 48 20 233 197140  1 8326886 64561 1.4 22 16 1 2 49% 50102 2340 40%
c v 758.79 48 20 233 197140  1 8326886 64457 1.4 22 16 1 2 49% 50102 2340 40%
c w 758.79 48 20 233 197140  1 8326886 64457 1.4 22 16 1 2 49% 50102 2340 40%
c t 758.80 48 20 233 197140  1 8326886 64456 1.4 22 16 1 2 49% 50102 2340 40%
c O 763.85 48 19 233 197140  1 8385259 101170 1.4 22 16 1 2 49% 50102 2340 40%
c - 765.29 48 19 234 197140  1 8399027 64826 1.4 21 15 1 2 49% 50102 2340 40%
c p 765.32 48 19 234 197140  1 8399027 64899 1.4 21 15 1 2 49% 50102 2340 40%
c u 765.49 48 19 234 197140  1 8399027 64713 1.4 21 15 1 2 49% 50102 2340 40%
c v 765.57 48 19 234 197140  1 8399027 64638 1.4 21 15 1 2 49% 50102 2340 40%
c w 765.57 48 19 234 197140  1 8399027 64638 1.4 21 15 1 2 49% 50102 2340 40%
c t 765.57 48 19 234 197140  1 8399027 64634 1.4 21 15 1 2 49% 50102 2340 40%
c 
c  seconds    reductions      conflicts         size   tier2      variables
c          MB       restarts         redundant     glue   trail        remaining
c           level          rate           size/glue  tier1  irredundant
c 
c - 772.12 48 17 235 197141  1 8471479 64709 1.4 20 14 1 2 49% 50102 2340 40%
c p 772.15 48 17 235 197141  1 8471479 64777 1.4 20 14 1 2 49% 50102 2340 40%
c u 772.37 48 17 235 197141  1 8471479 64630 1.4 20 14 1 2 49% 50102 2340 40%
c v 772.46 48 17 235 197141  1 8471479 64526 1.4 20 14 1 2 49% 50102 2340 40%
c w 772.47 48 17 235 197141  1 8471479 64526 1.4 20 14 1 2 49% 50102 2340 40%
c t 772.47 48 17 235 197141  1 8471479 64524 1.4 20 14 1 2 49% 50074 2340 40%
c B 776.22 48 16 235 197141  1 8515261 89093 1.4 19 13 1 2 49% 50074 2340 40%
c - 778.72 48 18 236 197141  1 8544246 65669 1.4 20 14 1 2 49% 50074 2340 40%
c p 778.75 48 18 236 197141  1 8544246 65732 1.4 20 14 1 2 49% 50074 2340 40%
c u 778.95 48 18 236 197141  1 8544246 65574 1.4 20 14 1 2 49% 50074 2340 40%
c v 779.03 48 18 236 197141  1 8544246 65496 1.4 20 14 1 2 49% 50074 2340 40%
c w 779.03 48 18 236 197141  1 8544246 65496 1.4 20 14 1 2 49% 50074 2340 40%
c t 779.03 48 18 236 197141  1 8544246 65495 1.4 20 14 1 2 49% 50074 2340 40%
c - 785.78 48 18 237 197141  1 8617326 67163 1.4 21 15 1 2 49% 50074 2340 40%
c p 785.82 48 18 237 197141  1 8617326 67234 1.4 21 15 1 2 49% 50074 2340 40%
c u 785.99 48 18 237 197141  1 8617326 67153 1.4 21 15 1 2 49% 50074 2340 40%
c v 786.06 48 18 237 197141  1 8617326 67106 1.4 21 15 1 2 49% 50074 2340 40%
c w 786.06 48 18 237 197141  1 8617326 67106 1.4 21 15 1 2 49% 50074 2340 40%
c x 786.18 48 18 237 197141  1 8617326 67106 1.4 21 15 1 2 49% 50074 2340 40%
c t 786.19 48 18 237 197141  1 8617326 67105 1.4 21 15 1 2 49% 50074 2340 40%
c 
c  seconds    reductions      conflicts         size   tier2      variables
c          MB       restarts         redundant     glue   trail        remaining
c           level          rate           size/glue  tier1  irredundant
c 
c W 790.21 48 18 237 197141  1 8646264 85572 1.4 21 15 1 2 49% 50074 2340 40%
c ] 791.01 48 18 237 197141  1 8654934 91385 1.4 21 15 1 2 49% 50074 2340 40%
c { 791.01 48 14 237 197141  2 8654934 91385 1.6 15 9 2 3 55% 50074 2340 40%
c s 797.77 48 15 237 201163  3 8682865 112149 1.7 16 9 2 3 54% 50073 2340 40%
c t 797.79 48 15 237 201163  3 8682865 112149 1.7 16 9 2 3 54% 50072 2340 40%
c s 798.41 48 15 237 201163  3 8682865 112026 1.7 16 9 2 3 54% 50072 2340 40%
c - 800.56 48 15 238 202298  3 8690714 70054 1.7 16 10 2 3 54% 50072 2340 40%
c p 800.60 48 15 238 202298  3 8690714 70117 1.7 16 10 2 3 54% 50072 2340 40%
c u 800.90 48 15 238 202298  3 8690714 69904 1.7 16 10 2 3 54% 50072 2340 40%
c v 800.99 48 15 238 202298  3 8690714 69790 1.7 16 10 2 3 54% 50072 2340 40%
c w 800.99 48 15 238 202298  3 8690714 69790 1.7 16 10 2 3 54% 50072 2340 40%
c t 800.99 48 15 238 202298  3 8690714 69787 1.7 16 10 2 3 54% 50072 2340 40%
c - 812.89 48 16 239 208560  3 8764414 74346 1.7 17 10 2 3 54% 50072 2340 40%
c p 812.93 48 16 239 208560  3 8764414 74409 1.7 17 10 2 3 54% 50072 2340 40%
c u 813.25 48 16 239 208560  3 8764414 74149 1.7 17 10 2 3 54% 50072 2340 40%
c v 813.37 48 16 239 208560  3 8764414 74055 1.7 17 10 2 3 54% 50072 2340 40%
c w 813.37 48 16 239 208560  3 8764414 74055 1.7 17 10 2 3 54% 50072 2340 40%
c t 813.38 48 16 239 208560  3 8764414 74051 1.7 17 10 2 3 54% 50072 2340 40%
c F 815.06 48 16 239 209623  3 8778266 83792 1.7 17 10 2 3 53% 50072 2340 40%
c - 823.72 48 17 240 213961  2 8838426 76561 1.8 18 10 2 3 53% 50072 2340 40%
c 
c  seconds    reductions      conflicts         size   tier2      variables
c          MB       restarts         redundant     glue   trail        remaining
c           level          rate           size/glue  tier1  irredundant
c 
c p 823.75 48 17 240 213961  2 8838426 76625 1.8 18 10 2 3 53% 50072 2340 40%
c u 823.96 48 17 240 213961  2 8838426 76429 1.8 18 10 2 3 53% 50072 2340 40%
c v 824.07 48 17 240 213961  2 8838426 76352 1.8 18 10 2 3 53% 50072 2340 40%
c w 824.07 48 17 240 213961  2 8838426 76352 1.8 18 10 2 3 53% 50072 2340 40%
c t 824.08 48 17 240 213961  2 8838426 76351 1.8 18 10 2 3 53% 50072 2340 40%
c B 834.61 48 17 240 219390  2 8911269 129804 1.8 18 10 2 3 53% 50072 2340 40%
c - 834.97 51 17 241 219475  2 8912754 79091 1.8 18 10 2 3 53% 50072 2340 40%
c p 835.00 51 17 241 219475  2 8912754 79159 1.8 18 10 2 3 53% 50072 2340 40%
c u 835.23 51 17 241 219475  2 8912754 78945 1.8 18 10 2 3 53% 50072 2340 40%
c v 835.33 51 17 241 219475  2 8912754 78846 1.8 18 10 2 3 53% 50072 2340 40%
c - 845.98 51 18 242 225032  2 8987389 81313 1.8 18 10 2 3 53% 50072 2340 40%
c p 846.02 51 18 242 225032  2 8987389 81379 1.8 18 10 2 3 53% 50072 2340 40%
c u 846.25 51 18 242 225032  2 8987389 81222 1.8 18 10 2 3 53% 50072 2340 40%
c v 846.36 51 18 242 225032  2 8987389 81178 1.8 18 10 2 3 53% 50072 2340 40%
c w 846.36 51 18 242 225032  2 8987389 81178 1.8 18 10 2 3 53% 50072 2340 40%
c t 846.37 51 18 242 225032  2 8987389 81175 1.8 18 10 2 3 53% 50072 2340 40%
c W 855.45 51 17 242 228573  2 9045270 122990 1.8 18 10 2 3 53% 50072 2340 40%
c - 858.03 51 17 243 229475  2 9062336 83171 1.8 18 10 2 3 53% 50072 2340 40%
c p 858.06 51 17 243 229475  2 9062336 83234 1.8 18 10 2 3 53% 50072 2340 40%
c u 858.28 51 17 243 229475  2 9062336 83101 1.8 18 10 2 3 53% 50072 2340 40%
c 
c  seconds    reductions      conflicts         size   tier2      variables
c          MB       restarts         redundant     glue   trail        remaining
c           level          rate           size/glue  tier1  irredundant
c 
c v 858.39 51 17 243 229475  2 9062336 83045 1.8 18 10 2 3 53% 50072 2340 40%
c w 858.39 51 17 243 229475  2 9062336 83045 1.8 18 10 2 3 53% 50072 2340 40%
c t 858.39 51 17 243 229475  2 9062336 83044 1.8 18 10 2 3 53% 50072 2340 40%
c } 859.06 51 17 243 229813  2 9068411 87282 1.8 18 10 2 3 53% 50072 2340 40%
c [ 859.06 51 18 243 229813  1 9068411 87282 1.4 21 15 1 2 49% 50072 2340 40%
c - 864.95 51 18 244 229814  1 9137596 81590 1.4 20 15 1 2 48% 50072 2340 40%
c p 864.98 51 18 244 229814  1 9137596 81654 1.4 20 15 1 2 48% 50072 2340 40%
c u 865.20 51 18 244 229814  1 9137596 81530 1.4 20 15 1 2 48% 50072 2340 40%
c v 865.32 51 18 244 229814  1 9137596 81488 1.4 20 15 1 2 48% 50072 2340 40%
c w 865.32 51 18 244 229814  1 9137596 81488 1.4 20 15 1 2 48% 50072 2340 40%
c t 865.32 51 18 244 229814  1 9137596 81487 1.4 20 15 1 2 48% 50072 2340 40%
c I 868.71 51 19 244 229814  1 9180271 111198 1.4 21 16 1 2 48% 50072 2340 40%
c - 872.27 51 20 245 229814  1 9213167 80540 1.4 22 16 1 2 48% 50072 2340 40%
c p 872.31 51 20 245 229814  1 9213167 80603 1.4 22 16 1 2 48% 50072 2340 40%
c u 872.87 51 20 245 229814  1 9213167 80532 1.4 22 16 1 2 48% 50072 2340 40%
c v 872.95 51 20 245 229814  1 9213167 80485 1.4 22 16 1 2 48% 50072 2340 40%
c w 872.96 51 20 245 229814  1 9213167 80485 1.4 22 16 1 2 48% 50072 2340 40%
c t 872.96 51 20 245 229814  1 9213167 80481 1.4 22 16 1 2 48% 50072 2340 40%
c - 879.47 51 20 246 229814  1 9289050 79000 1.3 21 16 1 2 47% 50072 2340 40%
c p 879.51 51 20 246 229814  1 9289050 79058 1.3 21 16 1 2 47% 50072 2340 40%
c 
c  seconds    reductions      conflicts         size   tier2      variables
c          MB       restarts         redundant     glue   trail        remaining
c           level          rate           size/glue  tier1  irredundant
c 
c u 879.72 51 20 246 229814  1 9289050 78969 1.3 21 16 1 2 47% 50072 2340 40%
c v 879.81 51 20 246 229814  1 9289050 78901 1.3 21 16 1 2 47% 50072 2340 40%
c w 879.81 51 20 246 229814  1 9289050 78901 1.3 21 16 1 2 47% 50072 2340 40%
c B 881.91 51 20 246 229814  1 9316274 97386 1.3 22 16 1 2 47% 50072 2340 40%
c - 886.57 51 20 247 229814  1 9365246 79542 1.3 22 17 1 2 47% 50072 2340 40%
c p 886.61 51 20 247 229814  1 9365246 79604 1.3 22 17 1 2 47% 50072 2340 40%
c u 886.74 51 20 247 229814  1 9365246 79550 1.3 22 17 1 2 47% 50072 2340 40%
c v 886.81 51 20 247 229814  1 9365246 79512 1.3 22 17 1 2 47% 50072 2340 40%
c w 886.81 51 20 247 229814  1 9365246 79512 1.3 22 17 1 2 47% 50072 2340 40%
c x 886.91 51 20 247 229814  1 9365246 79512 1.3 22 17 1 2 47% 50072 2340 40%
c s 887.50 51 20 247 229814  1 9365246 78135 1.3 22 17 1 2 47% 50068 2340 40%
c s 888.07 51 20 247 229814  1 9365246 77914 1.3 22 17 1 2 47% 50067 2340 40%
c - 894.99 34 19 248 229814  1 9441752 78377 1.3 21 16 1 2 47% 50067 2340 40%
c p 895.04 34 19 248 229814  1 9441752 78444 1.3 21 16 1 2 47% 50067 2340 40%
c u 895.28 34 19 248 229814  1 9441752 78314 1.3 21 16 1 2 47% 50067 2340 40%
c v 895.37 34 19 248 229814  1 9441752 78247 1.3 21 16 1 2 47% 50067 2340 40%
c w 895.37 34 19 248 229814  1 9441752 78247 1.3 21 16 1 2 47% 50067 2340 40%
c W 897.66 34 19 248 229814  1 9453276 85552 1.3 21 16 1 2 47% 50067 2340 40%
c - 903.93 41 19 249 229814  1 9518571 80085 1.3 21 16 1 2 48% 50067 2340 40%
c p 903.97 41 19 249 229814  1 9518571 80150 1.3 21 16 1 2 48% 50067 2340 40%
c 
c  seconds    reductions      conflicts         size   tier2      variables
c          MB       restarts         redundant     glue   trail        remaining
c           level          rate           size/glue  tier1  irredundant
c 
c u 904.21 41 19 249 229814  1 9518571 79949 1.3 21 16 1 2 48% 50067 2340 40%
c v 904.30 41 19 249 229814  1 9518571 79881 1.3 21 16 1 2 48% 50067 2340 40%
c w 904.31 41 19 249 229814  1 9518571 79881 1.3 21 16 1 2 48% 50067 2340 40%
c t 904.31 41 19 249 229814  1 9518571 79880 1.3 21 16 1 2 48% 50067 2340 40%
c ] 907.97 41 19 249 229814  1 9560236 105950 1.3 21 15 1 2 48% 50067 2340 40%
c { 907.98 41 17 249 229814  2 9560236 105950 1.8 18 10 2 3 53% 50067 2340 40%
c # 912.21 41 17 249 231442  2 9591277 127875 1.8 18 10 2 3 52% 50067 2340 40%
c - 913.16 47 17 250 231875  2 9595703 82501 1.8 18 10 2 3 53% 50067 2340 40%
c p 913.20 47 17 250 231875  2 9595703 82571 1.8 18 10 2 3 53% 50067 2340 40%
c u 913.41 47 17 250 231875  2 9595703 82386 1.8 18 10 2 3 53% 50067 2340 40%
c v 913.50 47 17 250 231875  2 9595703 82328 1.8 18 10 2 3 53% 50067 2340 40%
c - 923.54 48 17 251 236389  2 9673145 86797 1.7 18 10 2 3 52% 50067 2340 40%
c p 923.58 48 17 251 236389  2 9673145 86864 1.7 18 10 2 3 52% 50067 2340 40%
c u 923.85 48 17 251 236389  2 9673145 86717 1.7 18 10 2 3 52% 50067 2340 40%
c v 923.98 48 17 251 236389  2 9673145 86661 1.7 18 10 2 3 52% 50067 2340 40%
c w 923.99 48 17 251 236389  2 9673145 86661 1.7 18 10 2 3 52% 50067 2340 40%
c t 923.99 48 17 251 236389  2 9673145 86660 1.7 18 10 2 3 52% 50067 2340 40%
c B 931.20 48 17 251 239433  2 9730278 127145 1.7 18 10 2 3 52% 50067 2340 40%
c - 934.49 49 17 252 240822  2 9750900 89571 1.7 18 10 2 3 52% 50067 2340 40%
c p 934.53 49 17 252 240822  2 9750900 89643 1.7 18 10 2 3 52% 50067 2340 40%
c 
c  seconds    reductions      conflicts         size   tier2      variables
c          MB       restarts         redundant     glue   trail        remaining
c           level          rate           size/glue  tier1  irredundant
c 
c u 934.73 49 17 252 240822  2 9750900 89480 1.7 18 10 2 3 52% 50067 2340 40%
c v 934.83 49 17 252 240822  2 9750900 89427 1.7 18 10 2 3 52% 50067 2340 40%
c w 934.83 49 17 252 240822  2 9750900 89427 1.7 18 10 2 3 52% 50067 2340 40%
c t 934.83 49 17 252 240822  2 9750900 89426 1.7 18 10 2 3 52% 50067 2340 40%
c - 945.33 55 17 253 246134  2 9828983 92048 1.7 18 10 2 3 52% 50067 2340 40%
c p 945.36 55 17 253 246134  2 9828983 92115 1.7 18 10 2 3 52% 50067 2340 40%
c u 945.61 55 17 253 246134  2 9828983 91978 1.7 18 10 2 3 52% 50067 2340 40%
c v 945.73 55 17 253 246134  2 9828983 91901 1.7 18 10 2 3 52% 50067 2340 40%
c w 945.73 55 17 253 246134  2 9828983 91901 1.7 18 10 2 3 52% 50067 2340 40%
c t 945.74 55 17 253 246134  2 9828983 91900 1.7 18 10 2 3 52% 50067 2340 40%
c W 951.82 55 17 253 248224  2 9870279 120554 1.7 17 10 2 3 52% 50067 2340 40%
c - 957.40 55 17 254 250772  2 9907363 93891 1.7 18 10 2 3 52% 50067 2340 40%
c p 957.43 55 17 254 250772  2 9907363 93962 1.7 18 10 2 3 52% 50067 2340 40%
c u 957.67 55 17 254 250772  2 9907363 93855 1.7 18 10 2 3 52% 50067 2340 40%
c v 957.77 55 17 254 250772  2 9907363 93802 1.7 18 10 2 3 52% 50067 2340 40%
c w 957.77 55 17 254 250772  2 9907363 93801 1.7 18 10 2 3 52% 50067 2340 40%
c - 967.33 55 16 255 254419  2 9986053 95186 1.7 17 10 2 3 52% 50067 2340 40%
c p 967.37 55 16 255 254419  2 9986053 95258 1.7 17 10 2 3 52% 50067 2340 40%
c u 967.56 55 16 255 254419  2 9986053 95164 1.7 17 10 2 3 52% 50067 2340 40%
c v 967.65 55 16 255 254419  2 9986053 95098 1.7 17 10 2 3 52% 50067 2340 40%
c 
c  seconds    reductions      conflicts         size   tier2      variables
c          MB       restarts         redundant     glue   trail        remaining
c           level          rate           size/glue  tier1  irredundant
c 
c t 967.66 55 16 255 254419  2 9986053 95096 1.7 17 10 2 3 52% 50067 2340 40%
c F 970.79 55 16 255 256642  2 10011280 113145 1.7 17 10 2 3 52% 50067 2340 40%
c } 971.24 55 16 255 256800  2 10015212 115857 1.7 17 10 2 3 52% 50067 2340 40%
c [ 971.24 55 19 255 256800  1 10015212 115857 1.3 21 15 1 2 48% 50067 2340 40%
c - 975.81 55 17 256 256800  1 10065054 94575 1.4 19 14 1 2 48% 50067 2340 40%
c p 975.84 55 17 256 256800  1 10065054 94643 1.4 19 14 1 2 48% 50067 2340 40%
c u 976.06 55 17 256 256800  1 10065054 94543 1.4 19 14 1 2 48% 50067 2340 40%
c v 976.18 55 17 256 256800  1 10065054 94460 1.4 19 14 1 2 48% 50067 2340 40%
c t 976.18 55 17 256 256800  1 10065054 94460 1.4 19 14 1 2 48% 50063 2340 40%
c s 977.10 55 17 256 256800  1 10065054 92911 1.4 19 14 1 2 48% 50060 2340 40%
c e 977.12 55 17 256 256800  1 10065054 92891 1.4 19 14 1 2 48% 50071 2339 40%
c s 977.88 55 17 256 256800  1 10065054 92614 1.4 19 14 1 2 48% 50068 2339 40%
c - 985.23 55 17 257 256823  1 10144367 91824 1.4 19 14 1 2 48% 50068 2339 40%
c 2 985.23 55 17 257 256823  1 10144367 91823 1.4 19 14 1 2 48% 50068 2339 40%
c p 985.27 55 17 257 256823  1 10144367 91888 1.4 19 14 1 2 48% 50068 2339 40%
c u 985.51 55 17 257 256823  1 10144367 91750 1.4 19 14 1 2 48% 50068 2339 40%
c v 985.63 55 17 257 256823  1 10144367 91670 1.4 19 14 1 2 48% 50068 2339 40%
c w 985.64 55 17 257 256823  1 10144367 91670 1.4 19 14 1 2 48% 50068 2339 40%
c t 985.64 55 17 257 256823  1 10144367 91669 1.4 19 14 1 2 48% 50068 2339 40%
c O 986.38 55 17 257 256829  1 10153282 96965 1.4 19 14 1 2 48% 50068 2339 40%
c 
c  seconds    reductions      conflicts          size   tier2      variables
c          MB       restarts          redundant     glue   trail        remaining
c           level          rate            size/glue  tier1  irredundant
c 
c - 992.74 55 18 258 256853  1 10223992 92635 1.4 20 15 1 2 48% 50068 2339 40%
c p 992.78 55 18 258 256853  1 10223992 92705 1.4 20 15 1 2 48% 50068 2339 40%
c u 992.93 55 18 258 256853  1 10223992 92539 1.4 20 15 1 2 48% 50068 2339 40%
c v 993.00 55 18 258 256853  1 10223992 92489 1.4 20 15 1 2 48% 50068 2339 40%
c w 993.00 55 18 258 256853  1 10223992 92489 1.4 20 15 1 2 48% 50068 2339 40%
c x 993.12 55 18 258 256853  1 10223992 92489 1.4 20 15 1 2 48% 50068 2339 40%
c B 999.80 55 16 258 256863  1 10296284 137103 1.4 19 14 1 2 48% 50068 2339 40%
c - 1000.67 55 17 259 256869  1 10303930 91871 1.4 20 14 1 2 48% 50068 2339 40%
c p 1000.71 55 17 259 256869  1 10303930 91935 1.4 20 14 1 2 48% 50068 2339 40%
c u 1000.94 55 17 259 256869  1 10303930 91829 1.4 20 14 1 2 48% 50068 2339 40%
c v 1001.03 55 17 259 256869  1 10303930 91764 1.4 20 14 1 2 48% 50068 2339 40%
c w 1001.03 55 17 259 256869  1 10303930 91764 1.4 20 14 1 2 48% 50068 2339 40%
c - 1008.54 37 17 260 256899  1 10384180 92042 1.4 20 14 1 2 49% 50068 2339 40%
c p 1008.57 37 17 260 256899  1 10384180 92094 1.4 20 14 1 2 49% 50068 2339 40%
c u 1008.78 37 17 260 256899  1 10384180 91966 1.4 20 14 1 2 49% 50068 2339 40%
c v 1008.86 37 17 260 256899  1 10384180 91901 1.4 20 14 1 2 49% 50068 2339 40%
c w 1008.87 37 17 260 256899  1 10384180 91900 1.4 20 14 1 2 49% 50068 2339 40%
c W 1015.84 37 18 260 256924  1 10440285 126276 1.4 20 15 1 2 48% 50068 2339 40%
c - 1018.24 45 18 261 256926  1 10464741 91974 1.4 20 15 1 2 48% 50068 2339 40%
c p 1018.29 45 18 261 256926  1 10464741 92042 1.4 20 15 1 2 48% 50068 2339 40%
c 
c   seconds    reductions      conflicts          size   tier2      variables
c           MB       restarts          redundant     glue   trail        remaining
c            level          rate            size/glue  tier1  irredundant
c 
c u 1018.52 45 18 261 256926  1 10464741 91925 1.4 20 15 1 2 48% 50068 2339 40%
c v 1018.62 45 18 261 256926  1 10464741 91816 1.4 20 15 1 2 48% 50068 2339 40%
c w 1018.62 45 18 261 256926  1 10464741 91816 1.4 20 15 1 2 48% 50068 2339 40%
c t 1018.63 45 18 261 256926  1 10464741 91815 1.4 20 15 1 2 48% 50068 2339 40%
c s 1020.69 46 18 261 256926  1 10480527 101685 1.4 20 15 1 2 48% 50067 2339 40%
c s 1021.47 46 18 261 256926  1 10480527 101629 1.4 20 15 1 2 48% 50067 2339 40%
c ] 1024.43 46 18 261 256927  1 10512331 121302 1.4 20 15 1 2 48% 50067 2339 40%
c { 1024.43 46 16 261 256927  2 10512331 121302 1.7 17 10 2 3 52% 50067 2339 40%
c - 1029.30 51 16 262 259005  2 10545614 94019 1.7 17 10 2 3 52% 50067 2339 40%
c p 1029.34 51 16 262 259005  2 10545614 94083 1.7 17 10 2 3 52% 50067 2339 40%
c u 1029.53 51 16 262 259005  2 10545614 93958 1.7 17 10 2 3 52% 50067 2339 40%
c v 1029.62 51 16 262 259005  2 10545614 93887 1.7 17 10 2 3 52% 50067 2339 40%
c B 1034.10 51 16 262 261221  2 10585286 121265 1.7 17 10 2 3 52% 50067 2339 40%
c - 1040.26 51 16 263 263810  2 10626802 97830 1.7 17 10 2 3 52% 50067 2339 40%
c p 1040.30 51 16 263 263810  2 10626802 97894 1.7 17 10 2 3 52% 50067 2339 40%
c u 1041.02 51 16 263 263810  2 10626802 97812 1.7 17 10 2 3 52% 50067 2339 40%
c v 1041.13 51 16 263 263810  2 10626802 97716 1.7 17 10 2 3 52% 50067 2339 40%
c t 1041.14 51 16 263 263810  2 10626802 97715 1.7 17 10 2 3 52% 50067 2339 40%
c - 1052.15 51 16 264 268693  2 10708303 100465 1.7 17 10 2 3 51% 50067 2339 40%
c p 1052.19 51 16 264 268693  2 10708303 100529 1.7 17 10 2 3 51% 50067 2339 40%
c 
c   seconds    reductions      conflicts           size   tier2      variables
c           MB       restarts          redundant      glue   trail        remaining
c            level          rate             size/glue  tier1  irredundant
c 
c u 1052.44 51 16 264 268693  2 10708303 100478 1.7 17 10 2 3 51% 50067 2339 40%
c v 1052.56 51 16 264 268693  2 10708303 100396 1.7 17 10 2 3 51% 50067 2339 40%
c W 1056.23 51 16 264 269815  2 10731292 115613 1.7 17 10 2 3 51% 50067 2339 40%
c - 1064.11 51 16 265 272918  2 10790111 102111 1.7 16 10 2 3 51% 50067 2339 40%
c p 1064.16 51 16 265 272918  2 10790111 102173 1.7 16 10 2 3 51% 50067 2339 40%
c u 1064.40 51 16 265 272918  2 10790111 102105 1.7 16 10 2 3 51% 50067 2339 40%
c v 1064.50 51 16 265 272918  2 10790111 102037 1.7 16 10 2 3 51% 50067 2339 40%
c w 1064.50 51 16 265 272918  2 10790111 102037 1.7 16 10 2 3 51% 50067 2339 40%
c - 1075.12 51 15 266 277828  2 10872231 103562 1.6 16 10 2 3 51% 50067 2339 40%
c p 1075.16 51 15 266 277828  2 10872231 103624 1.6 16 10 2 3 51% 50067 2339 40%
c u 1075.42 51 15 266 277828  2 10872231 103550 1.6 16 10 2 3 51% 50067 2339 40%
c v 1075.54 51 15 266 277828  2 10872231 103477 1.6 16 10 2 3 51% 50067 2339 40%
c w 1075.54 51 15 266 277828  2 10872231 103477 1.6 16 10 2 3 51% 50067 2339 40%
c t 1075.54 51 15 266 277828  2 10872231 103476 1.6 16 10 2 3 51% 50067 2339 40%
c # 1076.19 51 15 266 278099  2 10878293 107721 1.6 16 10 2 3 51% 50067 2339 40%
c - 1086.40 43 15 267 282773  2 10954663 105563 1.7 16 10 2 3 51% 50067 2339 40%
c p 1086.44 43 15 267 282773  2 10954663 105625 1.7 16 10 2 3 51% 50067 2339 40%
c u 1086.69 43 15 267 282773  2 10954663 105483 1.7 16 10 2 3 51% 50067 2339 40%
c v 1086.81 43 15 267 282773  2 10954663 105427 1.7 16 10 2 3 51% 50067 2339 40%
c w 1086.82 43 15 267 282773  2 10954663 105427 1.7 16 10 2 3 51% 50067 2339 40%
c 
c   seconds    reductions      conflicts           size   tier2      variables
c           MB       restarts          redundant      glue   trail        remaining
c            level          rate             size/glue  tier1  irredundant
c 
c } 1090.01 43 15 267 284071  2 10985695 125636 1.6 16 10 2 3 51% 50067 2339 40%
c [ 1090.01 43 18 267 284071  1 10985695 125636 1.4 20 15 1 2 48% 50067 2339 40%
c I 1093.95 43 17 267 284071  1 11026294 147958 1.4 19 14 1 2 48% 50067 2339 40%
c - 1095.04 43 17 268 284074  1 11037407 104852 1.3 19 14 1 2 48% 50067 2339 40%
c p 1095.08 43 17 268 284074  1 11037407 104913 1.3 19 14 1 2 48% 50067 2339 40%
c u 1095.30 43 17 268 284074  1 11037407 104769 1.3 19 14 1 2 48% 50067 2339 40%
c v 1095.40 43 17 268 284074  1 11037407 104736 1.3 19 14 1 2 48% 50067 2339 40%
c w 1095.41 43 17 268 284074  1 11037407 104736 1.3 19 14 1 2 48% 50067 2339 40%
c t 1095.41 43 17 268 284074  1 11037407 104734 1.3 19 14 1 2 48% 50067 2339 40%
c - 1103.02 42 16 269 284105  1 11120464 102442 1.4 19 14 1 2 49% 50067 2339 40%
c p 1103.05 42 16 269 284105  1 11120464 102503 1.4 19 14 1 2 49% 50067 2339 40%
c u 1103.25 42 16 269 284105  1 11120464 102360 1.4 19 14 1 2 49% 50067 2339 40%
c v 1103.35 42 16 269 284105  1 11120464 102250 1.4 19 14 1 2 49% 50067 2339 40%
c w 1103.35 42 16 269 284105  1 11120464 102250 1.4 19 14 1 2 49% 50067 2339 40%
c B 1108.53 42 17 269 284132  1 11175296 135826 1.4 19 14 1 2 48% 50067 2339 40%
c - 1111.47 49 17 270 284134  1 11203833 101525 1.4 20 14 1 2 48% 50067 2339 40%
c p 1111.52 49 17 270 284134  1 11203833 101586 1.4 20 14 1 2 48% 50067 2339 40%
c u 1111.68 49 17 270 284134  1 11203833 101487 1.4 20 14 1 2 48% 50067 2339 40%
c v 1111.76 49 17 270 284134  1 11203833 101415 1.4 20 14 1 2 48% 50067 2339 40%
c w 1111.76 49 17 270 284134  1 11203833 101415 1.4 20 14 1 2 48% 50067 2339 40%
c 
c   seconds    reductions      conflicts           size   tier2      variables
c           MB       restarts          redundant      glue   trail        remaining
c            level          rate             size/glue  tier1  irredundant
c 
c x 1111.91 49 17 270 284134  1 11203833 101415 1.4 20 14 1 2 48% 50067 2339 40%
c s 1112.68 49 17 270 284134  1 11203833 99906 1.4 20 14 1 2 48% 50065 2339 40%
c s 1113.46 49 17 270 284134  1 11203833 99686 1.4 20 14 1 2 48% 50065 2339 40%
c - 1121.71 49 17 271 284163  1 11287513 100796 1.4 20 14 1 2 49% 50065 2339 40%
c p 1121.74 49 17 271 284163  1 11287513 100855 1.4 20 14 1 2 49% 50065 2339 40%
c u 1121.98 49 17 271 284163  1 11287513 100754 1.4 20 14 1 2 49% 50065 2339 40%
c v 1122.10 49 17 271 284163  1 11287513 100673 1.4 20 14 1 2 49% 50065 2339 40%
c w 1122.10 49 17 271 284163  1 11287513 100673 1.4 20 14 1 2 49% 50065 2339 40%
c t 1122.10 49 17 271 284163  1 11287513 100672 1.4 20 14 1 2 49% 50065 2339 40%
c W 1127.33 49 17 271 284172  1 11325297 123157 1.4 19 14 1 2 49% 50065 2339 40%
c - 1131.52 49 17 272 284194  1 11371506 101272 1.4 20 14 1 2 48% 50065 2339 40%
c p 1131.55 49 17 272 284194  1 11371506 101328 1.4 20 14 1 2 48% 50065 2339 40%
c u 1131.76 49 17 272 284194  1 11371506 101244 1.4 20 14 1 2 48% 50065 2339 40%
c v 1131.87 49 17 272 284194  1 11371506 101182 1.4 20 14 1 2 48% 50065 2339 40%
c t 1131.88 49 17 272 284194  1 11371506 101182 1.4 20 14 1 2 48% 50061 2339 40%
c - 1139.58 56 18 273 284198  1 11455810 101452 1.4 20 15 1 2 48% 50061 2339 40%
c p 1139.62 56 18 273 284198  1 11455810 101515 1.4 20 15 1 2 48% 50061 2339 40%
c u 1139.85 56 18 273 284198  1 11455810 101448 1.4 20 15 1 2 48% 50061 2339 40%
c v 1139.94 56 18 273 284198  1 11455810 101368 1.4 20 15 1 2 48% 50061 2339 40%
c w 1139.95 56 18 273 284198  1 11455810 101368 1.4 20 15 1 2 48% 50061 2339 40%
c 
c   seconds    reductions      conflicts           size   tier2      variables
c           MB       restarts          redundant      glue   trail        remaining
c            level          rate             size/glue  tier1  irredundant
c 
c O 1141.71 56 17 273 284198  1 11476300 114444 1.4 20 14 1 2 48% 50061 2339 40%
c ] 1142.34 56 17 273 284198  1 11484313 118754 1.4 20 14 1 2 48% 50061 2339 40%
c { 1142.34 56 15 273 284198  2 11484313 118754 1.6 16 10 2 3 51% 50061 2339 40%
c - 1151.93 56 15 274 287723  2 11540428 103878 1.7 16 10 2 3 51% 50061 2339 40%
c p 1151.98 56 15 274 287723  2 11540428 103946 1.7 16 10 2 3 51% 50061 2339 40%
c u 1152.41 56 15 274 287723  2 11540428 103857 1.7 16 10 2 3 51% 50061 2339 40%
c v 1152.58 56 15 274 287723  2 11540428 103784 1.7 16 10 2 3 51% 50061 2339 40%
c - 1169.92 56 15 275 293540  2 11625356 107883 1.7 16 10 2 3 51% 50061 2339 40%
c p 1170.02 56 15 275 293540  2 11625356 107947 1.7 16 10 2 3 51% 50061 2339 40%
c u 1170.47 56 15 275 293540  2 11625356 107791 1.7 16 10 2 3 51% 50061 2339 40%
c v 1170.66 56 15 275 293540  2 11625356 107711 1.7 16 10 2 3 51% 50061 2339 40%
c w 1170.67 56 15 275 293540  2 11625356 107711 1.7 16 10 2 3 51% 50061 2339 40%
c t 1170.67 56 15 275 293540  2 11625356 107709 1.7 16 10 2 3 51% 50061 2339 40%
c B 1171.09 56 15 275 293642  2 11628301 109628 1.7 16 10 2 3 51% 50061 2339 40%
c s 1173.62 56 15 275 294313  2 11636979 114981 1.7 16 10 2 3 51% 50061 2339 40%
c t 1173.64 56 15 275 294313  2 11636979 114980 1.7 16 10 2 3 51% 50061 2339 40%
c s 1174.79 56 15 275 294313  2 11636979 114878 1.7 16 10 2 3 51% 50061 2339 40%
c - 1189.30 56 15 276 298762  2 11710595 109658 1.7 17 10 2 3 51% 50061 2339 40%
c p 1189.41 56 15 276 298762  2 11710595 109734 1.7 17 10 2 3 51% 50061 2339 40%
c u 1190.06 56 15 276 298762  2 11710595 109664 1.7 17 10 2 3 51% 50061 2339 40%
c 
c   seconds    reductions      conflicts           size   tier2      variables
c           MB       restarts          redundant      glue   trail        remaining
c            level          rate             size/glue  tier1  irredundant
c 
c v 1190.34 56 15 276 298762  2 11710595 109575 1.7 17 10 2 3 51% 50061 2339 40%
c W 1204.90 56 15 276 302710  2 11781302 157356 1.7 16 10 2 3 51% 50061 2339 40%
c - 1207.73 56 15 277 303759  2 11796147 111832 1.7 16 10 2 3 51% 50061 2339 40%
c p 1207.78 56 15 277 303759  2 11796147 111896 1.7 16 10 2 3 51% 50061 2339 40%
c u 1208.12 56 15 277 303759  2 11796147 111824 1.7 16 10 2 3 51% 50061 2339 40%
c v 1208.28 56 15 277 303759  2 11796147 111743 1.7 16 10 2 3 51% 50061 2339 40%
c w 1208.29 56 15 277 303759  2 11796147 111743 1.7 16 10 2 3 51% 50061 2339 40%
c - 1221.84 64 15 278 308665  2 11882011 112965 1.7 16 10 2 3 51% 50061 2339 40%
c p 1221.88 64 15 278 308665  2 11882011 113028 1.7 16 10 2 3 51% 50061 2339 40%
c u 1222.25 64 15 278 308665  2 11882011 112947 1.7 16 10 2 3 51% 50061 2339 40%
c v 1222.39 64 15 278 308665  2 11882011 112869 1.7 16 10 2 3 51% 50061 2339 40%
c w 1222.39 64 15 278 308665  2 11882011 112869 1.7 16 10 2 3 51% 50061 2339 40%
c t 1222.39 64 15 278 308665  2 11882011 112868 1.7 16 10 2 3 51% 50061 2339 40%
c F 1228.99 64 15 278 311437  2 11935304 147358 1.6 16 10 2 3 51% 50061 2339 40%
c } 1232.87 64 15 278 312816  2 11964858 166372 1.6 16 10 2 3 51% 50061 2339 40%
c [ 1232.87 64 17 278 312816  1 11964858 166372 1.4 20 14 1 2 48% 50061 2339 40%
c - 1233.31 56 17 279 312816  1 11968186 113859 1.4 19 14 1 2 48% 50061 2339 40%
c p 1233.35 56 17 279 312816  1 11968186 113927 1.4 19 14 1 2 48% 50061 2339 40%
c u 1233.61 56 17 279 312816  1 11968186 113872 1.4 19 14 1 2 48% 50061 2339 40%
c v 1233.74 56 17 279 312816  1 11968186 113787 1.4 19 14 1 2 48% 50061 2339 40%
c 
c   seconds    reductions      conflicts           size   tier2      variables
c           MB       restarts          redundant      glue   trail        remaining
c            level          rate             size/glue  tier1  irredundant
c 
c - 1241.47 64 18 280 312817  1 12054673 113778 1.4 20 15 1 2 47% 50061 2339 40%
c p 1241.51 45 18 280 312817  1 12054673 113832 1.4 20 15 1 2 47% 50061 2339 40%
c u 1241.84 45 18 280 312817  1 12054673 113758 1.4 20 15 1 2 47% 50061 2339 40%
c v 1241.95 45 18 280 312817  1 12054673 113685 1.4 20 15 1 2 47% 50061 2339 40%
c w 1241.95 45 18 280 312817  1 12054673 113685 1.4 20 15 1 2 47% 50061 2339 40%
c B 1245.05 45 19 280 312817  1 12090305 136792 1.4 21 15 1 2 47% 50061 2339 40%
c - 1250.07 45 18 281 312832  1 12141473 111638 1.3 20 15 1 2 47% 50061 2339 40%
c p 1250.10 45 18 281 312832  1 12141473 111697 1.3 20 15 1 2 47% 50061 2339 40%
c u 1250.32 45 18 281 312832  1 12141473 111638 1.3 20 15 1 2 47% 50061 2339 40%
c v 1250.43 45 18 281 312832  1 12141473 111564 1.3 20 15 1 2 47% 50061 2339 40%
c - 1258.03 52 19 282 312867  1 12228584 112314 1.4 21 15 1 2 47% 50061 2339 40%
c p 1258.07 52 19 282 312867  1 12228584 112377 1.4 21 15 1 2 47% 50061 2339 40%
c u 1258.66 52 19 282 312867  1 12228584 112329 1.4 21 15 1 2 47% 50061 2339 40%
c v 1258.76 52 19 282 312867  1 12228584 112260 1.4 21 15 1 2 47% 50061 2339 40%
c w 1258.77 52 19 282 312867  1 12228584 112260 1.4 21 15 1 2 47% 50061 2339 40%
c W 1261.64 52 18 282 312877  1 12246306 122874 1.4 20 15 1 2 47% 50061 2339 40%
c - 1267.93 52 18 283 312887  1 12316009 111494 1.3 20 15 1 2 47% 50061 2339 40%
c p 1267.97 52 18 283 312887  1 12316009 111559 1.3 20 15 1 2 47% 50061 2339 40%
c u 1268.14 52 18 283 312887  1 12316009 111511 1.3 20 15 1 2 47% 50061 2339 40%
c v 1268.23 52 18 283 312887  1 12316009 111481 1.3 20 15 1 2 47% 50061 2339 40%
c 
c   seconds    reductions      conflicts           size   tier2      variables
c           MB       restarts          redundant      glue   trail        remaining
c            level          rate             size/glue  tier1  irredundant
c 
c w 1268.23 52 18 283 312887  1 12316009 111481 1.3 20 15 1 2 47% 50061 2339 40%
c x 1268.37 52 18 283 312887  1 12316009 111481 1.3 20 15 1 2 47% 50061 2339 40%
c t 1268.37 52 18 283 312887  1 12316009 111479 1.3 20 15 1 2 47% 50061 2339 40%
c s 1269.15 52 18 283 312887  1 12316009 110642 1.3 20 15 1 2 47% 50058 2339 40%
c s 1269.94 52 18 283 312887  1 12316009 110498 1.3 20 15 1 2 47% 50058 2339 40%
c I 1277.27 52 18 283 312920  1 12403309 162617 1.3 20 15 1 2 47% 50058 2339 40%
c - 1277.39 52 18 284 312920  1 12403745 110662 1.3 20 15 1 2 47% 50058 2339 40%
c p 1277.42 52 18 284 312920  1 12403745 110717 1.3 20 15 1 2 47% 50058 2339 40%
c u 1277.61 52 18 284 312920  1 12403745 110668 1.3 20 15 1 2 47% 50058 2339 40%
c v 1277.72 52 18 284 312920  1 12403745 110586 1.3 20 15 1 2 47% 50058 2339 40%
c ] 1282.22 52 19 284 312942  1 12463785 148605 1.3 20 15 1 2 46% 50058 2339 40%
c { 1282.22 52 15 284 312942  2 12463785 148605 1.6 16 10 2 3 51% 50058 2339 40%
c - 1285.79 58 15 285 314998  2 12491792 112873 1.6 16 10 2 3 51% 50058 2339 40%
c p 1285.82 58 15 285 314998  2 12491792 112942 1.6 16 10 2 3 51% 50058 2339 40%
c u 1286.01 58 15 285 314998  2 12491792 112840 1.6 16 10 2 3 51% 50058 2339 40%
c v 1286.11 58 15 285 314998  2 12491792 112768 1.6 16 10 2 3 51% 50058 2339 40%
c w 1286.11 58 15 285 314998  2 12491792 112768 1.6 16 10 2 3 51% 50058 2339 40%
c B 1293.42 58 15 285 319417  2 12561310 159172 1.6 16 10 2 3 51% 50058 2339 40%
c - 1295.67 58 15 286 320409  2 12580152 115847 1.6 16 10 2 3 51% 50058 2339 40%
c p 1295.70 58 15 286 320409  2 12580152 115915 1.6 16 10 2 3 51% 50058 2339 40%
c 
c   seconds    reductions      conflicts           size   tier2      variables
c           MB       restarts          redundant      glue   trail        remaining
c            level          rate             size/glue  tier1  irredundant
c 
c u 1295.90 58 15 286 320409  2 12580152 115818 1.6 16 10 2 3 51% 50058 2339 40%
c v 1296.00 58 15 286 320409  2 12580152 115726 1.6 16 10 2 3 51% 50058 2339 40%
c - 1305.21 58 15 287 325292  2 12668823 117786 1.6 16 10 2 3 51% 50058 2339 40%
c p 1305.25 58 15 287 325292  2 12668823 117849 1.6 16 10 2 3 51% 50058 2339 40%
c u 1305.44 58 15 287 325292  2 12668823 117797 1.6 16 10 2 3 51% 50058 2339 40%
c v 1305.53 58 15 287 325292  2 12668823 117688 1.6 16 10 2 3 51% 50058 2339 40%
c w 1305.53 58 15 287 325292  2 12668823 117688 1.6 16 10 2 3 51% 50058 2339 40%
c W 1311.53 58 15 287 327999  2 12720313 151833 1.6 16 10 2 3 51% 50058 2339 40%
c - 1315.83 58 15 288 330287  2 12757808 119862 1.6 16 10 2 3 51% 50058 2339 40%
c p 1315.86 58 15 288 330287  2 12757808 119931 1.6 16 10 2 3 51% 50058 2339 40%
c u 1316.05 58 15 288 330287  2 12757808 119843 1.6 16 10 2 3 51% 50058 2339 40%
c v 1316.14 58 15 288 330287  2 12757808 119744 1.6 16 10 2 3 51% 50058 2339 40%
c t 1316.14 58 15 288 330287  2 12757808 119743 1.6 16 10 2 3 51% 50058 2339 40%
c - 1325.74 58 14 289 335139  2 12847105 121358 1.6 16 10 2 3 50% 50058 2339 40%
c p 1325.77 58 14 289 335139  2 12847105 121427 1.6 16 10 2 3 50% 50058 2339 40%
c u 1325.98 58 14 289 335139  2 12847105 121358 1.6 16 10 2 3 50% 50058 2339 40%
c v 1326.08 58 14 289 335139  2 12847105 121270 1.6 16 10 2 3 50% 50058 2339 40%
c t 1326.09 58 14 289 335139  2 12847105 121269 1.6 16 10 2 3 50% 50058 2339 40%
c # 1328.89 58 14 289 336502  2 12880314 142175 1.6 15 10 2 3 50% 50058 2339 40%
c - 1335.41 45 14 290 339819  2 12936712 122225 1.6 15 9 2 3 50% 50058 2339 40%
c 
c   seconds    reductions      conflicts           size  tier2      variables
c           MB       restarts          redundant      glue  trail        remaining
c            level          rate             size/glue tier1  irredundant
c 
c p 1335.45 45 14 290 339819  2 12936712 122291 1.6 15 9 2 3 50% 50058 2339 40%
c u 1335.72 45 14 290 339819  2 12936712 122235 1.6 15 9 2 3 50% 50058 2339 40%
c v 1335.85 45 14 290 339819  2 12936712 122143 1.6 15 9 2 3 50% 50058 2339 40%
c w 1335.86 45 14 290 339819  2 12936712 122143 1.6 15 9 2 3 50% 50058 2339 40%
c } 1338.70 45 14 290 341603  2 12964745 140370 1.6 15 10 2 3 50% 50058 2339 40%
c [ 1338.70 45 19 290 341603  1 12964745 140370 1.3 20 15 1 2 46% 50058 2339 40%
c - 1344.73 45 17 291 341605  1 13026633 122893 1.4 20 14 1 2 47% 50058 2339 40%
c p 1344.77 45 17 291 341605  1 13026633 122970 1.4 20 14 1 2 47% 50058 2339 40%
c u 1345.02 45 17 291 341605  1 13026633 122913 1.4 20 14 1 2 47% 50058 2339 40%
c v 1345.14 45 17 291 341605  1 13026633 122828 1.4 20 14 1 2 47% 50058 2339 40%
c w 1345.15 45 17 291 341605  1 13026633 122828 1.4 20 14 1 2 47% 50058 2339 40%
c t 1345.15 45 17 291 341605  1 13026633 122827 1.4 20 14 1 2 47% 50058 2339 40%
c B 1346.16 45 18 291 341605  1 13041315 134123 1.4 20 15 1 2 47% 50058 2339 40%
c - 1352.60 45 18 292 341627  1 13116864 122940 1.4 21 15 1 2 47% 50058 2339 40%
c p 1352.63 45 18 292 341627  1 13116864 123020 1.4 21 15 1 2 47% 50058 2339 40%
c u 1352.89 45 18 292 341627  1 13116864 122932 1.4 21 15 1 2 47% 50058 2339 40%
c v 1353.02 45 18 292 341627  1 13116864 122840 1.4 21 15 1 2 47% 50058 2339 40%
c w 1353.02 45 18 292 341627  1 13116864 122840 1.4 21 15 1 2 47% 50058 2339 40%
c t 1353.02 45 18 292 341627  1 13116864 122838 1.4 21 15 1 2 47% 50058 2339 40%
c W 1362.12 45 18 292 341661  1 13203316 180748 1.4 21 15 1 2 48% 50058 2339 40%
c 
c   seconds    reductions      conflicts           size   tier2      variables
c           MB       restarts          redundant      glue   trail        remaining
c            level          rate             size/glue  tier1  irredundant
c 
c - 1362.62 45 18 293 341664  1 13207407 121544 1.4 21 15 1 2 48% 50058 2339 40%
c p 1362.65 45 18 293 341664  1 13207407 121617 1.4 21 15 1 2 48% 50058 2339 40%
c u 1362.89 45 18 293 341664  1 13207407 121562 1.4 21 15 1 2 48% 50058 2339 40%
c v 1362.99 45 18 293 341664  1 13207407 121449 1.4 21 15 1 2 48% 50058 2339 40%
c w 1363.00 45 18 293 341664  1 13207407 121449 1.4 21 15 1 2 48% 50058 2339 40%
c t 1363.00 45 18 293 341664  1 13207407 121448 1.4 21 15 1 2 48% 50058 2339 40%
c - 1371.09 52 16 294 341683  1 13298261 119690 1.4 19 14 1 2 47% 50058 2339 40%
c p 1371.13 52 16 294 341683  1 13298261 119764 1.4 19 14 1 2 47% 50058 2339 40%
c u 1371.37 52 16 294 341683  1 13298261 119716 1.4 19 14 1 2 47% 50058 2339 40%
c v 1371.49 52 16 294 341683  1 13298261 119634 1.4 19 14 1 2 47% 50058 2339 40%
c O 1376.90 52 18 294 341708  1 13366318 164540 1.3 20 15 1 2 47% 50058 2339 40%
c - 1378.96 53 17 295 341717  1 13389429 120913 1.3 19 14 1 2 47% 50058 2339 40%
c p 1379.00 53 17 295 341717  1 13389429 120987 1.3 19 14 1 2 47% 50058 2339 40%
c u 1379.27 53 17 295 341717  1 13389429 120928 1.3 19 14 1 2 47% 50058 2339 40%
c v 1379.38 53 17 295 341717  1 13389429 120828 1.3 19 14 1 2 47% 50058 2339 40%
c w 1379.38 53 17 295 341717  1 13389429 120828 1.3 19 14 1 2 47% 50058 2339 40%
c ] 1386.24 53 18 295 341732  1 13468574 171655 1.3 20 15 1 2 48% 50058 2339 40%
c { 1386.24 53 14 295 341732  2 13468574 171655 1.6 15 10 2 3 50% 50058 2339 40%
c - 1388.01 55 14 296 342455  2 13480908 121652 1.6 15 10 2 3 50% 50058 2339 40%
c p 1388.05 55 14 296 342455  2 13480908 121724 1.6 15 10 2 3 50% 50058 2339 40%
c 
c   seconds    reductions      conflicts           size   tier2      variables
c           MB       restarts          redundant      glue   trail        remaining
c            level          rate             size/glue  tier1  irredundant
c 
c u 1388.32 55 14 296 342455  2 13480908 121613 1.6 15 10 2 3 50% 50058 2339 40%
c v 1388.45 55 14 296 342455  2 13480908 121521 1.6 15 10 2 3 50% 50058 2339 40%
c w 1388.45 55 14 296 342455  2 13480908 121521 1.6 15 10 2 3 50% 50058 2339 40%
c t 1388.45 55 14 296 342455  2 13480908 121520 1.6 15 10 2 3 50% 50058 2339 40%
c B 1393.54 55 14 296 345213  2 13530319 152572 1.6 15 9 2 3 50% 50058 2339 40%
c - 1398.73 57 14 297 347784  2 13572699 123453 1.6 15 10 2 3 50% 50058 2339 40%
c p 1398.77 57 14 297 347784  2 13572699 123525 1.6 15 10 2 3 50% 50058 2339 40%
c u 1398.97 57 14 297 347784  2 13572699 123410 1.6 15 10 2 3 50% 50058 2339 40%
c v 1399.04 57 14 297 347784  2 13572699 123346 1.6 15 10 2 3 50% 50058 2339 40%
c w 1399.04 57 14 297 347784  2 13572699 123346 1.6 15 10 2 3 50% 50058 2339 40%
c x 1399.20 57 14 297 347784  2 13572699 123346 1.6 15 10 2 3 50% 50058 2339 40%
c t 1399.20 57 14 297 347784  2 13572699 123344 1.6 15 10 2 3 50% 50058 2339 40%
c s 1400.01 57 14 297 347784  2 13572699 121779 1.6 15 10 2 3 50% 50057 2339 40%
c s 1400.10 57 14 297 347784  2 13572699 121772 1.6 15 10 2 3 50% 50057 2339 40%
c - 1409.38 57 14 298 352959  2 13664801 124881 1.6 15 9 2 3 50% 50057 2339 40%
c p 1409.41 57 14 298 352959  2 13664801 124952 1.6 15 9 2 3 50% 50057 2339 40%
c u 1409.63 57 14 298 352959  2 13664801 124895 1.6 15 9 2 3 50% 50057 2339 40%
c v 1409.73 57 14 298 352959  2 13664801 124830 1.6 15 9 2 3 50% 50057 2339 40%
c w 1409.73 57 14 298 352959  2 13664801 124830 1.6 15 9 2 3 50% 50057 2339 40%
c t 1409.73 57 14 298 352959  2 13664801 124828 1.6 15 9 2 3 50% 50056 2339 40%
c 
c   seconds    reductions      conflicts           size   tier2      variables
c           MB       restarts          redundant      glue   trail        remaining
c            level          rate             size/glue  tier1  irredundant
c 
c W 1414.37 57 14 298 355079  2 13695322 145052 1.6 15 10 2 3 50% 50056 2339 40%
c - 1421.38 65 14 299 358335  2 13757216 126713 1.6 15 9 2 3 49% 50056 2339 40%
c p 1421.41 65 14 299 358335  2 13757216 126786 1.6 15 9 2 3 49% 50056 2339 40%
c u 1421.63 65 14 299 358335  2 13757216 126746 1.6 15 9 2 3 49% 50056 2339 40%
c v 1421.73 65 14 299 358335  2 13757216 126667 1.6 15 9 2 3 49% 50056 2339 40%
c t 1421.73 65 14 299 358335  2 13757216 126666 1.6 15 9 2 3 49% 50056 2339 40%
c - 1431.06 57 14 300 363385  2 13849944 128078 1.6 15 9 2 3 49% 50056 2339 40%
c p 1431.10 57 14 300 363385  2 13849944 128145 1.6 15 9 2 3 49% 50056 2339 40%
c u 1431.33 57 14 300 363385  2 13849944 128070 1.6 15 9 2 3 49% 50056 2339 40%
c v 1431.45 57 14 300 363385  2 13849944 128006 1.6 15 9 2 3 49% 50056 2339 40%
c w 1431.45 57 14 300 363385  2 13849944 128006 1.6 15 9 2 3 49% 50056 2339 40%
c F 1432.65 57 14 300 364036  2 13861323 135179 1.6 15 9 2 3 49% 50056 2339 40%
c - 1441.98 47 14 301 368544  2 13942984 129594 1.6 15 9 2 3 49% 50056 2339 40%
c p 1442.02 47 14 301 368544  2 13942984 129668 1.6 15 9 2 3 49% 50056 2339 40%
c u 1442.23 47 14 301 368544  2 13942984 129577 1.6 15 9 2 3 49% 50056 2339 40%
c v 1442.35 47 14 301 368544  2 13942984 129487 1.6 15 9 2 3 49% 50056 2339 40%
c } 1447.64 47 14 301 371356  2 13991972 160632 1.6 15 9 2 3 49% 50056 2339 40%
c [ 1447.64 47 18 301 371356  1 13991972 160632 1.3 20 15 1 2 48% 50056 2339 40%
c B 1450.88 47 17 301 371356  1 14028326 180508 1.3 19 14 1 2 47% 50056 2339 40%
c s 1452.18 53 17 301 371356  1 14032340 181741 1.3 19 14 1 2 47% 50056 2339 40%
c 
c   seconds    reductions      conflicts           size   tier2      variables
c           MB       restarts          redundant      glue   trail        remaining
c            level          rate             size/glue  tier1  irredundant
c 
c s 1452.46 53 17 301 371356  1 14032340 181721 1.3 19 14 1 2 47% 50056 2339 40%
c - 1452.98 45 17 302 371356  1 14036335 129128 1.3 19 14 1 2 47% 50056 2339 40%
c p 1453.02 45 17 302 371356  1 14036335 129196 1.3 19 14 1 2 47% 50056 2339 40%
c u 1453.60 45 17 302 371356  1 14036335 129098 1.3 19 14 1 2 47% 50056 2339 40%
c v 1453.72 45 17 302 371356  1 14036335 129004 1.3 19 14 1 2 47% 50056 2339 40%
c w 1453.72 45 17 302 371356  1 14036335 129003 1.3 19 14 1 2 47% 50056 2339 40%
c t 1453.73 45 17 302 371356  1 14036335 129002 1.3 19 14 1 2 47% 50056 2339 40%
c - 1462.09 56 18 303 371357  1 14129997 129913 1.3 20 15 1 2 47% 50056 2339 40%
c p 1462.13 56 18 303 371357  1 14129997 129989 1.3 20 15 1 2 47% 50056 2339 40%
c u 1462.38 56 18 303 371357  1 14129997 129913 1.3 20 15 1 2 47% 50056 2339 40%
c v 1462.50 56 18 303 371357  1 14129997 129816 1.3 20 15 1 2 47% 50056 2339 40%
c w 1462.50 56 18 303 371357  1 14129997 129816 1.3 20 15 1 2 47% 50056 2339 40%
c W 1470.15 56 18 303 371358  1 14196327 171494 1.3 20 15 1 2 47% 50056 2339 40%
c - 1472.65 47 18 304 371358  1 14223972 127530 1.3 20 15 1 2 47% 50056 2339 40%
c p 1472.68 47 18 304 371358  1 14223972 127603 1.3 20 15 1 2 47% 50056 2339 40%
c u 1472.87 47 18 304 371358  1 14223972 127506 1.3 20 15 1 2 47% 50056 2339 40%
c v 1472.94 47 18 304 371358  1 14223972 127441 1.3 20 15 1 2 47% 50056 2339 40%
c w 1472.94 47 18 304 371358  1 14223972 127441 1.3 20 15 1 2 47% 50056 2339 40%
c x 1473.06 47 18 304 371358  1 14223972 127441 1.3 20 15 1 2 47% 50056 2339 40%
c t 1473.06 47 18 304 371358  1 14223972 127438 1.3 20 15 1 2 47% 50056 2339 40%
c 
c   seconds    reductions      conflicts           size   tier2      variables
c           MB       restarts          redundant      glue   trail        remaining
c            level          rate             size/glue  tier1  irredundant
c 
c - 1481.05 54 16 305 371358  1 14318258 126622 1.4 18 14 1 2 47% 50056 2339 40%
c p 1481.08 54 16 305 371358  1 14318258 126699 1.4 18 14 1 2 47% 50056 2339 40%
c u 1481.32 54 16 305 371358  1 14318258 126514 1.4 18 14 1 2 47% 50056 2339 40%
c v 1481.43 54 16 305 371358  1 14318258 126418 1.4 18 14 1 2 47% 50056 2339 40%
c w 1481.43 54 16 305 371358  1 14318258 126418 1.4 18 14 1 2 47% 50056 2339 40%
c t 1481.43 54 16 305 371358  1 14318258 126412 1.4 18 14 1 2 47% 50056 2339 40%
c I 1485.19 54 17 305 371358  1 14365329 156037 1.3 19 14 1 2 46% 50056 2339 40%
c - 1490.50 54 18 306 371358  1 14412858 128745 1.3 19 15 1 2 46% 50056 2339 40%
c p 1490.54 54 18 306 371358  1 14412858 128843 1.3 19 15 1 2 46% 50056 2339 40%
c u 1490.86 54 18 306 371358  1 14412858 128789 1.3 19 15 1 2 46% 50056 2339 40%
c v 1491.00 54 18 306 371358  1 14412858 128687 1.3 19 15 1 2 46% 50056 2339 40%
c t 1491.01 54 18 306 371358  1 14412858 128685 1.3 19 15 1 2 46% 50056 2339 40%
c s 1499.32 54 18 306 371382  1 14500817 184644 1.3 20 15 1 2 45% 49998 2339 40%
c e 1499.35 54 18 306 371382  1 14500817 184489 1.3 20 15 1 2 45% 50031 2336 40%
c s 1499.58 54 18 306 371382  1 14500817 184454 1.3 20 15 1 2 45% 50031 2336 40%
c - 1500.33 57 19 307 371386  1 14507768 127666 1.3 20 15 1 2 45% 50031 2336 40%
c p 1500.37 57 19 307 371386  1 14507768 127758 1.3 20 15 1 2 45% 50031 2336 40%
c u 1500.66 57 19 307 371386  1 14507768 127677 1.3 20 15 1 2 45% 50031 2336 40%
c v 1500.78 57 19 307 371386  1 14507768 127577 1.3 20 15 1 2 45% 50031 2336 40%
c w 1500.78 57 19 307 371386  1 14507768 127576 1.3 20 15 1 2 45% 50031 2336 40%
c 
c   seconds    reductions      conflicts           size   tier2      variables
c           MB       restarts          redundant      glue   trail        remaining
c            level          rate             size/glue  tier1  irredundant
c 
c t 1500.79 57 19 307 371386  1 14507768 127575 1.3 20 15 1 2 45% 50031 2336 40%
c ] 1501.52 57 19 307 371388  1 14519166 135268 1.3 20 15 1 2 45% 50031 2336 40%
c { 1501.52 57 14 307 371388  2 14519166 135268 1.6 15 9 2 3 49% 50031 2336 40%
c B 1503.08 57 14 307 372173  2 14535330 145213 1.6 15 9 2 3 49% 50031 2336 40%
c - 1510.81 59 13 308 376026  2 14602990 129659 1.6 14 9 2 3 49% 50031 2336 40%
c p 1510.84 59 13 308 376026  2 14602990 129746 1.6 14 9 2 3 49% 50031 2336 40%
c u 1511.08 59 13 308 376026  2 14602990 129671 1.6 14 9 2 3 49% 50031 2336 40%
c v 1511.19 59 13 308 376026  2 14602990 129557 1.6 14 9 2 3 49% 50031 2336 40%
c w 1511.20 59 13 308 376026  2 14602990 129557 1.6 14 9 2 3 49% 50031 2336 40%
c t 1511.20 59 13 308 376026  2 14602990 129556 1.6 14 9 2 3 49% 50031 2336 40%
c - 1520.47 59 13 309 381057  2 14698525 130783 1.6 14 9 2 3 49% 50031 2336 40%
c d 1520.48 59 13 309 381057  2 14698525 130579 1.6 14 9 2 3 49% 50009 2335 40%
c p 1520.52 59 13 309 381057  2 14698525 130676 1.6 14 9 2 3 49% 50009 2335 40%
c u 1520.74 59 13 309 381057  2 14698525 130596 1.6 14 9 2 3 49% 50009 2335 40%
c v 1520.85 59 13 309 381057  2 14698525 130502 1.6 14 9 2 3 49% 50009 2335 40%
c w 1520.85 59 13 309 381057  2 14698525 130502 1.6 14 9 2 3 49% 50009 2335 40%
c t 1520.85 59 13 309 381057  2 14698525 130498 1.6 14 9 2 3 49% 50009 2335 40%
c W 1523.32 59 13 309 381605  2 14706333 135258 1.6 14 9 2 3 49% 50009 2335 40%
c - 1533.88 47 13 310 387652  2 14794374 131557 1.6 14 9 2 3 49% 50009 2335 40%
c p 1533.91 47 13 310 387652  2 14794374 131646 1.6 14 9 2 3 49% 50009 2335 40%
c 
c   seconds    reductions      conflicts           size  tier2      variables
c           MB       restarts          redundant      glue  trail        remaining
c            level          rate             size/glue tier1  irredundant
c 
c u 1534.18 47 13 310 387652  2 14794374 131607 1.6 14 9 2 3 49% 50009 2335 40%
c v 1534.30 47 13 310 387652  2 14794374 131511 1.6 14 9 2 3 49% 50009 2335 40%
c w 1534.31 47 13 310 387652  2 14794374 131511 1.6 14 9 2 3 49% 50009 2335 40%
c t 1534.31 47 13 310 387652  2 14794374 131498 1.6 14 9 2 3 49% 50009 2335 40%
c # 1542.22 47 13 310 391925  2 14878335 181558 1.6 14 9 2 3 49% 50009 2335 40%
c - 1543.60 48 13 311 392570  2 14890532 132216 1.6 14 9 2 3 49% 50009 2335 40%
c p 1543.63 48 13 311 392570  2 14890532 132305 1.6 14 9 2 3 49% 50009 2335 40%
c u 1543.88 48 13 311 392570  2 14890532 132265 1.6 14 9 2 3 49% 50009 2335 40%
c v 1543.98 48 13 311 392570  2 14890532 132162 1.6 14 9 2 3 49% 50009 2335 40%
c t 1543.99 48 13 311 392570  2 14890532 132156 1.6 14 9 2 3 49% 50009 2335 40%
c s 1553.41 53 13 311 397055  2 14978254 181769 1.6 14 9 2 3 48% 49980 2335 40%
c e 1553.44 53 13 311 397055  2 14978254 181468 1.6 14 9 2 3 48% 49982 2334 40%
c s 1553.64 53 13 311 397055  2 14978254 181428 1.6 14 9 2 3 48% 49982 2334 40%
c - 1554.88 53 13 312 397630  2 14987003 131832 1.6 14 9 2 3 48% 49982 2334 40%
c p 1554.91 53 13 312 397630  2 14987003 131922 1.6 14 9 2 3 48% 49982 2334 40%
c u 1555.08 53 13 312 397630  2 14987003 131877 1.6 14 9 2 3 48% 49982 2334 40%
c v 1555.17 53 13 312 397630  2 14987003 131823 1.6 14 9 2 3 48% 49982 2334 40%
c w 1555.17 53 13 312 397630  2 14987003 131823 1.6 14 9 2 3 48% 49982 2334 40%
c x 1555.32 53 13 312 397630  2 14987003 131823 1.6 14 9 2 3 48% 49982 2334 40%
c t 1555.33 53 13 312 397630  2 14987003 131823 1.6 14 9 2 3 48% 49981 2334 40%
c 
c   seconds    reductions      conflicts           size  tier2      variables
c           MB       restarts          redundant      glue  trail        remaining
c            level          rate             size/glue tier1  irredundant
c 
c B 1561.53 53 12 312 401288  2 15051336 170001 1.5 14 9 2 3 48% 49981 2334 40%
c } 1563.76 53 13 312 402627  2 15070940 181709 1.5 14 9 2 3 48% 49981 2334 40%
c [ 1563.76 53 19 312 402627  1 15070940 181709 1.3 20 15 1 2 45% 49981 2334 40%
c - 1564.95 53 18 313 402628  1 15083785 133396 1.4 19 14 1 2 45% 49981 2334 40%
c p 1564.98 53 18 313 402628  1 15083785 133485 1.4 19 14 1 2 45% 49981 2334 40%
c u 1565.19 53 18 313 402628  1 15083785 133394 1.4 19 14 1 2 45% 49981 2334 40%
c v 1565.29 53 18 313 402628  1 15083785 133326 1.4 19 14 1 2 45% 49981 2334 40%
c w 1565.29 53 18 313 402628  1 15083785 133326 1.4 19 14 1 2 45% 49981 2334 40%
c t 1565.29 53 18 313 402628  1 15083785 133317 1.4 19 14 1 2 45% 49981 2334 40%
c - 1573.29 53 18 314 402660  1 15180879 134719 1.4 20 15 1 2 46% 49981 2334 40%
c p 1573.32 53 18 314 402660  1 15180879 134809 1.4 20 15 1 2 46% 49981 2334 40%
c u 1573.57 53 18 314 402660  1 15180879 134712 1.4 20 15 1 2 46% 49981 2334 40%
c v 1573.71 53 18 314 402660  1 15180879 134635 1.4 20 15 1 2 46% 49981 2334 40%
c w 1573.72 53 18 314 402660  1 15180879 134634 1.4 20 15 1 2 46% 49981 2334 40%
c t 1573.72 53 18 314 402660  1 15180879 134631 1.4 20 15 1 2 46% 49981 2334 40%
c B 1577.32 53 18 314 402674  1 15225338 163952 1.4 20 14 1 2 46% 49981 2334 40%
c - 1582.18 53 18 315 402691  1 15278285 134357 1.4 20 15 1 2 46% 49981 2334 40%
c p 1582.21 53 18 315 402691  1 15278285 134439 1.4 20 15 1 2 46% 49981 2334 40%
c u 1582.46 53 18 315 402691  1 15278285 134339 1.4 20 15 1 2 46% 49981 2334 40%
c v 1582.58 53 18 315 402691  1 15278285 134238 1.4 20 15 1 2 46% 49981 2334 40%
c 
c   seconds    reductions      conflicts           size   tier2      variables
c           MB       restarts          redundant      glue   trail        remaining
c            level          rate             size/glue  tier1  irredundant
c 
c w 1582.59 53 18 315 402691  1 15278285 134238 1.4 20 15 1 2 46% 49981 2334 40%
c t 1582.59 53 18 315 402691  1 15278285 134237 1.4 20 15 1 2 46% 49981 2334 40%
c - 1590.96 53 18 316 402723  1 15376003 135464 1.4 20 15 1 2 45% 49981 2334 40%
c p 1590.99 53 18 316 402723  1 15376003 135582 1.4 20 15 1 2 45% 49981 2333 40%
c u 1591.24 53 18 316 402723  1 15376003 135505 1.4 20 15 1 2 45% 49981 2333 40%
c v 1591.35 53 18 316 402723  1 15376003 135384 1.4 20 15 1 2 45% 49981 2333 40%
c t 1591.35 53 18 316 402723  1 15376003 135383 1.4 20 15 1 2 45% 49981 2333 40%
c W 1595.38 55 18 316 402723  1 15400343 151423 1.4 20 15 1 2 46% 49975 2333 40%
c s 1601.43 55 19 316 402724  1 15464513 194945 1.4 20 15 1 2 46% 49961 2333 40%
c t 1601.44 55 19 316 402724  1 15464513 194945 1.4 20 15 1 2 46% 49960 2333 40%
c s 1601.69 55 19 316 402724  1 15464513 194907 1.4 20 15 1 2 46% 49959 2333 40%
c - 1602.72 45 19 317 402729  1 15474033 135205 1.4 20 15 1 2 46% 49959 2333 40%
c p 1602.76 45 19 317 402729  1 15474033 135287 1.4 20 15 1 2 46% 49959 2333 40%
c u 1603.02 45 19 317 402729  1 15474033 135233 1.4 20 15 1 2 46% 49959 2333 40%
c v 1603.12 45 19 317 402729  1 15474033 135148 1.4 20 15 1 2 46% 49959 2333 40%
c w 1603.12 45 19 317 402729  1 15474033 135148 1.4 20 15 1 2 46% 49959 2333 40%
c t 1603.13 45 19 317 402729  1 15474033 135135 1.4 20 15 1 2 46% 49959 2333 40%
c - 1611.37 57 18 318 402769  1 15572375 135463 1.4 20 15 1 2 46% 49959 2333 40%
c p 1611.40 57 18 318 402769  1 15572375 135543 1.4 20 15 1 2 46% 49959 2333 40%
c u 1611.64 57 18 318 402769  1 15572375 135503 1.4 20 15 1 2 46% 49959 2333 40%
c 
c   seconds    reductions      conflicts           size   tier2      variables
c           MB       restarts          redundant      glue   trail        remaining
c            level          rate             size/glue  tier1  irredundant
c 
c v 1611.75 57 18 318 402769  1 15572375 135392 1.4 20 15 1 2 46% 49959 2333 40%
c w 1611.75 57 18 318 402769  1 15572375 135392 1.4 20 15 1 2 46% 49959 2333 40%
c t 1611.75 57 18 318 402769  1 15572375 135387 1.4 20 15 1 2 46% 49959 2333 40%
c O 1612.00 57 19 318 402770  1 15576344 138204 1.4 20 15 1 2 46% 49959 2333 40%
c ] 1614.80 57 17 318 402785  1 15613487 160379 1.4 19 14 1 2 46% 49959 2333 40%
c { 1614.80 57 13 318 402785  2 15613487 160379 1.5 14 9 2 3 48% 49959 2333 40%
c - 1621.34 65 12 319 406687  2 15671032 134895 1.5 14 9 2 3 48% 49959 2333 40%
c p 1621.39 65 12 319 406687  2 15671032 135126 1.5 14 9 2 3 48% 49959 2331 40%
c u 1621.65 65 12 319 406687  2 15671032 135080 1.5 14 9 2 3 48% 49959 2331 40%
c v 1621.76 65 12 319 406687  2 15671032 134979 1.5 14 9 2 3 48% 49959 2331 40%
c t 1621.76 65 12 319 406687  2 15671032 134970 1.5 14 9 2 3 48% 49959 2331 40%
c W 1630.88 65 12 319 410589  2 15753345 182308 1.5 14 9 2 3 48% 49935 2331 40%
c - 1633.07 65 12 320 411704  2 15769999 135510 1.5 14 9 2 3 48% 49935 2331 40%
c p 1633.10 65 12 320 411704  2 15769999 135582 1.5 14 9 2 3 48% 49935 2331 40%
c u 1633.32 65 12 320 411704  2 15769999 135501 1.5 14 9 2 3 48% 49935 2331 40%
c v 1633.42 65 12 320 411704  2 15769999 135398 1.5 14 9 2 3 48% 49935 2331 40%
c - 1643.54 65 12 321 417856  2 15869278 136736 1.5 14 9 2 3 48% 49935 2331 40%
c p 1643.57 65 12 321 417856  2 15869278 136809 1.5 14 9 2 3 48% 49935 2331 40%
c u 1643.73 65 12 321 417856  2 15869278 136755 1.5 14 9 2 3 48% 49935 2331 40%
c v 1643.80 65 12 321 417856  2 15869278 136688 1.5 14 9 2 3 48% 49935 2331 40%
c 
c   seconds    reductions      conflicts           size  tier2      variables
c           MB       restarts          redundant      glue  trail        remaining
c            level          rate             size/glue tier1  irredundant
c 
c w 1643.80 65 12 321 417856  2 15869278 136688 1.5 14 9 2 3 48% 49935 2331 40%
c x 1643.95 65 12 321 417856  2 15869278 136688 1.5 14 9 2 3 48% 49935 2331 40%
c F 1649.42 65 12 321 420439  2 15931346 171786 1.5 13 9 2 3 47% 49935 2331 40%
c s 1653.85 65 12 321 422416  2 15959609 187115 1.5 14 9 2 3 48% 49873 2331 40%
c e 1653.87 65 12 321 422416  2 15959609 179845 1.5 14 9 2 3 48% 49874 2328 40%
c s 1654.21 65 12 321 422416  2 15959609 179795 1.5 14 9 2 3 48% 49874 2328 40%
c - 1655.55 65 12 322 422913  2 15968869 133363 1.5 14 9 2 3 47% 49874 2328 40%
c p 1655.59 65 12 322 422913  2 15968869 133432 1.5 14 9 2 3 47% 49874 2328 40%
c u 1655.83 65 12 322 422913  2 15968869 133358 1.5 14 9 2 3 47% 49874 2328 40%
c v 1655.96 65 12 322 422913  2 15968869 133273 1.5 14 9 2 3 47% 49874 2328 40%
c w 1655.96 65 12 322 422913  2 15968869 133273 1.5 14 9 2 3 47% 49874 2328 40%
c - 1666.88 65 12 323 428579  2 16068771 117456 1.5 13 9 1 2 47% 49874 2328 40%
c p 1666.92 65 12 323 428579  2 16068771 117522 1.5 13 9 1 2 47% 49874 2328 40%
c u 1667.55 65 12 323 428579  2 16068771 117434 1.5 13 9 1 2 47% 49874 2328 40%
c v 1667.56 65 12 323 428579  2 16068771 117433 1.5 13 9 1 2 47% 49874 2328 40%
c t 1667.56 65 12 323 428579  2 16068771 117433 1.5 13 9 1 2 47% 49873 2328 40%
c B 1671.65 65 12 323 431173  2 16110351 141934 1.5 13 9 1 2 48% 49873 2328 40%
c - 1678.65 65 12 324 434570  2 16168985 114265 1.5 14 9 1 2 48% 49873 2328 40%
c p 1678.67 65 12 324 434570  2 16168985 114333 1.5 14 9 1 2 48% 49873 2328 40%
c u 1678.88 65 12 324 434570  2 16168985 114269 1.5 14 9 1 2 48% 49873 2328 40%
c 
c   seconds    reductions      conflicts           size  tier2      variables
c           MB       restarts          redundant      glue  trail        remaining
c            level          rate             size/glue tier1  irredundant
c 
c w 1678.88 65 12 324 434570  2 16168985 114268 1.5 14 9 1 2 48% 49873 2328 40%
c } 1681.58 65 12 324 436246  2 16198291 131665 1.5 14 9 1 2 48% 49873 2328 40%
c [ 1681.58 65 17 324 436246  1 16198291 131665 1.4 19 14 1 2 46% 49873 2328 40%
c - 1688.04 65 17 325 436260  1 16269511 113360 1.4 19 14 1 2 46% 49873 2328 40%
c p 1688.07 65 17 325 436260  1 16269511 113427 1.4 19 14 1 2 46% 49873 2328 40%
c u 1688.33 65 17 325 436260  1 16269511 113346 1.4 19 14 1 2 46% 49873 2328 40%
c w 1688.33 65 17 325 436260  1 16269511 113344 1.4 19 14 1 2 46% 49873 2328 40%
c t 1688.33 65 17 325 436260  1 16269511 113343 1.4 19 14 1 2 46% 49873 2328 40%
c B 1689.94 65 16 325 436268  1 16290353 126633 1.4 19 13 1 2 46% 49873 2328 40%
c i 1695.19 65 14 325 436291  1 16351671 163607 1.4 17 12 1 2 46% 49873 2297 39%
c - 1696.82 65 15 326 436297  1 16370349 93528 1.4 17 12 1 2 46% 47871 2297 39%
c 2 1696.82 65 15 326 436297  1 16370349 93527 1.4 17 12 1 2 46% 47871 2297 39%
c p 1696.84 65 15 326 436297  1 16370349 93591 1.4 17 12 1 2 46% 47871 2297 39%
c u 1697.04 65 15 326 436297  1 16370349 93494 1.4 17 12 1 2 46% 47871 2297 39%
c t 1697.04 65 15 326 436297  1 16370349 93491 1.4 17 12 1 2 46% 47871 2297 39%
c s 1704.20 65 16 326 436312  1 16463618 152647 1.4 18 13 1 2 46% 47842 2297 39%
c t 1704.21 65 16 326 436312  1 16463618 152646 1.4 18 13 1 2 46% 47842 2297 39%
c e 1704.23 65 16 326 436312  1 16463618 151530 1.4 18 13 1 2 46% 47891 2287 39%
c s 1704.66 65 16 326 436312  1 16463618 151304 1.4 18 13 1 2 46% 47836 2287 39%
c e 1704.67 65 16 326 436312  1 16463618 151304 1.4 18 13 1 2 46% 47842 2285 39%
c 
c   seconds    reductions      conflicts           size   tier2      variables
c           MB       restarts          redundant      glue   trail        remaining
c            level          rate             size/glue  tier1  irredundant
c 
c W 1707.67 65 16 326 436312  1 16471354 156242 1.4 18 13 1 2 49% 47842 2285 39%
c - 1707.75 65 16 327 436312  1 16471499 96257 1.4 18 13 1 2 49% 47842 2285 39%
c p 1707.78 65 16 327 436312  1 16471499 96325 1.4 18 13 1 2 49% 47842 2285 39%
c u 1707.95 65 16 327 436312  1 16471499 96255 1.4 18 13 1 2 49% 47842 2285 39%
c v 1708.03 65 16 327 436312  1 16471499 96193 1.4 18 13 1 2 49% 47842 2285 39%
c - 1715.66 65 16 328 436313  1 16572962 96279 1.4 18 13 1 2 49% 47842 2285 39%
c p 1715.68 65 16 328 436313  1 16572962 96331 1.4 18 13 1 2 49% 47842 2285 39%
c u 1715.86 65 16 328 436313  1 16572962 96176 1.4 18 13 1 2 49% 47842 2285 39%
c v 1715.96 65 16 328 436313  1 16572962 96107 1.4 18 13 1 2 49% 47842 2285 39%
c w 1715.96 65 16 328 436313  1 16572962 96107 1.4 18 13 1 2 49% 47842 2285 39%
c t 1715.96 65 16 328 436313  1 16572962 96107 1.4 18 13 1 2 49% 47841 2285 39%
c I 1721.75 65 14 328 436318  1 16653356 147195 1.5 17 12 1 2 49% 47841 2285 39%
c - 1723.63 44 14 329 436328  1 16674736 96366 1.4 17 12 1 2 49% 47841 2285 39%
c p 1723.66 44 14 329 436328  1 16674736 96449 1.4 17 12 1 2 49% 47841 2284 39%
c u 1723.86 44 14 329 436328  1 16674736 96235 1.4 17 12 1 2 49% 47841 2284 39%
c v 1723.95 44 14 329 436328  1 16674736 96162 1.4 17 12 1 2 49% 47841 2284 39%
c t 1723.96 44 14 329 436328  1 16674736 96160 1.4 17 12 1 2 49% 47841 2284 39%
c - 1731.15 50 14 330 436368  1 16776822 96542 1.4 17 12 1 2 49% 47834 2284 39%
c p 1731.17 50 14 330 436368  1 16776822 96614 1.4 17 12 1 2 49% 47834 2284 39%
c u 1731.36 50 14 330 436368  1 16776822 96440 1.4 17 12 1 2 49% 47834 2284 39%
c 
c   seconds    reductions      conflicts          size   tier2      variables
c           MB       restarts          redundant     glue   trail        remaining
c            level          rate            size/glue  tier1  irredundant
c 
c v 1731.44 50 14 330 436368  1 16776822 96380 1.4 17 12 1 2 49% 47834 2284 39%
c w 1731.44 50 14 330 436368  1 16776822 96380 1.4 17 12 1 2 49% 47834 2284 39%
c t 1731.44 50 14 330 436368  1 16776822 96378 1.4 17 12 1 2 49% 47834 2284 39%
c B 1735.15 50 15 330 436376  1 16836360 133310 1.4 17 12 1 2 49% 47834 2284 39%
c ] 1735.72 50 15 330 436376  1 16843660 137547 1.4 17 12 1 2 49% 47834 2284 39%
c { 1735.72 50 12 330 436376  2 16843660 137547 1.5 14 9 1 2 53% 47834 2284 39%
c - 1739.05 57 12 331 438002  2 16879222 97202 1.6 13 9 1 2 52% 47834 2284 39%
c d 1739.07 57 12 331 438002  2 16879222 97182 1.6 13 9 1 2 52% 47792 2282 39%
c p 1739.09 57 12 331 438002  2 16879222 97254 1.6 13 9 1 2 52% 47792 2282 39%
c u 1739.21 57 12 331 438002  2 16879222 97147 1.6 13 9 1 2 52% 47792 2282 39%
c v 1739.26 57 12 331 438002  2 16879222 97076 1.6 13 9 1 2 52% 47792 2282 39%
c w 1739.26 57 12 331 438002  2 16879222 97076 1.6 13 9 1 2 52% 47792 2282 39%
c x 1739.36 57 12 331 438002  2 16879222 97075 1.6 13 9 1 2 52% 47789 2282 39%
c t 1739.36 57 12 331 438002  2 16879222 97072 1.6 13 9 1 2 52% 47788 2282 39%
c s 1746.71 57 11 331 441693  1 16972628 142020 1.5 13 8 1 2 51% 47652 2282 39%
c e 1746.73 57 11 331 441693  1 16972628 140659 1.5 13 8 1 2 51% 47683 2276 39%
c s 1747.20 57 11 331 441693  1 16972628 139986 1.5 13 8 1 2 51% 47650 2276 39%
c i 1747.63 57 11 331 441852  1 16978022 142908 1.5 13 8 1 2 50% 47650 2245 38%
c - 1748.08 57 11 332 441967  1 16981932 84972 1.5 13 8 1 2 50% 45647 2245 38%
c 2 1748.08 57 11 332 441967  1 16981932 84971 1.5 13 8 1 2 50% 45647 2245 38%
c 
c   seconds    reductions      conflicts          size  tier2      variables
c           MB       restarts          redundant     glue  trail        remaining
c            level          rate            size/glue tier1  irredundant
c 
c p 1748.10 57 11 332 441967  1 16981932 85044 1.5 13 8 1 2 50% 45647 2244 38%
c u 1748.25 57 11 332 441967  1 16981932 84876 1.5 13 8 1 2 50% 45647 2244 38%
c v 1748.32 57 11 332 441967  1 16981932 84699 1.5 13 8 1 2 50% 45647 2244 38%
c t 1748.33 57 11 332 441967  1 16981932 84684 1.5 13 8 1 2 50% 45644 2244 38%
c i 1748.91 57 11 332 442331  1 16991458 89764 1.5 12 8 1 2 50% 45644 2214 38%
c i 1750.38 57 10 332 443147  1 17015471 102557 1.5 12 8 1 2 50% 45644 2184 37%
c W 1752.44 57 10 332 443446  1 17020362 84058 1.5 12 8 1 2 50% 41968 2184 37%
c i 1753.69 57 10 332 444232  1 17040554 95049 1.5 12 8 1 2 49% 41968 2151 37%
c i 1754.56 57 10 332 444548  1 17054207 102063 1.5 12 8 1 2 49% 41968 2118 36%
c i 1755.17 57 10 332 444722  1 17062803 106414 1.5 12 8 1 2 49% 41968 2088 36%
c i 1755.46 57 10 332 444745  1 17066560 108429 1.5 12 8 1 2 49% 41968 2058 35%
c i 1755.67 57 10 332 444762  1 17068418 109294 1.5 11 8 1 2 49% 41968 2025 34%
c i 1755.81 57 10 332 444762  1 17069387 62757 1.5 11 7 1 2 37% 33482 1988 34%
c i 1755.95 57 10 332 444767  1 17071521 63796 1.5 11 7 1 2 39% 33482 1887 32%
c i 1755.96 57 10 332 444767  1 17071739 63888 1.5 11 7 1 2 39% 33482 1850 32%
c i 1755.98 57 10 332 444767  1 17071941 63964 1.5 11 7 1 2 39% 33482 1842 31%
c i 1755.98 57 10 332 444767  1 17072072 64021 1.5 11 7 1 2 39% 33482 1796 31%
c i 1755.99 57 10 332 444767  1 17072103 64037 1.5 11 7 1 2 39% 33482 1764 30%
c i 1755.99 57 10 332 444767  1 17072122 64043 1.5 11 7 1 2 39% 33482 1736 30%
c i 1755.99 57 10 332 444767  1 17072131 64048 1.5 11 7 1 2 39% 33482 1506 26%
c 
c   seconds    reductions      conflicts          size  tier2      variables
c           MB       restarts          redundant     glue  trail        remaining
c            level          rate            size/glue tier1  irredundant
c 
c i 1755.99 57 10 332 444767  1 17072144 64054 1.5 11 7 1 2 39% 33482 1388 24%
c i 1755.99 57 10 332 444767  1 17072146 64054 1.5 11 7 1 2 39% 33482 1282 22%
c } 1755.99 57 10 332 444767  1 17072149 64055 1.5 11 7 1 2 39% 33482 1176 20%
c 0 1755.99 57 10 332 444767  1 17072149 64055 1.5 11 7 1 2 39% 33482 1176 20%
c 
c --- [ closing proof ] ------------------------------------------------------
c 
c DRAT proof file 'proof/case0_direct_unary31.drat' closed
c DRAT 17335853 added clauses 49.99%
c DRAT 17345318 deleted clauses 50.01%
c DRAT 1328969194 bytes (1267.40 MB)
c 
c --- [ result ] -------------------------------------------------------------
c 
s UNSATISFIABLE
c 
c --- [ run-time profiling ] -------------------------------------------------
c 
c process time taken by individual solving procedures
c (percentage relative to process time for solving)
c 
c      1649.72   93.95% search
c       891.66   50.78% unstable
c       707.63   40.30% stable
c       106.20    6.05% simplify
c        58.30    3.32% vivify
c        50.40    2.87% walk
c        33.37    1.90% subsume
c         5.20    0.30% probe
c         4.57    0.26% sweep
c         1.46    0.08% ternary
c         1.01    0.06% elim
c         0.33    0.02% congruence
c         0.18    0.01% backbone
c         0.07    0.00% parse
c         0.02    0.00% lucky
c   =================================
c      1755.92  100.00% solve
c 
c last line shows process time for solving
c (percentage relative to total process time)
c 
c --- [ statistics ] ---------------------------------------------------------
c 
c chronological:           1896872        11.11 %  of conflicts
c conflicts:              17072149      9722.63    per second
c backbone:                2932504     49940.46 %  of vars
c decisions:              23457490     13359.09    per second
c eliminated:                 2082        35.46 %  of all variables
c fixed:                      2611        44.47 %  of all variables
c learned:                16792193        98.36 %  per conflict
c learned_lits:          528906997       100.00 %  learned literals
c minimized:                     0         0.00 %  learned literals
c shrunken:              177072861        33.48 %  learned literals
c minishrunken:           43222682         8.17 %  learned literals
c otfs:                      26657         0.16 %  of conflict
c propagations:         2867593734         1.63 M  per second
c reduced:                10998841        64.43 %  per conflict
c rephased:                    184     92783.42    interval
c restarts:                 444767        38.38    interval
c stabilizing:                  33        52.20 %  of conflicts
c substituted:                   3         0.05 %  of all variables
c subsumed:                5476963        32.23 %  of all clauses
c strengthened:             438232         2.58 %  of all clauses
c ticks:               69965720963        25.23    propagation
c vivified:                  48264         0.28 %  of all clauses
c walked:                       60    284535.82    interval
c weakened:                   8468         3.02    average size
c 
c seconds are measured in process time for solving
c 
c --- [ glue usage ] ---------------------------------------------------------
c 
c focused glue 1 used 42623417 clauses 51.05% accumulated 51.05% tier1
c focused glue 2 used 24540282 clauses 29.39% accumulated 80.44% tier2
c 
c stable glue 1 used 56842027 clauses 58.49% accumulated 58.49% tier1
c stable glue 2 used 16124968 clauses 16.59% accumulated 75.08% tier2
c 
c 
c --- [ resources ] ----------------------------------------------------------
c 
c total process time since initialization:      1755.99    seconds
c total real time since initialization:         1912.90    seconds
c maximum resident set size of process:           66.13    MB
c 
c --- [ shutting down ] ------------------------------------------------------
c 
c exit 20
