0 1 2 3 5 28 31 62
0 1 2 3 5 28 34 56
0 1 2 3 5 29 55 61
0 1 2 3 5 31 34 59
0 1 2 3 5 32 58 61
0 1 2 3 5 35 55 58
0 1 2 3 7 28 56 59
0 1 2 3 7 29 32 55
0 1 2 3 7 29 35 58
0 1 2 3 7 31 56 62
0 1 2 3 7 32 35 61
0 1 2 3 7 34 59 62
0 1 2 4 5 27 30 59
0 1 2 4 5 27 33 62
0 1 2 4 5 29 57 60
0 1 2 4 5 30 33 56
0 1 2 4 5 32 54 57
0 1 2 4 5 35 54 60
0 1 2 4 6 28 59 62
0 1 2 4 6 29 32 58
0 1 2 4 6 29 35 61
0 1 2 4 6 31 56 59
0 1 2 4 6 32 35 55
0 1 2 4 6 34 56 62
0 1 2 4 8 27 30 61
0 1 2 4 8 27 33 55
0 1 2 4 8 28 54 60
0 1 2 4 8 30 33 58
0 1 2 4 8 31 57 60
0 1 2 4 8 34 54 57
0 1 2 5 7 27 30 58
0 1 2 5 7 27 33 61
0 1 2 5 7 28 57 60
0 1 2 5 7 30 33 55
0 1 2 5 7 31 54 57
0 1 2 5 7 34 54 60
0 1 2 6 7 27 59 62
0 1 2 6 7 29 32 57
0 1 2 6 7 29 35 60
0 1 2 6 7 30 56 59
0 1 2 6 7 32 35 54
0 1 2 6 7 33 56 62
0 1 2 6 8 27 55 58
0 1 2 6 8 28 31 54
0 1 2 6 8 28 34 57
0 1 2 6 8 30 55 61
0 1 2 6 8 31 34 60
0 1 2 6 8 33 58 61
0 1 3 4 5 27 56 59
0 1 3 4 5 29 32 54
0 1 3 4 5 29 35 57
0 1 3 4 5 30 56 62
0 1 3 4 5 32 35 60
0 1 3 4 5 33 59 62
0 1 3 4 8 28 56 59
0 1 3 4 8 29 32 55
0 1 3 4 8 29 35 58
0 1 3 4 8 31 56 62
0 1 3 4 8 32 35 61
0 1 3 4 8 34 59 62
0 1 3 4 27 34 56 62
0 1 3 4 28 30 59 62
0 1 3 4 29 32 58 60
0 1 3 4 29 35 54 61
0 1 3 4 31 33 56 59
0 1 3 4 32 35 55 57
0 1 3 5 8 27 58 61
0 1 3 5 8 28 31 57
0 1 3 5 8 28 34 60
0 1 3 5 8 30 55 58
0 1 3 5 8 31 34 54
0 1 3 5 8 33 55 61
0 1 3 7 8 27 59 62
0 1 3 7 8 29 32 57
0 1 3 7 8 29 35 60
0 1 3 7 8 30 56 59
0 1 3 7 8 32 35 54
0 1 3 7 8 33 56 62
0 1 3 7 27 31 56 59
0 1 3 7 28 33 59 62
0 1 3 7 29 32 54 58
0 1 3 7 29 35 57 61
0 1 3 7 30 34 56 62
0 1 3 7 32 35 55 60
0 1 4 6 8 27 56 59
0 1 4 6 8 29 32 54
0 1 4 6 8 29 35 57
0 1 4 6 8 30 56 62
0 1 4 6 8 32 35 60
0 1 4 6 8 33 59 62
0 1 4 6 27 28 56 62
0 1 4 6 29 32 60 61
0 1 4 6 29 35 54 55
0 1 4 6 30 31 59 62
0 1 4 6 32 35 57 58
0 1 4 6 33 34 56 59
0 1 5 6 7 28 59 62
0 1 5 6 7 29 32 58
0 1 5 6 7 29 35 61
0 1 5 6 7 31 56 59
0 1 5 6 7 32 35 55
0 1 5 6 7 34 56 62
0 1 5 6 8 28 31 56
0 1 5 6 8 28 34 59
0 1 5 6 8 29 55 58
0 1 5 6 8 31 34 62
0 1 5 6 8 32 55 61
0 1 5 6 8 35 58 61
0 1 5 7 8 27 30 62
0 1 5 7 8 27 33 56
0 1 5 7 8 29 54 60
0 1 5 7 8 30 33 59
0 1 5 7 8 32 57 60
0 1 5 7 8 35 54 57
0 1 6 7 27 34 56 59
0 1 6 7 28 30 56 62
0 1 6 7 29 32 54 61
0 1 6 7 29 35 55 57
0 1 6 7 31 33 59 62
0 1 6 7 32 35 58 60
0 1 27 28 31 33 56 62
0 1 27 30 31 34 59 62
0 1 28 30 33 34 56 59
0 1 29 32 55 57 60 61
0 1 29 35 54 55 58 60
0 1 32 35 54 57 58 61
0 2 3 4 5 27 55 61
0 2 3 4 5 28 31 60
0 2 3 4 5 28 34 54
0 2 3 4 5 30 58 61
0 2 3 4 5 31 34 57
0 2 3 4 5 33 55 58
0 2 3 4 7 27 56 62
0 2 3 4 7 29 32 60
0 2 3 4 7 29 35 54
0 2 3 4 7 30 59 62
0 2 3 4 7 32 35 57
0 2 3 4 7 33 56 59
0 2 3 4 8 28 31 62
0 2 3 4 8 28 34 56
0 2 3 4 8 29 55 61
0 2 3 4 8 31 34 59
0 2 3 4 8 32 58 61
0 2 3 4 8 35 55 58
0 2 3 5 27 32 55 58
0 2 3 5 28 31 54 59
0 2 3 5 28 34 57 62
0 2 3 5 29 33 58 61
0 2 3 5 30 35 55 61
0 2 3 5 31 34 56 60
0 2 3 7 8 27 55 58
0 2 3 7 8 28 31 54
0 2 3 7 8 28 34 57
0 2 3 7 8 30 55 61
0 2 3 7 8 31 34 60
0 2 3 7 8 33 58 61
0 2 3 8 27 29 58 61
0 2 3 8 28 31 57 59
0 2 3 8 28 34 60 62
0 2 3 8 30 32 55 58
0 2 3 8 31 34 54 56
0 2 3 8 33 35 55 61
0 2 4 5 6 28 31 56
0 2 4 5 6 28 34 59
0 2 4 5 6 29 55 58
0 2 4 5 6 31 34 62
0 2 4 5 6 32 55 61
0 2 4 5 6 35 58 61
0 2 4 7 8 27 30 56
0 2 4 7 8 27 33 59
0 2 4 7 8 29 54 57
0 2 4 7 8 30 33 62
0 2 4 7 8 32 54 60
0 2 4 7 8 35 57 60
0 2 5 6 7 27 55 61
0 2 5 6 7 28 31 60
0 2 5 6 7 28 34 54
0 2 5 6 7 30 58 61
0 2 5 6 7 31 34 57
0 2 5 6 7 33 55 58
0 2 5 6 27 35 55 58
0 2 5 6 28 31 54 62
0 2 5 6 28 34 56 57
0 2 5 6 29 30 55 61
0 2 5 6 31 34 59 60
0 2 5 6 32 33 58 61
0 2 6 7 8 28 31 56
0 2 6 7 8 28 34 59
0 2 6 7 8 29 55 58
0 2 6 7 8 31 34 62
0 2 6 7 8 32 55 61
0 2 6 7 8 35 58 61
0 2 6 8 27 32 58 61
0 2 6 8 28 31 57 62
0 2 6 8 28 34 56 60
0 2 6 8 29 33 55 61
0 2 6 8 30 35 55 58
0 2 6 8 31 34 54 59
0 2 27 29 30 35 58 61
0 2 27 32 33 35 55 61
0 2 28 31 56 57 59 60
0 2 28 34 54 59 60 62
0 2 29 30 32 33 55 58
0 2 31 34 54 56 57 62
0 3 4 5 7 28 56 59
0 3 4 5 7 29 32 55
0 3 4 5 7 29 35 58
0 3 4 5 7 31 56 62
0 3 4 5 7 32 35 61
0 3 4 5 7 34 59 62
0 3 4 7 27 28 59 62
0 3 4 7 29 32 57 58
0 3 4 7 29 35 60 61
0 3 4 7 30 31 56 59
0 3 4 7 32 35 54 55
0 3 4 7 33 34 56 62
0 3 5 7 8 28 31 62
0 3 5 7 8 28 34 56
0 3 5 7 8 29 55 61
0 3 5 7 8 31 34 59
0 3 5 7 8 32 58 61
0 3 5 7 8 35 55 58
0 3 5 8 27 35 55 61
0 3 5 8 28 31 59 60
0 3 5 8 28 34 54 62
0 3 5 8 29 30 58 61
0 3 5 8 31 34 56 57
0 3 5 8 32 33 55 58
0 3 9 12 24 36 54 78
0 3 9 12 24 39 57 78
0 3 9 15 18 36 57 72
0 3 9 15 18 42 54 72
0 3 9 18 30 36 45 51
0 3 9 18 30 36 69 72
0 3 9 18 30 42 45 63
0 3 9 18 36 45 57 78
0 3 9 18 45 57 63 69
0 3 9 18 51 54 63 78
0 3 9 24 27 36 45 51
0 3 9 24 27 36 66 78
0 3 9 24 27 39 51 63
0 3 9 24 36 51 54 72
0 3 9 24 45 57 63 72
0 3 9 24 51 54 63 66
0 3 9 27 42 45 69 72
0 3 9 27 51 63 72 78
0 3 9 30 39 51 66 78
0 3 9 30 45 63 72 78
0 3 10 13 26 40 60 77
0 3 10 13 26 43 54 77
0 3 10 16 20 37 60 80
0 3 10 16 20 40 54 80
0 3 10 20 33 37 50 70
0 3 10 20 33 40 47 50
0 3 10 20 33 40 67 80
0 3 10 20 40 50 54 77
0 3 10 20 47 60 70 77
0 3 10 20 50 54 67 70
0 3 10 26 30 40 47 50
0 3 10 26 30 40 64 77
0 3 10 26 30 43 47 70
0 3 10 26 40 47 60 80
0 3 10 26 47 60 64 70
0 3 10 26 50 54 70 80
0 3 10 30 37 50 67 80
0 3 10 30 47 70 77 80
0 3 10 33 43 47 64 77
0 3 10 33 50 70 77 80
0 3 11 14 19 38 60 76
0 3 11 14 19 44 57 76
0 3 11 17 22 41 57 79
0 3 11 17 22 44 60 79
0 3 11 19 33 38 52 68
0 3 11 19 33 44 46 52
0 3 11 19 33 44 71 76
0 3 11 19 44 52 57 79
0 3 11 19 46 60 68 79
0 3 11 19 52 57 68 71
0 3 11 22 27 41 46 68
0 3 11 22 27 44 46 52
0 3 11 22 27 44 65 79
0 3 11 22 44 46 60 76
0 3 11 22 46 60 65 68
0 3 11 22 52 57 68 76
0 3 11 27 38 52 71 76
0 3 11 27 46 68 76 79
0 3 11 33 41 46 65 79
0 3 11 33 52 68 76 79
0 3 12 15 21 39 54 75
0 3 12 15 21 42 57 75
0 3 12 21 27 39 48 51
0 3 12 21 27 39 69 75
0 3 12 21 27 42 48 66
0 3 12 21 39 48 54 78
0 3 12 21 48 54 66 69
0 3 12 21 51 57 66 78
0 3 12 24 30 36 51 66
0 3 12 24 30 39 48 51
0 3 12 24 30 39 63 78
0 3 12 24 39 51 57 75
0 3 12 24 48 54 66 75
0 3 12 24 51 57 63 66
0 3 12 27 36 51 63 78
0 3 12 27 48 66 75 78
0 3 12 30 42 48 69 75
0 3 12 30 51 66 75 78
0 3 13 16 23 37 54 74
0 3 13 16 23 43 60 74
0 3 13 23 30 37 53 64
0 3 13 23 30 43 47 53
0 3 13 23 30 43 67 74
0 3 13 23 43 53 60 77
0 3 13 23 47 54 64 77
0 3 13 23 53 60 64 67
0 3 13 26 33 40 47 64
0 3 13 26 33 43 47 53
0 3 13 26 33 43 70 77
0 3 13 26 43 47 54 74
0 3 13 26 47 54 64 70
0 3 13 26 53 60 64 74
0 3 13 30 40 47 70 77
0 3 13 30 53 64 74 77
0 3 13 33 37 53 67 74
0 3 13 33 47 64 74 77
0 3 14 17 25 38 57 73
0 3 14 17 25 41 60 73
0 3 14 19 27 38 49 52
0 3 14 19 27 38 68 76
0 3 14 19 27 44 52 71
0 3 14 19 38 52 60 73
0 3 14 19 49 57 71 73
0 3 14 19 52 60 68 71
0 3 14 25 33 38 49 52
0 3 14 25 33 38 65 73
0 3 14 25 33 41 49 71
0 3 14 25 38 49 57 76
0 3 14 25 49 57 65 71
0 3 14 25 52 60 71 76
0 3 14 27 41 49 65 73
0 3 14 27 52 71 73 76
0 3 14 33 44 52 68 76
0 3 14 33 49 71 73 76
0 3 15 18 27 36 45 69
0 3 15 18 27 42 45 48
0 3 15 18 27 42 63 72
0 3 15 18 42 45 54 75
0 3 15 18 45 54 63 69
0 3 15 18 48 57 69 75
0 3 15 21 30 39 48 69
0 3 15 21 30 42 45 48
0 3 15 21 30 42 66 75
0 3 15 21 42 48 57 72
0 3 15 21 45 54 69 72
0 3 15 21 48 57 66 69
0 3 15 27 39 48 66 75
0 3 15 27 45 69 72 75
0 3 15 30 36 45 63 72
0 3 15 30 48 69 72 75
0 3 16 20 30 37 50 53
0 3 16 20 30 37 70 80
0 3 16 20 30 40 50 67
0 3 16 20 37 50 60 74
0 3 16 20 50 60 67 70
0 3 16 20 53 54 67 74
0 3 16 23 33 37 50 53
0 3 16 23 33 37 64 74
0 3 16 23 33 43 53 67
0 3 16 23 37 53 54 80
0 3 16 23 50 60 67 80
0 3 16 23 53 54 64 67
0 3 16 30 43 53 64 74
0 3 16 30 50 67 74 80
0 3 16 33 40 50 70 80
0 3 16 33 53 67 74 80
0 3 17 22 33 41 46 49
0 3 17 22 33 41 68 79
0 3 17 22 33 44 46 65
0 3 17 22 41 46 57 73
0 3 17 22 46 57 65 68
0 3 17 22 49 60 65 73
0 3 17 25 27 38 49 65
0 3 17 25 27 41 46 49
0 3 17 25 27 41 71 73
0 3 17 25 41 49 60 79
0 3 17 25 46 57 65 79
0 3 17 25 49 60 65 71
0 3 17 27 44 46 68 79
0 3 17 27 49 65 73 79
0 3 17 33 38 49 71 73
0 3 17 33 46 65 73 79
0 3 18 21 27 42 69 72
0 3 18 21 30 42 69 75
0 3 18 24 27 36 63 78
0 3 18 24 30 36 63 72
0 3 18 36 51 57 63 72
0 3 18 42 48 54 69 72
0 3 19 22 27 44 68 79
0 3 19 22 33 44 68 76
0 3 19 25 27 38 71 76
0 3 19 25 33 38 71 73
0 3 19 38 49 60 71 76
0 3 19 44 46 57 68 76
0 3 20 23 30 37 67 80
0 3 20 23 33 37 67 74
0 3 20 26 30 40 70 77
0 3 20 26 33 40 70 80
0 3 20 37 53 60 67 80
0 3 20 40 47 54 70 80
0 3 21 24 27 39 66 75
0 3 21 24 30 39 66 78
0 3 21 39 51 54 66 75
0 3 21 42 45 57 69 75
0 3 22 25 27 41 65 73
0 3 22 25 33 41 65 79
0 3 22 41 49 57 65 79
0 3 22 44 52 60 68 79
0 3 23 26 30 43 64 74
0 3 23 26 33 43 64 77
0 3 23 37 50 54 67 74
0 3 23 43 47 60 64 74
0 3 24 36 45 54 63 78
0 3 24 39 48 57 66 78
0 3 25 38 52 57 71 73
0 3 25 41 46 60 65 73
0 3 26 40 50 60 70 77
0 3 26 43 53 54 64 77
0 3 27 28 29 31 32 59
0 3 27 28 29 31 35 61
0 3 27 28 29 32 34 58
0 3 27 28 32 34 35 62
0 3 27 29 31 34 35 56
0 3 27 31 32 34 35 55
0 3 28 29 30 31 35 59
0 3 28 29 30 32 34 62
0 3 28 29 30 34 35 61
0 3 28 29 31 32 33 58
0 3 28 29 31 32 55 62
0 3 28 29 31 35 58 62
0 3 28 29 32 34 55 56
0 3 28 29 33 34 35 62
0 3 28 29 34 35 56 58
0 3 28 29 55 56 59 61
0 3 28 30 31 32 35 55
0 3 28 31 32 33 35 59
0 3 28 31 32 35 61 62
0 3 28 32 33 34 35 55
0 3 28 32 34 35 56 61
0 3 28 32 56 58 59 61
0 3 28 35 55 56 58 59
0 3 28 54 58 59 61 62
0 3 28 55 57 58 59 62
0 3 28 55 59 60 61 62
0 3 29 30 31 32 34 58
0 3 29 31 32 33 34 56
0 3 29 31 32 34 55 59
0 3 29 31 33 34 35 61
0 3 29 31 34 35 58 59
0 3 29 31 55 56 61 62
0 3 29 34 55 59 61 62
0 3 29 54 56 58 61 62
0 3 29 56 58 59 60 61
0 3 29 57 58 59 61 62
0 3 30 31 32 34 35 56
0 3 31 32 34 35 59 61
0 3 31 32 56 58 61 62
0 3 31 35 55 56 58 62
0 3 31 54 55 56 59 61
0 3 31 55 56 58 59 60
0 3 31 56 57 58 59 61
0 3 32 34 58 59 61 62
0 3 32 54 55 56 58 59
0 3 32 55 56 57 58 62
0 3 32 55 58 59 60 62
0 3 34 35 55 58 59 62
0 3 34 54 55 56 58 62
0 3 34 55 56 57 61 62
0 3 34 56 58 60 61 62
0 3 35 54 55 59 61 62
0 3 35 55 56 57 59 61
0 3 35 55 56 60 61 62
0 3 36 39 51 54 63 78
0 3 36 39 51 57 66 78
0 3 36 42 45 54 69 72
0 3 36 42 45 57 63 72
0 3 37 40 50 54 70 80
0 3 37 40 50 60 67 80
0 3 37 43 53 54 67 74
0 3 37 43 53 60 64 74
0 3 38 41 49 57 71 73
0 3 38 41 49 60 65 73
0 3 38 44 52 57 68 76
0 3 38 44 52 60 71 76
0 3 39 42 48 54 66 75
0 3 39 42 48 57 69 75
0 3 40 43 47 54 64 77
0 3 40 43 47 60 70 77
0 3 41 44 46 57 65 79
0 3 41 44 46 60 68 79
0 4 5 6 7 27 56 62
0 4 5 6 7 29 32 60
0 4 5 6 7 29 35 54
0 4 5 6 7 30 59 62
0 4 5 6 7 32 35 57
0 4 5 6 7 33 56 59
0 4 5 6 8 27 58 61
0 4 5 6 8 28 31 57
0 4 5 6 8 28 34 60
0 4 5 6 8 30 55 58
0 4 5 6 8 31 34 54
0 4 5 6 8 33 55 61
0 4 5 7 8 27 30 55
0 4 5 7 8 27 33 58
0 4 5 7 8 28 54 57
0 4 5 7 8 30 33 61
0 4 5 7 8 31 54 60
0 4 5 7 8 34 57 60
0 4 6 7 8 28 59 62
0 4 6 7 8 29 32 58
0 4 6 7 8 29 35 61
0 4 6 7 8 31 56 59
0 4 6 7 8 32 35 55
0 4 6 7 8 34 56 62
0 4 6 7 27 31 59 62
0 4 6 7 28 33 56 62
0 4 6 7 29 32 57 61
0 4 6 7 29 35 55 60
0 4 6 7 30 34 56 59
0 4 6 7 32 35 54 58
0 4 27 28 30 34 56 59
0 4 27 31 33 34 59 62
0 4 28 30 31 33 56 62
0 4 29 32 54 55 57 61
0 4 29 35 55 57 58 60
0 4 32 35 54 58 60 61
0 5 6 8 27 29 55 61
0 5 6 8 28 31 60 62
0 5 6 8 28 34 54 56
0 5 6 8 30 32 58 61
0 5 6 8 31 34 57 59
0 5 6 8 33 35 55 58
0 5 27 29 30 32 55 58
0 5 27 29 33 35 58 61
0 5 28 31 54 56 57 59
0 5 28 34 57 59 60 62
0 5 30 32 33 35 55 61
0 5 31 34 54 56 60 62
0 6 9 12 18 36 60 72
0 6 9 12 18 39 54 72
0 6 9 15 21 36 54 75
0 6 9 15 21 42 60 75
0 6 9 18 33 36 45 48
0 6 9 18 33 36 66 72
0 6 9 18 33 39 45 63
0 6 9 18 36 45 60 75
0 6 9 18 45 60 63 66
0 6 9 18 48 54 63 75
0 6 9 21 27 36 45 48
0 6 9 21 27 36 69 75
0 6 9 21 27 42 48 63
0 6 9 21 36 48 54 72
0 6 9 21 45 60 63 72
0 6 9 21 48 54 63 69
0 6 9 27 39 45 66 72
0 6 9 27 48 63 72 75
0 6 9 33 42 48 69 75
0 6 9 33 45 63 72 75
0 6 10 13 20 40 57 80
0 6 10 13 20 43 60 80
0 6 10 16 23 37 57 74
0 6 10 16 23 40 60 74
0 6 10 20 27 40 50 53
0 6 10 20 27 40 64 80
0 6 10 20 27 43 50 70
0 6 10 20 40 50 57 74
0 6 10 20 50 57 64 70
0 6 10 20 53 60 70 74
0 6 10 23 30 37 53 70
0 6 10 23 30 40 50 53
0 6 10 23 30 40 67 74
0 6 10 23 40 53 60 80
0 6 10 23 50 57 70 80
0 6 10 23 53 60 67 70
0 6 10 27 37 53 67 74
0 6 10 27 50 70 74 80
0 6 10 30 43 50 64 80
0 6 10 30 53 70 74 80
0 6 11 14 22 38 57 79
0 6 11 14 22 44 54 79
0 6 11 17 25 41 54 73
0 6 11 17 25 44 57 73
0 6 11 22 30 38 46 68
0 6 11 22 30 44 46 49
0 6 11 22 30 44 71 79
0 6 11 22 44 46 54 73
0 6 11 22 46 54 68 71
0 6 11 22 49 57 68 73
0 6 11 25 33 41 49 68
0 6 11 25 33 44 46 49
0 6 11 25 33 44 65 73
0 6 11 25 44 49 57 79
0 6 11 25 46 54 68 79
0 6 11 25 49 57 65 68
0 6 11 30 41 49 65 73
0 6 11 30 46 68 73 79
0 6 11 33 38 46 71 79
0 6 11 33 49 68 73 79
0 6 12 15 24 39 60 78
0 6 12 15 24 42 54 78
0 6 12 18 27 36 45 66
0 6 12 18 27 39 45 51
0 6 12 18 27 39 63 72
0 6 12 18 39 45 54 78
0 6 12 18 45 54 63 66
0 6 12 18 51 60 66 78
0 6 12 24 33 39 45 51
0 6 12 24 33 39 69 78
0 6 12 24 33 42 51 66
0 6 12 24 39 51 60 72
0 6 12 24 45 54 66 72
0 6 12 24 51 60 66 69
0 6 12 27 42 51 69 78
0 6 12 27 45 66 72 78
0 6 12 33 36 45 63 72
0 6 12 33 51 66 72 78
0 6 13 16 26 37 60 77
0 6 13 16 26 43 57 77
0 6 13 20 30 40 50 64
0 6 13 20 30 43 47 50
0 6 13 20 30 43 70 80
0 6 13 20 43 50 60 77
0 6 13 20 47 57 64 77
0 6 13 20 50 60 64 70
0 6 13 26 27 37 47 64
0 6 13 26 27 43 47 50
0 6 13 26 27 43 67 77
0 6 13 26 43 47 57 80
0 6 13 26 47 57 64 67
0 6 13 26 50 60 64 80
0 6 13 27 40 50 70 80
0 6 13 27 47 64 77 80
0 6 13 30 37 47 67 77
0 6 13 30 50 64 77 80
0 6 14 17 19 38 54 76
0 6 14 17 19 41 57 76
0 6 14 19 30 38 46 52
0 6 14 19 30 38 65 76
0 6 14 19 30 41 52 71
0 6 14 19 38 52 54 79
0 6 14 19 46 57 71 79
0 6 14 19 52 54 65 71
0 6 14 22 33 38 46 52
0 6 14 22 33 38 68 79
0 6 14 22 33 44 46 71
0 6 14 22 38 46 57 76
0 6 14 22 46 57 68 71
0 6 14 22 52 54 71 76
0 6 14 30 44 46 68 79
0 6 14 30 52 71 76 79
0 6 14 33 41 52 65 76
0 6 14 33 46 71 76 79
0 6 15 21 33 36 48 69
0 6 15 21 33 42 48 51
0 6 15 21 33 42 63 75
0 6 15 21 42 48 60 78
0 6 15 21 48 60 63 69
0 6 15 21 51 54 69 78
0 6 15 24 27 39 51 69
0 6 15 24 27 42 48 51
0 6 15 24 27 42 66 78
0 6 15 24 42 51 54 75
0 6 15 24 48 60 69 75
0 6 15 24 51 54 66 69
0 6 15 27 36 48 63 75
0 6 15 27 51 69 75 78
0 6 15 33 39 51 66 78
0 6 15 33 48 69 75 78
0 6 16 23 27 37 47 53
0 6 16 23 27 37 70 74
0 6 16 23 27 40 53 67
0 6 16 23 37 53 57 77
0 6 16 23 47 60 67 77
0 6 16 23 53 57 67 70
0 6 16 26 30 37 47 53
0 6 16 26 30 37 64 77
0 6 16 26 30 43 47 67
0 6 16 26 37 47 60 74
0 6 16 26 47 60 64 67
0 6 16 26 53 57 67 74
0 6 16 27 43 47 64 77
0 6 16 27 53 67 74 77
0 6 16 30 40 53 70 74
0 6 16 30 47 67 74 77
0 6 17 19 33 38 52 65
0 6 17 19 33 41 49 52
0 6 17 19 33 41 71 76
0 6 17 19 41 52 57 73
0 6 17 19 49 54 65 73
0 6 17 19 52 57 65 71
0 6 17 25 30 41 49 52
0 6 17 25 30 41 68 73
0 6 17 25 30 44 49 65
0 6 17 25 41 49 54 76
0 6 17 25 49 54 65 68
0 6 17 25 52 57 65 76
0 6 17 30 38 52 71 76
0 6 17 30 49 65 73 76
0 6 17 33 44 49 68 73
0 6 17 33 52 65 73 76
0 6 18 21 27 36 63 75
0 6 18 21 33 36 63 72
0 6 18 24 27 39 66 72
0 6 18 24 33 39 66 78
0 6 18 36 48 60 63 72
0 6 18 39 51 54 66 72
0 6 19 22 30 38 71 76
0 6 19 22 33 38 71 79
0 6 19 25 30 41 65 73
0 6 19 25 33 41 65 76
0 6 19 38 46 54 71 76
0 6 19 41 49 57 65 76
0 6 20 23 27 40 70 80
0 6 20 23 30 40 70 74
0 6 20 26 27 43 64 77
0 6 20 26 30 43 64 80
0 6 20 40 53 57 70 80
0 6 20 43 47 60 64 80
0 6 21 24 27 42 69 78
0 6 21 24 33 42 69 75
0 6 21 36 45 54 63 75
0 6 21 42 51 60 69 75
0 6 22 25 30 44 68 79
0 6 22 25 33 44 68 73
0 6 22 38 52 57 71 79
0 6 22 44 49 54 68 79
0 6 23 26 27 37 67 74
0 6 23 26 30 37 67 77
0 6 23 37 47 57 67 74
0 6 23 40 50 60 70 74
0 6 24 39 45 60 66 78
0 6 24 42 48 54 69 78
0 6 25 41 52 54 65 73
0 6 25 44 46 57 68 73
0 6 26 37 53 60 67 77
0 6 26 43 50 57 64 77
0 6 27 28 29 31 32 62
0 6 27 28 29 31 35 55
0 6 27 28 29 32 34 61
0 6 27 28 32 34 35 56
0 6 27 29 31 34 35 59
0 6 27 31 32 34 35 58
0 6 28 29 30 31 35 62
0 6 28 29 30 32 34 56
0 6 28 29 30 34 35 55
0 6 28 29 31 32 33 61
0 6 28 29 31 32 56 58
0 6 28 29 31 35 56 61
0 6 28 29 32 34 58 59
0 6 28 29 33 34 35 56
0 6 28 29 34 35 59 61
0 6 28 29 55 58 59 62
0 6 28 30 31 32 35 58
0 6 28 31 32 33 35 62
0 6 28 31 32 35 55 56
0 6 28 32 33 34 35 58
0 6 28 32 34 35 55 59
0 6 28 32 55 59 61 62
0 6 28 35 58 59 61 62
0 6 28 54 55 56 58 62
0 6 28 55 56 57 61 62
0 6 28 56 58 60 61 62
0 6 29 30 31 32 34 61
0 6 29 31 32 33 34 59
0 6 29 31 32 34 58 62
0 6 29 31 33 34 35 55
0 6 29 31 34 35 61 62
0 6 29 31 55 56 58 59
0 6 29 34 55 56 58 62
0 6 29 54 55 59 61 62
0 6 29 55 56 57 59 61
0 6 29 55 56 60 61 62
0 6 30 31 32 34 35 59
0 6 31 32 34 35 55 62
0 6 31 32 55 56 59 61
0 6 31 35 56 58 59 61
0 6 31 54 58 59 61 62
0 6 31 55 57 58 59 62
0 6 31 55 59 60 61 62
0 6 32 34 55 56 61 62
0 6 32 54 56 58 61 62
0 6 32 56 58 59 60 61
0 6 32 57 58 59 61 62
0 6 34 35 56 58 61 62
0 6 34 54 55 56 59 61
0 6 34 55 56 58 59 60
0 6 34 56 57 58 59 61
0 6 35 54 55 56 58 59
0 6 35 55 56 57 58 62
0 6 35 55 58 59 60 62
0 6 36 39 45 54 66 72
0 6 36 39 45 60 63 72
0 6 36 42 48 54 63 75
0 6 36 42 48 60 69 75
0 6 37 40 53 57 67 74
0 6 37 40 53 60 70 74
0 6 37 43 47 57 64 77
0 6 37 43 47 60 67 77
0 6 38 41 52 54 71 76
0 6 38 41 52 57 65 76
0 6 38 44 46 54 68 79
0 6 38 44 46 57 71 79
0 6 39 42 51 54 69 78
0 6 39 42 51 60 66 78
0 6 40 43 50 57 70 80
0 6 40 43 50 60 64 80
0 6 41 44 49 54 65 73
0 6 41 44 49 57 68 73
0 7 27 28 30 31 56 62
0 7 27 28 33 34 56 59
0 7 29 32 54 55 60 61
0 7 29 35 54 55 57 58
0 7 30 31 33 34 59 62
0 7 32 35 57 58 60 61
0 8 27 29 32 33 55 58
0 8 27 30 32 35 55 61
0 8 28 31 54 56 59 60
0 8 28 34 54 57 59 62
0 8 29 30 33 35 58 61
0 8 31 34 56 57 60 62
0 9 12 18 24 27 45 66
0 9 12 18 24 27 51 63
0 9 12 18 27 39 45 78
0 9 12 18 33 45 60 63
0 9 12 18 33 54 66 72
0 9 12 18 36 51 54 78
0 9 12 24 27 36 51 72
0 9 12 24 30 51 57 66
0 9 12 24 30 54 63 78
0 9 12 24 39 45 54 72
0 9 12 27 30 36 51 78
0 9 12 27 33 39 45 72
0 9 12 27 45 60 66 72
0 9 12 27 51 57 63 78
0 9 12 45 51 54 63 78
0 9 12 45 51 54 66 72
0 9 15 18 21 27 45 69
0 9 15 18 21 27 48 63
0 9 15 18 27 42 45 75
0 9 15 18 30 45 57 63
0 9 15 18 30 54 69 72
0 9 15 18 36 48 54 75
0 9 15 21 27 36 48 72
0 9 15 21 33 48 60 69
0 9 15 21 33 54 63 75
0 9 15 21 42 45 54 72
0 9 15 27 30 42 45 72
0 9 15 27 33 36 48 75
0 9 15 27 45 57 69 72
0 9 15 27 48 60 63 75
0 9 15 45 48 54 63 75
0 9 15 45 48 54 69 72
0 9 18 21 27 42 63 75
0 9 18 21 33 36 45 60
0 9 18 21 33 48 54 63
0 9 18 21 36 42 48 54
0 9 18 21 36 54 69 75
0 9 18 21 54 60 63 75
0 9 18 24 27 39 63 78
0 9 18 24 30 36 45 57
0 9 18 24 30 51 54 63
0 9 18 24 36 39 51 54
0 9 18 24 36 54 66 78
0 9 18 24 54 57 63 78
0 9 18 27 39 45 51 66
0 9 18 27 42 45 48 69
0 9 18 27 48 63 69 75
0 9 18 27 51 63 66 78
0 9 18 30 36 42 57 72
0 9 18 33 36 39 60 72
0 9 18 39 54 60 66 72
0 9 18 42 54 57 69 72
0 9 21 27 33 36 45 75
0 9 21 27 33 48 63 72
0 9 21 27 33 63 69 75
0 9 21 27 36 42 48 60
0 9 21 27 36 42 72 75
0 9 21 27 60 63 72 75
0 9 21 33 36 54 72 75
0 9 21 36 48 54 60 69
0 9 21 42 45 48 54 63
0 9 21 45 54 63 69 75
0 9 24 27 30 36 45 78
0 9 24 27 30 51 63 72
0 9 24 27 30 63 66 78
0 9 24 27 36 39 51 57
0 9 24 27 36 39 72 78
0 9 24 27 57 63 72 78
0 9 24 30 36 54 72 78
0 9 24 36 51 54 57 66
0 9 24 39 45 51 54 63
0 9 24 45 54 63 66 78
0 9 27 36 45 48 60 75
0 9 27 36 45 51 57 78
0 9 27 36 48 69 72 75
0 9 27 36 51 66 72 78
0 9 30 36 39 51 54 78
0 9 30 45 51 57 63 72
0 9 33 36 42 48 54 75
0 9 33 45 48 60 63 72
0 9 36 48 54 60 72 75
0 9 36 51 54 57 72 78
0 9 39 45 54 66 72 78
0 9 39 51 54 57 63 78
0 9 42 45 54 69 72 75
0 9 42 48 54 60 63 75
0 10 13 20 26 30 47 70
0 10 13 20 26 30 50 64
0 10 13 20 27 50 57 70
0 10 13 20 27 60 64 80
0 10 13 20 30 43 50 77
0 10 13 20 40 47 60 77
0 10 13 26 30 40 47 80
0 10 13 26 33 47 54 64
0 10 13 26 33 60 70 77
0 10 13 26 43 50 60 80
0 10 13 27 30 43 50 80
0 10 13 30 33 40 47 77
0 10 13 30 47 54 70 77
0 10 13 30 50 57 64 80
0 10 13 47 50 60 64 80
0 10 13 47 50 60 70 77
0 10 16 20 23 30 50 67
0 10 16 20 23 30 53 70
0 10 16 20 30 37 50 74
0 10 16 20 33 50 54 70
0 10 16 20 33 60 67 80
0 10 16 20 40 53 60 74
0 10 16 23 27 53 57 67
0 10 16 23 27 60 70 74
0 10 16 23 30 40 53 80
0 10 16 23 37 50 60 80
0 10 16 27 30 40 53 74
0 10 16 30 33 37 50 80
0 10 16 30 50 54 67 80
0 10 16 30 53 57 70 74
0 10 16 50 53 60 67 80
0 10 16 50 53 60 70 74
0 10 20 23 27 40 50 57
0 10 20 23 27 53 60 70
0 10 20 23 30 37 70 74
0 10 20 23 37 40 53 60
0 10 20 23 40 60 67 74
0 10 20 23 57 60 70 74
0 10 20 26 30 43 70 77
0 10 20 26 33 40 50 54
0 10 20 26 33 47 60 70
0 10 20 26 40 43 47 60
0 10 20 26 40 60 64 77
0 10 20 26 54 60 70 77
0 10 20 27 40 43 57 80
0 10 20 30 37 50 53 67
0 10 20 30 43 47 50 64
0 10 20 30 47 64 70 77
0 10 20 30 53 67 70 74
0 10 20 33 37 40 54 80
0 10 20 37 54 60 67 80
0 10 20 43 57 60 64 80
0 10 23 27 30 40 50 74
0 10 23 27 30 53 70 80
0 10 23 27 30 67 70 74
0 10 23 27 40 60 74 80
0 10 23 30 37 40 53 57
0 10 23 30 37 40 74 80
0 10 23 30 57 70 74 80
0 10 23 37 50 53 60 70
0 10 23 40 53 57 60 67
0 10 23 50 60 67 70 74
0 10 26 30 33 40 50 77
0 10 26 30 33 47 70 80
0 10 26 30 33 64 70 77
0 10 26 30 40 43 47 54
0 10 26 30 40 43 77 80
0 10 26 30 54 70 77 80
0 10 26 33 40 60 77 80
0 10 26 40 47 54 60 64
0 10 26 43 47 50 60 70
0 10 26 50 60 64 70 77
0 10 27 37 40 53 60 74
0 10 27 50 53 57 70 80
0 10 30 40 47 50 54 77
0 10 30 40 47 64 77 80
0 10 30 40 50 53 57 74
0 10 30 40 53 67 74 80
0 10 33 40 43 47 60 77
0 10 33 47 50 54 70 80
0 10 37 50 60 67 74 80
0 10 37 53 57 60 70 74
0 10 40 47 54 60 77 80
0 10 40 53 57 60 74 80
0 10 43 47 54 60 70 77
0 10 43 50 60 64 77 80
0 11 14 19 22 33 46 71
0 11 14 19 22 33 52 68
0 11 14 19 27 52 60 71
0 11 14 19 27 57 68 76
0 11 14 19 33 44 52 79
0 11 14 19 38 46 57 79
0 11 14 22 30 46 54 68
0 11 14 22 30 57 71 79
0 11 14 22 33 38 46 76
0 11 14 22 44 52 57 76
0 11 14 27 33 44 52 76
0 11 14 30 33 38 46 79
0 11 14 33 46 54 71 79
0 11 14 33 52 60 68 76
0 11 14 46 52 57 68 76
0 11 14 46 52 57 71 79
0 11 17 22 25 33 46 65
0 11 17 22 25 33 49 68
0 11 17 22 27 46 60 68
0 11 17 22 27 57 65 79
0 11 17 22 33 41 46 73
0 11 17 22 44 49 57 73
0 11 17 25 30 49 54 65
0 11 17 25 30 57 68 73
0 11 17 25 33 44 49 79
0 11 17 25 41 46 57 79
0 11 17 27 33 41 46 79
0 11 17 30 33 44 49 73
0 11 17 33 46 60 65 79
0 11 17 33 49 54 68 73
0 11 17 46 49 57 65 79
0 11 17 46 49 57 68 73
0 11 19 22 27 44 46 60
0 11 19 22 27 52 57 68
0 11 19 22 33 38 68 76
0 11 19 22 38 44 52 57
0 11 19 22 44 57 71 76
0 11 19 22 57 60 68 76
0 11 19 27 33 44 46 76
0 11 19 27 33 52 68 79
0 11 19 27 33 68 71 76
0 11 19 27 44 57 76 79
0 11 19 33 38 44 52 60
0 11 19 33 38 44 76 79
0 11 19 33 60 68 76 79
0 11 19 38 46 52 57 68
0 11 19 44 52 57 60 71
0 11 19 46 57 68 71 76
0 11 22 25 30 44 46 54
0 11 22 25 30 49 57 68
0 11 22 25 33 41 68 73
0 11 22 25 41 44 49 57
0 11 22 25 44 57 65 73
0 11 22 25 54 57 68 73
0 11 22 27 41 44 60 79
0 11 22 30 38 44 54 79
0 11 22 33 38 46 52 71
0 11 22 33 41 46 49 65
0 11 22 33 49 65 68 73
0 11 22 33 52 68 71 76
0 11 22 38 54 57 71 79
0 11 22 41 57 60 65 79
0 11 25 30 33 44 46 73
0 11 25 30 33 49 68 79
0 11 25 30 33 65 68 73
0 11 25 30 44 57 73 79
0 11 25 33 41 44 49 54
0 11 25 33 41 44 73 79
0 11 25 33 54 68 73 79
0 11 25 41 46 49 57 68
0 11 25 44 49 54 57 65
0 11 25 46 57 65 68 73
0 11 27 38 44 52 57 76
0 11 27 46 52 60 68 79
0 11 30 41 44 49 57 73
0 11 30 46 49 54 68 79
0 11 33 44 46 49 54 73
0 11 33 44 46 52 60 76
0 11 33 44 49 65 73 79
0 11 33 44 52 71 76 79
0 11 38 46 57 71 76 79
0 11 38 52 57 60 68 76
0 11 41 46 57 65 73 79
0 11 41 49 54 57 68 73
0 11 44 49 54 57 73 79
0 11 44 52 57 60 76 79
0 12 15 21 24 27 48 66
0 12 15 21 24 27 51 69
0 12 15 21 27 39 48 78
0 12 15 21 30 48 57 69
0 12 15 21 30 54 66 75
0 12 15 21 42 51 54 78
0 12 15 24 27 42 51 75
0 12 15 24 33 51 60 66
0 12 15 24 33 54 69 78
0 12 15 24 39 48 54 75
0 12 15 27 30 39 48 75
0 12 15 27 33 42 51 78
0 12 15 27 48 57 66 75
0 12 15 27 51 60 69 78
0 12 15 48 51 54 66 75
0 12 15 48 51 54 69 78
0 12 18 24 27 36 66 72
0 12 18 24 33 39 51 60
0 12 18 24 33 45 54 66
0 12 18 24 36 39 45 54
0 12 18 24 39 54 63 72
0 12 18 24 54 60 66 72
0 12 18 27 33 39 51 72
0 12 18 27 33 45 66 78
0 12 18 27 33 63 66 72
0 12 18 27 36 39 45 60
0 12 18 27 36 39 72 78
0 12 18 27 60 66 72 78
0 12 18 33 39 54 72 78
0 12 18 36 45 51 54 66
0 12 18 39 45 54 60 63
0 12 18 51 54 63 66 72
0 12 21 24 27 42 66 75
0 12 21 24 30 39 51 57
0 12 21 24 30 48 54 66
0 12 21 24 39 42 48 54
0 12 21 24 39 54 69 75
0 12 21 24 54 57 66 75
0 12 21 27 30 39 51 75
0 12 21 27 30 48 66 78
0 12 21 27 30 66 69 75
0 12 21 27 39 42 48 57
0 12 21 27 39 42 75 78
0 12 21 27 57 66 75 78
0 12 21 30 39 54 75 78
0 12 21 39 48 54 57 69
0 12 21 42 48 51 54 66
0 12 21 51 54 66 69 75
0 12 24 27 36 45 51 63
0 12 24 27 42 48 51 69
0 12 24 27 45 63 66 72
0 12 24 27 48 66 69 75
0 12 24 30 36 39 57 78
0 12 24 33 39 42 60 78
0 12 24 36 54 57 63 78
0 12 24 42 54 60 69 78
0 12 27 39 45 51 60 72
0 12 27 39 45 63 72 78
0 12 27 39 48 51 57 75
0 12 27 39 48 69 75 78
0 12 30 39 42 48 54 75
0 12 30 48 51 57 66 78
0 12 33 36 39 45 54 72
0 12 33 45 51 60 66 78
0 12 36 45 54 60 66 72
0 12 36 51 54 63 72 78
0 12 39 45 54 60 72 78
0 12 39 48 54 57 75 78
0 12 42 48 54 57 66 75
0 12 42 51 54 69 75 78
0 13 16 23 26 30 47 67
0 13 16 23 26 30 53 64
0 13 16 23 30 43 53 77
0 13 16 23 33 53 54 67
0 13 16 23 33 60 64 74
0 13 16 23 37 47 60 77
0 13 16 26 27 47 57 64
0 13 16 26 27 60 67 77
0 13 16 26 30 37 47 74
0 13 16 26 43 53 60 74
0 13 16 27 30 37 47 77
0 13 16 30 33 43 53 74
0 13 16 30 47 57 67 77
0 13 16 30 53 54 64 74
0 13 16 47 53 60 64 74
0 13 16 47 53 60 67 77
0 13 20 26 27 43 47 57
0 13 20 26 27 50 60 64
0 13 20 26 30 40 64 80
0 13 20 26 40 43 50 60
0 13 20 26 43 60 70 80
0 13 20 26 57 60 64 80
0 13 20 27 30 43 47 80
0 13 20 27 30 50 64 77
0 13 20 27 30 64 70 80
0 13 20 27 43 60 77 80
0 13 20 30 40 43 50 57
0 13 20 30 40 43 77 80
0 13 20 30 57 64 77 80
0 13 20 40 47 50 60 64
0 13 20 43 50 57 60 70
0 13 20 47 60 64 70 80
0 13 23 26 30 37 64 74
0 13 23 26 33 43 47 54
0 13 23 26 33 53 60 64
0 13 23 26 37 43 53 60
0 13 23 26 43 60 67 74
0 13 23 26 54 60 64 74
0 13 23 30 33 43 47 74
0 13 23 30 33 53 64 77
0 13 23 30 33 64 67 74
0 13 23 30 37 43 53 54
0 13 23 30 37 43 74 77
0 13 23 30 54 64 74 77
0 13 23 33 43 60 74 77
0 13 23 37 47 53 60 64
0 13 23 43 53 54 60 67
0 13 23 47 60 64 67 74
0 13 26 27 37 43 57 77
0 13 26 30 37 47 53 67
0 13 26 30 40 47 50 70
0 13 26 30 50 64 70 80
0 13 26 30 53 64 67 74
0 13 26 33 40 43 54 77
0 13 26 37 57 60 67 77
0 13 26 40 54 60 70 77
0 13 27 40 43 50 60 80
0 13 27 47 50 57 64 77
0 13 30 43 47 50 57 80
0 13 30 43 47 53 54 74
0 13 30 43 50 70 77 80
0 13 30 43 53 67 74 77
0 13 33 37 43 53 60 74
0 13 33 47 53 54 64 77
0 13 37 47 60 67 74 77
0 13 37 53 54 60 64 74
0 13 40 47 60 70 77 80
0 13 40 50 57 60 64 80
0 13 43 50 57 60 77 80
0 13 43 53 54 60 74 77
0 14 17 19 25 33 49 71
0 14 17 19 25 33 52 65
0 14 17 19 30 52 54 71
0 14 17 19 30 57 65 76
0 14 17 19 33 41 52 73
0 14 17 19 38 49 57 73
0 14 17 25 27 49 60 65
0 14 17 25 27 57 71 73
0 14 17 25 33 38 49 76
0 14 17 25 41 52 57 76
0 14 17 27 33 38 49 73
0 14 17 30 33 41 52 76
0 14 17 33 49 60 71 73
0 14 17 33 52 54 65 76
0 14 17 49 52 57 65 76
0 14 17 49 52 57 71 73
0 14 19 22 30 38 52 54
0 14 19 22 30 46 57 71
0 14 19 22 33 44 71 79
0 14 19 22 38 44 46 57
0 14 19 22 38 57 68 79
0 14 19 22 54 57 71 79
0 14 19 25 27 38 52 60
0 14 19 25 27 49 57 71
0 14 19 25 33 41 71 73
0 14 19 25 38 41 49 57
0 14 19 25 38 57 65 73
0 14 19 25 57 60 71 73
0 14 19 27 38 44 60 76
0 14 19 30 38 41 54 76
0 14 19 33 41 49 52 65
0 14 19 33 44 46 52 68
0 14 19 33 46 68 71 79
0 14 19 33 49 65 71 73
0 14 19 41 54 57 65 76
0 14 19 44 57 60 68 76
0 14 22 30 33 38 52 79
0 14 22 30 33 46 71 76
0 14 22 30 33 68 71 79
0 14 22 30 38 57 76 79
0 14 22 33 38 44 46 54
0 14 22 33 38 44 76 79
0 14 22 33 54 71 76 79
0 14 22 38 46 54 57 68
0 14 22 44 46 52 57 71
0 14 22 52 57 68 71 79
0 14 25 27 33 38 52 73
0 14 25 27 33 49 71 76
0 14 25 27 33 65 71 73
0 14 25 27 38 57 73 76
0 14 25 33 38 41 49 60
0 14 25 33 38 41 73 76
0 14 25 33 60 71 73 76
0 14 25 38 49 57 60 65
0 14 25 41 49 52 57 71
0 14 25 52 57 65 71 73
0 14 27 38 41 49 57 73
0 14 27 49 52 60 71 76
0 14 30 38 44 46 57 79
0 14 30 46 52 54 71 76
0 14 33 38 46 52 54 79
0 14 33 38 46 68 76 79
0 14 33 38 49 52 60 73
0 14 33 38 49 65 73 76
0 14 38 46 54 57 76 79
0 14 38 49 57 60 73 76
0 14 41 49 57 60 71 73
0 14 41 52 57 65 73 76
0 14 44 46 54 57 71 79
0 14 44 52 57 68 76 79
0 15 18 21 27 36 69 72
0 15 18 21 30 42 48 57
0 15 18 21 30 45 54 69
0 15 18 21 36 42 45 54
0 15 18 21 42 54 63 72
0 15 18 21 54 57 69 72
0 15 18 27 30 42 48 72
0 15 18 27 30 45 69 75
0 15 18 27 30 63 69 72
0 15 18 27 36 42 45 57
0 15 18 27 36 42 72 75
0 15 18 27 57 69 72 75
0 15 18 30 42 54 72 75
0 15 18 36 45 48 54 69
0 15 18 42 45 54 57 63
0 15 18 48 54 63 69 72
0 15 21 24 27 39 69 78
0 15 21 24 33 42 48 60
0 15 21 24 33 51 54 69
0 15 21 24 39 42 51 54
0 15 21 24 42 54 66 78
0 15 21 24 54 60 69 78
0 15 21 27 36 45 48 63
0 15 21 27 39 48 51 66
0 15 21 27 45 63 69 72
0 15 21 27 51 66 69 78
0 15 21 30 39 42 57 75
0 15 21 33 36 42 60 75
0 15 21 36 54 60 63 75
0 15 21 39 54 57 66 75
0 15 24 27 33 42 48 78
0 15 24 27 33 51 69 75
0 15 24 27 33 66 69 78
0 15 24 27 39 42 51 60
0 15 24 27 39 42 75 78
0 15 24 27 60 69 75 78
0 15 24 33 42 54 75 78
0 15 24 39 48 51 54 69
0 15 24 42 51 54 60 66
0 15 24 48 54 66 69 78
0 15 27 42 45 48 57 72
0 15 27 42 45 63 72 75
0 15 27 42 48 51 60 78
0 15 27 42 51 66 75 78
0 15 30 36 42 45 54 72
0 15 30 45 48 57 69 75
0 15 33 39 42 51 54 78
0 15 33 48 51 60 69 75
0 15 36 45 54 57 69 72
0 15 36 48 54 63 72 75
0 15 39 48 54 66 75 78
0 15 39 51 54 60 69 78
0 15 42 45 54 57 72 75
0 15 42 51 54 60 75 78
0 16 20 23 30 40 67 80
0 16 20 23 33 37 53 54
0 16 20 23 33 50 60 67
0 16 20 23 37 40 50 60
0 16 20 23 37 60 70 80
0 16 20 23 54 60 67 80
0 16 20 30 33 37 53 80
0 16 20 30 33 50 67 74
0 16 20 30 33 67 70 80
0 16 20 30 37 40 50 54
0 16 20 30 37 40 74 80
0 16 20 30 54 67 74 80
0 16 20 33 37 60 74 80
0 16 20 37 50 54 60 70
0 16 20 40 50 53 60 67
0 16 20 53 60 67 70 80
0 16 23 26 27 37 53 57
0 16 23 26 27 47 60 67
0 16 23 26 30 43 67 77
0 16 23 26 37 43 47 60
0 16 23 26 37 60 64 77
0 16 23 26 57 60 67 77
0 16 23 27 37 40 57 74
0 16 23 30 40 50 53 70
0 16 23 30 43 47 53 64
0 16 23 30 47 64 67 77
0 16 23 30 50 67 70 80
0 16 23 33 37 43 54 74
0 16 23 40 57 60 70 74
0 16 23 43 54 60 64 74
0 16 26 27 30 37 53 77
0 16 26 27 30 47 67 74
0 16 26 27 30 64 67 77
0 16 26 27 37 60 74 77
0 16 26 30 37 43 47 57
0 16 26 30 37 43 74 77
0 16 26 30 57 67 74 77
0 16 26 37 47 57 60 64
0 16 26 43 47 53 60 67
0 16 26 53 60 64 67 77
0 16 27 37 43 47 60 77
0 16 27 47 53 57 67 74
0 16 30 37 47 53 57 77
0 16 30 37 47 64 74 77
0 16 30 37 50 53 54 80
0 16 30 37 50 70 74 80
0 16 33 37 40 50 60 80
0 16 33 50 53 54 67 74
0 16 37 47 57 60 74 77
0 16 37 50 54 60 74 80
0 16 40 50 54 60 67 80
0 16 40 53 60 70 74 80
0 16 43 47 57 60 67 77
0 16 43 53 60 64 74 77
0 17 19 25 30 41 49 54
0 17 19 25 30 52 57 65
0 17 19 25 33 38 65 76
0 17 19 25 38 41 52 57
0 17 19 25 41 57 71 76
0 17 19 25 54 57 65 76
0 17 19 30 33 41 49 76
0 17 19 30 33 52 65 73
0 17 19 30 33 65 71 76
0 17 19 30 41 57 73 76
0 17 19 33 38 41 52 54
0 17 19 33 38 41 73 76
0 17 19 33 54 65 73 76
0 17 19 38 49 52 57 65
0 17 19 41 52 54 57 71
0 17 19 49 57 65 71 76
0 17 22 25 27 41 49 60
0 17 22 25 27 46 57 65
0 17 22 25 33 44 65 79
0 17 22 25 41 44 46 57
0 17 22 25 41 57 68 79
0 17 22 25 57 60 65 79
0 17 22 27 33 41 49 79
0 17 22 27 33 46 65 73
0 17 22 27 33 65 68 79
0 17 22 27 41 57 73 79
0 17 22 33 41 44 46 60
0 17 22 33 41 44 73 79
0 17 22 33 60 65 73 79
0 17 22 41 46 57 60 68
0 17 22 44 46 49 57 65
0 17 22 49 57 65 68 79
0 17 25 27 38 41 60 73
0 17 25 30 41 44 54 73
0 17 25 33 38 49 52 71
0 17 25 33 44 46 49 68
0 17 25 33 46 65 68 79
0 17 25 33 52 65 71 76
0 17 25 38 57 60 71 73
0 17 25 44 54 57 68 73
0 17 27 41 44 46 57 79
0 17 27 46 49 60 65 73
0 17 30 38 41 52 57 76
0 17 30 49 52 54 65 73
0 17 33 41 46 49 60 79
0 17 33 41 46 68 73 79
0 17 33 41 49 52 54 76
0 17 33 41 52 71 73 76
0 17 38 49 57 71 73 76
0 17 38 52 54 57 65 76
0 17 41 46 57 60 73 79
0 17 41 52 54 57 73 76
0 17 44 46 57 60 65 79
0 17 44 49 57 68 73 79
0 18 21 27 36 48 60 63
0 18 21 27 42 45 57 69
0 18 24 27 36 51 57 63
0 18 24 27 39 45 60 66
0 18 27 30 36 42 45 69
0 18 27 30 36 51 63 78
0 18 27 33 36 39 45 66
0 18 27 33 36 48 63 75
0 18 27 36 39 51 66 72
0 18 27 36 42 48 69 72
0 18 27 39 60 63 66 72
0 18 27 42 57 63 69 72
0 18 30 36 57 63 72 78
0 18 30 42 45 54 63 69
0 18 33 36 60 63 72 75
0 18 33 39 45 54 63 66
0 18 36 39 45 54 66 78
0 18 36 42 45 54 69 75
0 18 39 45 51 54 60 66
0 18 39 54 63 66 72 78
0 18 42 45 48 54 57 69
0 18 42 54 63 69 72 75
0 19 22 33 38 46 54 71
0 19 22 33 44 52 60 68
0 19 25 33 38 49 60 71
0 19 25 33 41 52 54 65
0 19 27 33 38 44 52 68
0 19 27 33 38 49 71 73
0 19 27 38 60 71 73 76
0 19 27 44 52 57 68 71
0 19 30 33 38 41 52 65
0 19 30 33 38 46 71 79
0 19 30 38 54 71 76 79
0 19 30 41 52 57 65 71
0 19 33 38 41 49 65 76
0 19 33 38 44 46 68 76
0 19 33 41 54 65 71 76
0 19 33 44 60 68 71 76
0 19 38 41 52 57 65 73
0 19 38 44 52 57 68 79
0 19 41 49 52 54 57 65
0 19 41 57 65 71 73 76
0 19 44 46 52 57 60 68
0 19 44 57 68 71 76 79
0 20 23 30 37 50 54 67
0 20 23 30 40 53 57 70
0 20 26 30 40 47 54 70
0 20 26 30 43 50 57 64
0 20 27 30 40 43 50 64
0 20 27 30 40 53 70 74
0 20 27 40 57 70 74 80
0 20 27 43 50 60 64 70
0 20 30 33 37 40 50 67
0 20 30 33 40 47 70 77
0 20 30 37 40 53 67 80
0 20 30 37 54 67 70 80
0 20 30 40 43 47 64 80
0 20 30 43 57 64 70 80
0 20 33 37 50 60 67 70
0 20 33 40 54 70 77 80
0 20 37 40 50 60 67 74
0 20 37 50 53 54 60 67
0 20 37 60 67 70 74 80
0 20 40 43 50 60 64 77
0 20 43 47 50 57 60 64
0 20 43 60 64 70 77 80
0 21 24 27 39 48 57 66
0 21 24 27 42 51 60 69
0 21 27 30 39 42 48 66
0 21 27 30 42 45 69 72
0 21 27 33 36 42 48 63
0 21 27 33 42 51 69 78
0 21 27 36 42 45 63 75
0 21 27 36 60 63 69 75
0 21 27 39 42 51 66 75
0 21 27 39 57 66 69 75
0 21 30 39 48 54 66 69
0 21 30 42 57 69 72 75
0 21 33 36 48 54 63 69
0 21 33 42 60 69 75 78
0 21 36 42 48 54 63 72
0 21 36 45 48 54 60 63
0 21 36 54 63 69 72 75
0 21 39 42 48 54 66 78
0 21 39 48 51 54 57 66
0 21 39 54 66 69 75 78
0 22 25 33 41 46 60 65
0 22 25 33 44 49 54 68
0 22 27 33 41 44 46 65
0 22 27 33 44 52 68 76
0 22 27 41 46 57 65 68
0 22 27 44 60 68 76 79
0 22 30 33 38 44 46 71
0 22 30 33 44 49 68 73
0 22 30 38 46 57 68 71
0 22 30 44 54 68 73 79
0 22 33 38 44 52 71 79
0 22 33 38 54 68 71 79
0 22 33 41 44 49 65 79
0 22 33 41 60 65 68 79
0 22 38 44 46 57 71 76
0 22 38 46 52 54 57 71
0 22 38 57 68 71 76 79
0 22 41 44 46 57 65 73
0 22 41 46 49 57 60 65
0 22 41 57 65 68 73 79
0 23 26 30 37 47 57 67
0 23 26 30 43 53 54 64
0 23 27 30 37 40 53 70
0 23 27 30 37 47 67 77
0 23 27 37 57 67 74 77
0 23 27 40 53 60 67 70
0 23 30 33 37 43 53 64
0 23 30 33 37 50 67 80
0 23 30 37 40 50 70 74
0 23 30 37 43 47 64 74
0 23 30 40 57 67 70 74
0 23 30 43 54 64 67 74
0 23 33 37 54 67 74 80
0 23 33 43 53 60 64 67
0 23 37 40 53 60 70 80
0 23 37 43 53 60 64 77
0 23 40 50 53 57 60 70
0 23 40 60 67 70 74 80
0 23 43 47 53 54 60 64
0 23 43 60 64 67 74 77
0 24 27 30 36 39 51 63
0 24 27 30 39 48 66 75
0 24 27 33 39 42 51 69
0 24 27 33 39 45 66 72
0 24 27 36 39 45 63 78
0 24 27 36 57 63 66 78
0 24 27 39 42 48 69 78
0 24 27 42 60 66 69 78
0 24 30 36 51 54 63 66
0 24 30 39 57 66 75 78
0 24 33 39 60 66 72 78
0 24 33 42 51 54 66 69
0 24 36 39 51 54 63 72
0 24 36 45 51 54 57 63
0 24 36 54 63 66 72 78
0 24 39 42 51 54 69 75
0 24 42 48 51 54 60 69
0 24 42 54 66 69 75 78
0 25 27 33 38 41 49 71
0 25 27 33 41 46 65 79
0 25 27 38 49 57 65 71
0 25 27 41 60 65 73 79
0 25 30 33 41 44 49 68
0 25 30 33 41 52 65 76
0 25 30 41 54 65 73 76
0 25 30 44 49 57 65 68
0 25 33 38 41 52 71 73
0 25 33 38 60 65 71 73
0 25 33 41 44 46 68 73
0 25 33 44 54 65 68 73
0 25 38 41 49 57 71 76
0 25 38 49 52 57 60 71
0 25 38 57 65 71 73 76
0 25 41 44 49 57 68 79
0 25 44 46 49 54 57 68
0 25 44 57 65 68 73 79
0 26 27 30 37 43 47 67
0 26 27 30 43 50 64 80
0 26 27 37 47 60 64 67
0 26 27 43 57 64 77 80
0 26 30 33 40 43 47 70
0 26 30 33 43 53 64 74
0 26 30 37 43 53 67 77
0 26 30 37 57 64 67 77
0 26 30 40 43 50 70 77
0 26 30 40 54 64 70 77
0 26 33 40 47 60 64 70
0 26 33 43 54 64 74 77
0 26 37 43 47 60 67 74
0 26 37 47 53 57 60 67
0 26 37 60 64 67 74 77
0 26 40 43 47 60 70 80
0 26 40 47 50 54 60 70
0 26 40 60 64 70 77 80
0 27 28 29 33 34 59 62
0 27 28 29 33 35 55 58
0 27 28 30 31 32 56 59
0 27 28 30 32 35 58 61
0 27 28 30 34 35 59 62
0 27 28 31 33 35 56 59
0 27 29 30 31 32 55 61
0 27 29 30 31 34 56 62
0 27 29 30 34 35 55 58
0 27 29 32 33 34 55 61
0 27 31 32 33 34 56 62
0 27 31 32 33 35 58 61
0 27 36 45 48 63 69 75
0 27 36 45 51 63 66 78
0 27 37 47 53 60 67 77
0 27 37 53 57 67 70 74
0 27 38 49 52 57 71 73
0 27 38 52 60 68 71 76
0 27 39 45 51 63 66 72
0 27 39 48 51 66 69 75
0 27 40 50 53 60 70 74
0 27 40 50 57 64 70 80
0 27 41 46 49 57 65 79
0 27 41 49 60 65 71 73
0 27 42 45 48 63 69 72
0 27 42 48 51 66 69 78
0 27 43 47 50 60 64 80
0 27 43 47 57 64 67 77
0 27 44 46 52 57 68 76
0 27 44 46 60 65 68 79
0 28 29 30 31 33 56 59
0 28 29 30 32 33 55 61
0 28 30 32 33 34 59 62
0 28 31 54 55 56 60 62
0 28 31 54 56 57 61 62
0 28 31 56 57 58 60 62
0 28 34 54 56 57 58 59
0 28 34 54 56 59 60 61
0 28 34 55 56 57 59 60
0 29 30 31 33 35 55 58
0 29 32 54 55 57 58 59
0 29 32 54 55 58 60 62
0 29 32 55 56 57 58 60
0 29 35 54 56 57 58 61
0 29 35 54 58 59 60 61
0 29 35 57 58 60 61 62
0 30 31 33 34 35 56 62
0 30 32 33 34 35 58 61
0 30 36 45 51 54 63 78
0 30 36 45 57 63 69 72
0 30 37 47 53 64 67 77
0 30 37 50 53 67 70 80
0 30 38 46 52 57 71 79
0 30 38 52 54 65 71 76
0 30 39 48 51 54 66 75
0 30 39 51 57 63 66 78
0 30 40 47 50 64 70 77
0 30 40 50 53 67 70 74
0 30 41 49 52 57 65 76
0 30 41 49 54 65 68 73
0 30 42 45 48 54 69 72
0 30 42 48 57 66 69 75
0 30 43 47 50 64 70 80
0 30 43 47 53 64 67 74
0 30 44 46 49 57 68 73
0 30 44 46 54 68 71 79
0 31 34 54 55 57 59 62
0 31 34 54 58 59 60 62
0 31 34 57 59 60 61 62
0 32 35 54 55 56 60 61
0 32 35 54 55 57 61 62
0 32 35 55 57 59 60 61
0 33 36 45 48 54 63 75
0 33 36 45 60 63 66 72
0 33 37 50 53 60 67 80
0 33 37 53 54 64 67 74
0 33 38 46 52 68 71 79
0 33 38 49 52 65 71 73
0 33 39 45 51 54 66 72
0 33 39 51 60 66 69 78
0 33 40 47 50 60 70 77
0 33 40 50 54 67 70 80
0 33 41 46 49 65 68 79
0 33 41 49 52 65 71 76
0 33 42 48 51 54 69 78
0 33 42 48 60 63 69 75
0 33 43 47 53 60 64 74
0 33 43 47 54 64 70 77
0 33 44 46 49 65 68 73
0 33 44 46 52 68 71 76
1 2 3 4 6 27 56 59
1 2 3 4 6 29 32 54
1 2 3 4 6 29 35 57
1 2 3 4 6 30 56 62
1 2 3 4 6 32 35 60
1 2 3 4 6 33 59 62
1 2 3 4 8 27 30 59
1 2 3 4 8 27 33 62
1 2 3 4 8 29 57 60
1 2 3 4 8 30 33 56
1 2 3 4 8 32 54 57
1 2 3 4 8 35 54 60
1 2 3 5 6 27 55 61
1 2 3 5 6 28 31 60
1 2 3 5 6 28 34 54
1 2 3 5 6 30 58 61
1 2 3 5 6 31 34 57
1 2 3 5 6 33 55 58
1 2 3 5 7 27 30 62
1 2 3 5 7 27 33 56
1 2 3 5 7 29 54 60
1 2 3 5 7 30 33 59
1 2 3 5 7 32 57 60
1 2 3 5 7 35 54 57
1 2 3 6 8 28 31 59
1 2 3 6 8 28 34 62
1 2 3 6 8 29 58 61
1 2 3 6 8 31 34 56
1 2 3 6 8 32 55 58
1 2 3 6 8 35 55 61
1 2 3 7 8 27 30 61
1 2 3 7 8 27 33 55
1 2 3 7 8 28 54 60
1 2 3 7 8 30 33 58
1 2 3 7 8 31 57 60
1 2 3 7 8 34 54 57
1 2 4 5 6 27 30 58
1 2 4 5 6 27 33 61
1 2 4 5 6 28 57 60
1 2 4 5 6 30 33 55
1 2 4 5 6 31 54 57
1 2 4 5 6 34 54 60
1 2 4 5 27 30 55 62
1 2 4 5 27 33 56 58
1 2 4 5 28 35 54 57
1 2 4 5 29 31 54 60
1 2 4 5 30 33 59 61
1 2 4 5 32 34 57 60
1 2 4 8 27 30 58 62
1 2 4 8 27 33 56 61
1 2 4 8 28 32 57 60
1 2 4 8 29 34 54 60
1 2 4 8 30 33 55 59
1 2 4 8 31 35 54 57
1 2 5 7 27 30 55 56
1 2 5 7 27 33 58 59
1 2 5 7 28 29 54 57
1 2 5 7 30 33 61 62
1 2 5 7 31 32 54 60
1 2 5 7 34 35 57 60
1 2 6 7 8 27 30 62
1 2 6 7 8 27 33 56
1 2 6 7 8 29 54 60
1 2 6 7 8 30 33 59
1 2 6 7 8 32 57 60
1 2 6 7 8 35 54 57
1 2 7 8 27 30 56 58
1 2 7 8 27 33 59 61
1 2 7 8 28 35 57 60
1 2 7 8 29 31 54 57
1 2 7 8 30 33 55 62
1 2 7 8 32 34 54 60
1 2 27 30 55 56 59 61
1 2 27 33 55 58 59 62
1 2 28 29 32 34 54 57
1 2 28 31 32 35 54 60
1 2 29 31 34 35 57 60
1 2 30 33 56 58 61 62
1 3 4 5 6 28 56 62
1 3 4 5 6 29 32 61
1 3 4 5 6 29 35 55
1 3 4 5 6 31 59 62
1 3 4 5 6 32 35 58
1 3 4 5 6 34 56 59
1 3 4 5 8 27 30 55
1 3 4 5 8 27 33 58
1 3 4 5 8 28 54 57
1 3 4 5 8 30 33 61
1 3 4 5 8 31 54 60
1 3 4 5 8 34 57 60
1 3 4 6 27 31 56 62
1 3 4 6 28 33 56 59
1 3 4 6 29 32 55 60
1 3 4 6 29 35 54 58
1 3 4 6 30 34 59 62
1 3 4 6 32 35 57 61
1 3 5 6 7 27 59 62
1 3 5 6 7 29 32 57
1 3 5 6 7 29 35 60
1 3 5 6 7 30 56 59
1 3 5 6 7 32 35 54
1 3 5 6 7 33 56 62
1 3 6 7 8 28 56 62
1 3 6 7 8 29 32 61
1 3 6 7 8 29 35 55
1 3 6 7 8 31 59 62
1 3 6 7 8 32 35 58
1 3 6 7 8 34 56 59
1 3 6 7 27 28 56 59
1 3 6 7 29 32 54 55
1 3 6 7 29 35 57 58
1 3 6 7 30 31 56 62
1 3 6 7 32 35 60 61
1 3 6 7 33 34 59 62
1 3 27 28 30 31 59 62
1 3 27 28 33 34 56 62
1 3 29 32 57 58 60 61
1 3 29 35 54 55 60 61
1 3 30 31 33 34 56 59
1 3 32 35 54 55 57 58
1 4 5 6 8 27 30 59
1 4 5 6 8 27 33 62
1 4 5 6 8 29 57 60
1 4 5 6 8 30 33 56
1 4 5 6 8 32 54 57
1 4 5 6 8 35 54 60
1 4 5 8 27 30 61 62
1 4 5 8 27 33 55 56
1 4 5 8 28 29 54 60
1 4 5 8 30 33 58 59
1 4 5 8 31 32 57 60
1 4 5 8 34 35 54 57
1 4 9 12 23 36 61 80
1 4 9 12 23 42 58 80
1 4 9 15 26 39 58 74
1 4 9 15 26 42 61 74
1 4 9 23 34 36 47 66
1 4 9 23 34 42 47 50
1 4 9 23 34 42 69 80
1 4 9 23 42 47 58 74
1 4 9 23 47 58 66 69
1 4 9 23 50 61 66 74
1 4 9 26 28 39 50 66
1 4 9 26 28 42 47 50
1 4 9 26 28 42 63 74
1 4 9 26 42 50 61 80
1 4 9 26 47 58 66 80
1 4 9 26 50 61 63 66
1 4 9 28 36 47 69 80
1 4 9 28 50 66 74 80
1 4 9 34 39 50 63 74
1 4 9 34 47 66 74 80
1 4 10 13 25 37 55 79
1 4 10 13 25 40 58 79
1 4 10 16 19 37 58 73
1 4 10 16 19 43 55 73
1 4 10 19 31 37 46 52
1 4 10 19 31 37 70 73
1 4 10 19 31 43 46 64
1 4 10 19 37 46 58 79
1 4 10 19 46 58 64 70
1 4 10 19 52 55 64 79
1 4 10 25 28 37 46 52
1 4 10 25 28 37 67 79
1 4 10 25 28 40 52 64
1 4 10 25 37 52 55 73
1 4 10 25 46 58 64 73
1 4 10 25 52 55 64 67
1 4 10 28 43 46 70 73
1 4 10 28 52 64 73 79
1 4 10 31 40 52 67 79
1 4 10 31 46 64 73 79
1 4 11 14 18 41 61 78
1 4 11 14 18 44 55 78
1 4 11 17 21 38 61 72
1 4 11 17 21 41 55 72
1 4 11 18 31 41 48 51
1 4 11 18 31 41 65 78
1 4 11 18 31 44 48 71
1 4 11 18 41 48 61 72
1 4 11 18 48 61 65 71
1 4 11 18 51 55 71 72
1 4 11 21 34 38 51 71
1 4 11 21 34 41 48 51
1 4 11 21 34 41 68 72
1 4 11 21 41 51 55 78
1 4 11 21 48 61 71 78
1 4 11 21 51 55 68 71
1 4 11 31 38 51 68 72
1 4 11 31 48 71 72 78
1 4 11 34 44 48 65 78
1 4 11 34 51 71 72 78
1 4 12 15 20 36 58 77
1 4 12 15 20 39 61 77
1 4 12 20 34 36 47 53
1 4 12 20 34 36 63 77
1 4 12 20 34 39 53 69
1 4 12 20 36 53 58 80
1 4 12 20 47 61 69 80
1 4 12 20 53 58 63 69
1 4 12 23 28 36 47 53
1 4 12 23 28 36 66 80
1 4 12 23 28 42 47 69
1 4 12 23 36 47 61 77
1 4 12 23 47 61 66 69
1 4 12 23 53 58 69 77
1 4 12 28 39 53 63 77
1 4 12 28 47 69 77 80
1 4 12 34 42 47 66 80
1 4 12 34 53 69 77 80
1 4 13 16 22 40 55 76
1 4 13 16 22 43 58 76
1 4 13 22 28 40 49 52
1 4 13 22 28 40 70 76
1 4 13 22 28 43 49 67
1 4 13 22 40 49 55 79
1 4 13 22 49 55 67 70
1 4 13 22 52 58 67 79
1 4 13 25 31 37 52 67
1 4 13 25 31 40 49 52
1 4 13 25 31 40 64 79
1 4 13 25 40 52 58 76
1 4 13 25 49 55 67 76
1 4 13 25 52 58 64 67
1 4 13 28 37 52 64 79
1 4 13 28 49 67 76 79
1 4 13 31 43 49 70 76
1 4 13 31 52 67 76 79
1 4 14 17 24 38 55 75
1 4 14 17 24 44 61 75
1 4 14 18 34 41 48 65
1 4 14 18 34 44 45 48
1 4 14 18 34 44 71 78
1 4 14 18 44 48 55 75
1 4 14 18 45 61 65 75
1 4 14 18 48 55 65 71
1 4 14 24 31 38 45 65
1 4 14 24 31 44 45 48
1 4 14 24 31 44 68 75
1 4 14 24 44 45 61 78
1 4 14 24 45 61 65 68
1 4 14 24 48 55 65 78
1 4 14 31 41 48 71 78
1 4 14 31 45 65 75 78
1 4 14 34 38 45 68 75
1 4 14 34 48 65 75 78
1 4 15 20 28 36 53 63
1 4 15 20 28 39 50 53
1 4 15 20 28 39 69 77
1 4 15 20 39 53 61 74
1 4 15 20 50 58 63 74
1 4 15 20 53 61 63 69
1 4 15 26 34 39 50 53
1 4 15 26 34 39 66 74
1 4 15 26 34 42 50 63
1 4 15 26 39 50 58 77
1 4 15 26 50 58 63 66
1 4 15 26 53 61 63 77
1 4 15 28 42 50 66 74
1 4 15 28 53 63 74 77
1 4 15 34 36 53 69 77
1 4 15 34 50 63 74 77
1 4 16 19 28 37 46 70
1 4 16 19 28 43 46 49
1 4 16 19 28 43 64 73
1 4 16 19 43 46 55 76
1 4 16 19 46 55 64 70
1 4 16 19 49 58 70 76
1 4 16 22 31 40 49 70
1 4 16 22 31 43 46 49
1 4 16 22 31 43 67 76
1 4 16 22 43 49 58 73
1 4 16 22 46 55 70 73
1 4 16 22 49 58 67 70
1 4 16 28 40 49 67 76
1 4 16 28 46 70 73 76
1 4 16 31 37 46 64 73
1 4 16 31 49 70 73 76
1 4 17 21 31 38 45 51
1 4 17 21 31 38 71 72
1 4 17 21 31 41 51 68
1 4 17 21 38 51 61 75
1 4 17 21 45 55 68 75
1 4 17 21 51 61 68 71
1 4 17 24 34 38 45 51
1 4 17 24 34 38 65 75
1 4 17 24 34 44 45 68
1 4 17 24 38 45 55 72
1 4 17 24 45 55 65 68
1 4 17 24 51 61 68 72
1 4 17 31 44 45 65 75
1 4 17 31 51 68 72 75
1 4 17 34 41 51 71 72
1 4 17 34 45 68 72 75
1 4 18 21 31 41 71 78
1 4 18 21 34 41 71 72
1 4 18 24 31 44 65 75
1 4 18 24 34 44 65 78
1 4 18 41 51 61 71 78
1 4 18 44 45 55 65 78
1 4 19 22 28 43 70 73
1 4 19 22 31 43 70 76
1 4 19 25 28 37 64 79
1 4 19 25 31 37 64 73
1 4 19 37 52 58 64 73
1 4 19 43 49 55 70 73
1 4 20 23 28 36 69 80
1 4 20 23 34 36 69 77
1 4 20 26 28 39 63 77
1 4 20 26 34 39 63 74
1 4 20 36 47 58 69 77
1 4 20 39 50 61 63 77
1 4 21 24 31 38 68 72
1 4 21 24 34 38 68 75
1 4 21 38 45 61 68 72
1 4 21 41 48 55 71 72
1 4 22 25 28 40 67 76
1 4 22 25 31 40 67 79
1 4 22 40 52 55 67 76
1 4 22 43 46 58 70 76
1 4 23 26 28 42 66 74
1 4 23 26 34 42 66 80
1 4 23 36 53 61 69 80
1 4 23 42 50 58 66 80
1 4 24 38 51 55 68 75
1 4 24 44 48 61 65 75
1 4 25 37 46 55 64 79
1 4 25 40 49 58 67 79
1 4 26 39 53 58 63 74
1 4 26 42 47 61 66 74
1 4 27 28 29 30 32 62
1 4 27 28 29 33 35 54
1 4 27 28 30 32 35 57
1 4 27 28 32 33 35 56
1 4 27 29 30 31 32 60
1 4 27 29 30 31 35 62
1 4 27 29 30 32 54 59
1 4 27 29 30 34 35 54
1 4 27 29 30 35 57 59
1 4 27 29 31 32 33 56
1 4 27 29 32 33 34 60
1 4 27 29 32 33 54 62
1 4 27 29 33 34 35 56
1 4 27 29 33 35 57 62
1 4 27 29 56 57 59 60
1 4 27 30 32 34 35 62
1 4 27 30 32 35 59 60
1 4 27 31 32 33 35 57
1 4 27 32 33 35 60 62
1 4 27 32 54 56 57 59
1 4 27 35 54 56 59 60
1 4 27 54 55 56 60 62
1 4 27 54 56 57 61 62
1 4 27 56 57 58 60 62
1 4 28 29 30 32 33 60
1 4 28 29 30 33 35 59
1 4 29 30 31 33 35 54
1 4 29 30 32 33 34 59
1 4 29 30 32 33 54 56
1 4 29 30 33 35 56 57
1 4 29 30 56 57 60 62
1 4 29 33 57 59 60 62
1 4 29 54 55 59 60 62
1 4 29 54 56 58 59 60
1 4 29 54 56 60 61 62
1 4 30 31 32 33 35 59
1 4 30 32 33 34 35 57
1 4 30 32 33 35 56 60
1 4 30 32 54 56 57 62
1 4 30 35 54 56 60 62
1 4 30 54 55 57 59 62
1 4 30 54 58 59 60 62
1 4 30 57 59 60 61 62
1 4 32 33 54 57 59 62
1 4 32 55 56 57 60 62
1 4 32 56 57 59 60 61
1 4 32 57 58 59 60 62
1 4 33 35 54 59 60 62
1 4 33 54 56 57 58 59
1 4 33 54 56 59 60 61
1 4 33 55 56 57 59 60
1 4 35 54 55 56 57 59
1 4 35 54 56 57 58 62
1 4 35 54 57 59 61 62
1 4 36 39 53 58 69 77
1 4 36 39 53 61 63 77
1 4 36 42 47 58 66 80
1 4 36 42 47 61 69 80
1 4 37 40 52 55 64 79
1 4 37 40 52 58 67 79
1 4 37 43 46 55 70 73
1 4 37 43 46 58 64 73
1 4 38 41 51 55 71 72
1 4 38 41 51 61 68 72
1 4 38 44 45 55 68 75
1 4 38 44 45 61 65 75
1 4 39 42 50 58 63 74
1 4 39 42 50 61 66 74
1 4 40 43 49 55 67 76
1 4 40 43 49 58 70 76
1 4 41 44 48 55 65 78
1 4 41 44 48 61 71 78
1 5 6 7 8 27 30 55
1 5 6 7 8 27 33 58
1 5 6 7 8 28 54 57
1 5 6 7 8 30 33 61
1 5 6 7 8 31 54 60
1 5 6 7 8 34 57 60
1 5 7 8 27 30 56 61
1 5 7 8 27 33 55 59
1 5 7 8 28 32 54 60
1 5 7 8 29 34 54 57
1 5 7 8 30 33 58 62
1 5 7 8 31 35 57 60
1 5 27 30 56 58 59 61
1 5 27 33 55 59 61 62
1 5 28 29 31 35 57 60
1 5 28 32 34 35 54 60
1 5 29 31 32 34 54 57
1 5 30 33 55 56 58 62
1 6 27 28 30 34 59 62
1 6 27 31 33 34 56 62
1 6 28 30 31 33 56 59
1 6 29 32 55 57 58 60
1 6 29 35 54 58 60 61
1 6 32 35 54 55 57 61
1 7 9 12 26 36 58 74
1 7 9 12 26 42 55 74
1 7 9 15 20 39 55 77
1 7 9 15 20 42 58 77
1 7 9 20 34 39 53 66
1 7 9 20 34 42 50 53
1 7 9 20 34 42 63 77
1 7 9 20 42 53 58 74
1 7 9 20 50 55 66 74
1 7 9 20 53 58 63 66
1 7 9 26 31 36 50 66
1 7 9 26 31 42 50 53
1 7 9 26 31 42 69 74
1 7 9 26 42 50 55 77
1 7 9 26 50 55 66 69
1 7 9 26 53 58 66 77
1 7 9 31 39 53 63 77
1 7 9 31 50 66 74 77
1 7 9 34 36 50 69 74
1 7 9 34 53 66 74 77
1 7 10 13 19 37 61 73
1 7 10 13 19 40 55 73
1 7 10 16 22 37 55 76
1 7 10 16 22 43 61 76
1 7 10 19 34 37 46 49
1 7 10 19 34 37 67 73
1 7 10 19 34 40 46 64
1 7 10 19 37 46 61 76
1 7 10 19 46 61 64 67
1 7 10 19 49 55 64 76
1 7 10 22 28 37 46 49
1 7 10 22 28 37 70 76
1 7 10 22 28 43 49 64
1 7 10 22 37 49 55 73
1 7 10 22 46 61 64 73
1 7 10 22 49 55 64 70
1 7 10 28 40 46 67 73
1 7 10 28 49 64 73 76
1 7 10 34 43 49 70 76
1 7 10 34 46 64 73 76
1 7 11 14 21 41 58 72
1 7 11 14 21 44 61 72
1 7 11 17 24 38 58 75
1 7 11 17 24 41 61 75
1 7 11 21 28 41 45 51
1 7 11 21 28 41 65 72
1 7 11 21 28 44 51 71
1 7 11 21 41 51 58 75
1 7 11 21 45 61 71 75
1 7 11 21 51 58 65 71
1 7 11 24 31 38 45 71
1 7 11 24 31 41 45 51
1 7 11 24 31 41 68 75
1 7 11 24 41 45 61 72
1 7 11 24 45 61 68 71
1 7 11 24 51 58 71 72
1 7 11 28 38 45 68 75
1 7 11 28 51 71 72 75
1 7 11 31 44 51 65 72
1 7 11 31 45 71 72 75
1 7 12 15 23 36 55 80
1 7 12 15 23 39 58 80
1 7 12 23 31 36 47 50
1 7 12 23 31 36 63 80
1 7 12 23 31 39 47 69
1 7 12 23 36 47 55 74
1 7 12 23 47 55 63 69
1 7 12 23 50 58 69 74
1 7 12 26 34 36 47 50
1 7 12 26 34 36 66 74
1 7 12 26 34 42 50 69
1 7 12 26 36 50 58 80
1 7 12 26 47 55 69 80
1 7 12 26 50 58 66 69
1 7 12 31 42 50 66 74
1 7 12 31 47 69 74 80
1 7 12 34 39 47 63 80
1 7 12 34 50 69 74 80
1 7 13 16 25 40 61 79
1 7 13 16 25 43 55 79
1 7 13 19 28 37 46 67
1 7 13 19 28 40 46 52
1 7 13 19 28 40 64 73
1 7 13 19 40 46 55 79
1 7 13 19 46 55 64 67
1 7 13 19 52 61 67 79
1 7 13 25 34 40 46 52
1 7 13 25 34 40 70 79
1 7 13 25 34 43 52 67
1 7 13 25 40 52 61 73
1 7 13 25 46 55 67 73
1 7 13 25 52 61 67 70
1 7 13 28 43 52 70 79
1 7 13 28 46 67 73 79
1 7 13 34 37 46 64 73
1 7 13 34 52 67 73 79
1 7 14 17 18 38 61 78
1 7 14 17 18 44 58 78
1 7 14 18 28 38 48 65
1 7 14 18 28 44 48 51
1 7 14 18 28 44 68 78
1 7 14 18 44 48 58 72
1 7 14 18 48 58 65 68
1 7 14 18 51 61 65 72
1 7 14 21 31 41 51 65
1 7 14 21 31 44 48 51
1 7 14 21 31 44 71 72
1 7 14 21 44 51 61 78
1 7 14 21 48 58 65 78
1 7 14 21 51 61 65 71
1 7 14 28 41 51 71 72
1 7 14 28 48 65 72 78
1 7 14 31 38 48 68 78
1 7 14 31 51 65 72 78
1 7 15 20 31 39 47 53
1 7 15 20 31 39 66 77
1 7 15 20 31 42 53 63
1 7 15 20 39 53 55 80
1 7 15 20 47 58 63 80
1 7 15 20 53 55 63 66
1 7 15 23 34 36 47 63
1 7 15 23 34 39 47 53
1 7 15 23 34 39 69 80
1 7 15 23 39 47 58 77
1 7 15 23 47 58 63 69
1 7 15 23 53 55 63 77
1 7 15 31 36 47 69 80
1 7 15 31 53 63 77 80
1 7 15 34 42 53 66 77
1 7 15 34 47 63 77 80
1 7 16 22 34 37 49 70
1 7 16 22 34 43 49 52
1 7 16 22 34 43 64 76
1 7 16 22 43 49 61 79
1 7 16 22 49 61 64 70
1 7 16 22 52 55 70 79
1 7 16 25 28 40 52 70
1 7 16 25 28 43 49 52
1 7 16 25 28 43 67 79
1 7 16 25 43 52 55 76
1 7 16 25 49 61 70 76
1 7 16 25 52 55 67 70
1 7 16 28 37 49 64 76
1 7 16 28 52 70 76 79
1 7 16 34 40 52 67 79
1 7 16 34 49 70 76 79
1 7 17 18 31 38 45 48
1 7 17 18 31 38 65 78
1 7 17 18 31 44 48 68
1 7 17 18 38 48 61 75
1 7 17 18 45 58 68 75
1 7 17 18 48 61 65 68
1 7 17 24 28 38 45 48
1 7 17 24 28 38 71 75
1 7 17 24 28 41 45 68
1 7 17 24 38 45 58 78
1 7 17 24 45 58 68 71
1 7 17 24 48 61 68 78
1 7 17 28 44 48 65 78
1 7 17 28 45 68 75 78
1 7 17 31 41 45 71 75
1 7 17 31 48 68 75 78
1 7 18 21 28 44 65 78
1 7 18 21 31 44 65 72
1 7 18 24 28 38 68 75
1 7 18 24 31 38 68 78
1 7 18 38 45 61 68 78
1 7 18 44 51 58 65 78
1 7 19 22 28 37 64 76
1 7 19 22 34 37 64 73
1 7 19 25 28 40 67 73
1 7 19 25 34 40 67 79
1 7 19 37 49 61 64 73
1 7 19 40 52 55 67 73
1 7 20 23 31 39 63 77
1 7 20 23 34 39 63 80
1 7 20 26 31 42 66 74
1 7 20 26 34 42 66 77
1 7 20 39 47 55 63 77
1 7 20 42 50 58 66 77
1 7 21 24 28 41 71 72
1 7 21 24 31 41 71 75
1 7 21 41 45 58 71 72
1 7 21 44 48 61 65 72
1 7 22 25 28 43 70 79
1 7 22 25 34 43 70 76
1 7 22 37 46 55 64 76
1 7 22 43 52 61 70 76
1 7 23 26 31 36 69 80
1 7 23 26 34 36 69 74
1 7 23 36 50 55 69 80
1 7 23 39 53 58 63 80
1 7 24 38 48 58 68 75
1 7 24 41 51 61 71 75
1 7 25 40 46 61 67 79
1 7 25 43 49 55 70 79
1 7 26 36 47 58 69 74
1 7 26 42 53 55 66 74
1 7 27 28 29 30 32 56
1 7 27 28 29 33 35 57
1 7 27 28 30 32 35 60
1 7 27 28 32 33 35 59
1 7 27 29 30 31 32 54
1 7 27 29 30 31 35 56
1 7 27 29 30 32 57 62
1 7 27 29 30 34 35 57
1 7 27 29 30 35 60 62
1 7 27 29 31 32 33 59
1 7 27 29 32 33 34 54
1 7 27 29 32 33 56 57
1 7 27 29 33 34 35 59
1 7 27 29 33 35 56 60
1 7 27 29 54 59 60 62
1 7 27 30 32 34 35 56
1 7 27 30 32 35 54 62
1 7 27 31 32 33 35 60
1 7 27 32 33 35 54 56
1 7 27 32 57 59 60 62
1 7 27 35 54 57 59 62
1 7 27 54 56 57 58 59
1 7 27 54 56 59 60 61
1 7 27 55 56 57 59 60
1 7 28 29 30 32 33 54
1 7 28 29 30 33 35 62
1 7 29 30 31 33 35 57
1 7 29 30 32 33 34 62
1 7 29 30 32 33 57 59
1 7 29 30 33 35 59 60
1 7 29 30 54 56 59 60
1 7 29 33 54 56 60 62
1 7 29 54 55 56 57 59
1 7 29 54 56 57 58 62
1 7 29 54 57 59 61 62
1 7 30 31 32 33 35 62
1 7 30 32 33 34 35 60
1 7 30 32 33 35 54 59
1 7 30 32 56 57 59 60
1 7 30 35 54 56 57 59
1 7 30 54 55 56 60 62
1 7 30 54 56 57 61 62
1 7 30 56 57 58 60 62
1 7 32 33 56 57 60 62
1 7 32 54 55 59 60 62
1 7 32 54 56 58 59 60
1 7 32 54 56 60 61 62
1 7 33 35 54 56 57 62
1 7 33 54 55 57 59 62
1 7 33 54 58 59 60 62
1 7 33 57 59 60 61 62
1 7 35 55 56 57 60 62
1 7 35 56 57 59 60 61
1 7 35 57 58 59 60 62
1 7 36 39 47 55 69 80
1 7 36 39 47 58 63 80
1 7 36 42 50 55 66 74
1 7 36 42 50 58 69 74
1 7 37 40 46 55 67 73
1 7 37 40 46 61 64 73
1 7 37 43 49 55 64 76
1 7 37 43 49 61 70 76
1 7 38 41 45 58 68 75
1 7 38 41 45 61 71 75
1 7 38 44 48 58 65 78
1 7 38 44 48 61 68 78
1 7 39 42 53 55 63 77
1 7 39 42 53 58 66 77
1 7 40 43 52 55 70 79
1 7 40 43 52 61 67 79
1 7 41 44 51 58 71 72
1 7 41 44 51 61 65 72
1 8 27 30 55 56 58 59
1 8 27 33 58 59 61 62
1 8 28 29 31 32 54 57
1 8 28 29 34 35 57 60
1 8 30 33 55 56 61 62
1 8 31 32 34 35 54 60
1 9 12 23 26 34 47 66
1 9 12 23 26 34 50 69
1 9 12 23 28 47 61 69
1 9 12 23 28 58 66 80
1 9 12 23 34 42 47 74
1 9 12 23 36 50 58 74
1 9 12 26 31 50 55 66
1 9 12 26 31 58 69 74
1 9 12 26 34 36 50 80
1 9 12 26 42 47 58 80
1 9 12 28 34 42 47 80
1 9 12 31 34 36 50 74
1 9 12 34 47 61 66 80
1 9 12 34 50 55 69 74
1 9 12 47 50 58 66 80
1 9 12 47 50 58 69 74
1 9 15 20 26 34 50 63
1 9 15 20 26 34 53 66
1 9 15 20 31 53 55 63
1 9 15 20 31 58 66 77
1 9 15 20 34 42 53 74
1 9 15 20 39 50 58 74
1 9 15 26 28 50 61 66
1 9 15 26 28 58 63 74
1 9 15 26 34 39 50 77
1 9 15 26 42 53 58 77
1 9 15 28 34 39 50 74
1 9 15 31 34 42 53 77
1 9 15 34 50 61 63 74
1 9 15 34 53 55 66 77
1 9 15 50 53 58 63 74
1 9 15 50 53 58 66 77
1 9 20 26 31 42 50 55
1 9 20 26 31 53 58 66
1 9 20 26 34 39 66 77
1 9 20 26 39 42 53 58
1 9 20 26 42 58 63 77
1 9 20 26 55 58 66 77
1 9 20 31 34 42 50 77
1 9 20 31 34 53 66 74
1 9 20 31 34 63 66 77
1 9 20 31 42 58 74 77
1 9 20 34 39 42 53 55
1 9 20 34 39 42 74 77
1 9 20 34 55 66 74 77
1 9 20 39 50 53 58 66
1 9 20 42 53 55 58 63
1 9 20 50 58 63 66 77
1 9 23 26 28 42 50 61
1 9 23 26 28 47 58 66
1 9 23 26 34 36 66 80
1 9 23 26 36 42 47 58
1 9 23 26 42 58 69 80
1 9 23 26 58 61 66 80
1 9 23 28 34 42 50 80
1 9 23 28 34 47 66 74
1 9 23 28 34 66 69 80
1 9 23 28 42 58 74 80
1 9 23 34 36 42 47 61
1 9 23 34 36 42 74 80
1 9 23 34 61 66 74 80
1 9 23 36 47 50 58 66
1 9 23 42 47 58 61 69
1 9 23 50 58 66 69 80
1 9 26 28 39 42 61 74
1 9 26 31 36 42 55 74
1 9 26 34 36 47 50 69
1 9 26 34 39 50 53 63
1 9 26 34 47 66 69 80
1 9 26 34 53 63 66 77
1 9 26 36 55 58 69 74
1 9 26 39 58 61 63 74
1 9 28 36 42 47 58 80
1 9 28 47 50 61 66 74
1 9 31 39 42 53 58 77
1 9 31 50 53 55 66 74
1 9 34 42 47 50 61 80
1 9 34 42 47 69 74 80
1 9 34 42 50 53 55 77
1 9 34 42 53 63 74 77
1 9 36 47 58 61 66 80
1 9 36 50 58 69 74 80
1 9 39 50 58 63 74 77
1 9 39 53 55 58 66 77
1 9 42 47 58 61 74 80
1 9 42 53 55 58 74 77
1 10 13 19 25 28 46 67
1 10 13 19 25 28 52 64
1 10 13 19 28 40 46 79
1 10 13 19 34 46 61 64
1 10 13 19 34 55 67 73
1 10 13 19 37 52 55 79
1 10 13 25 28 37 52 73
1 10 13 25 31 52 58 67
1 10 13 25 31 55 64 79
1 10 13 25 40 46 55 73
1 10 13 28 31 37 52 79
1 10 13 28 34 40 46 73
1 10 13 28 46 61 67 73
1 10 13 28 52 58 64 79
1 10 13 46 52 55 64 79
1 10 13 46 52 55 67 73
1 10 16 19 22 28 46 70
1 10 16 19 22 28 49 64
1 10 16 19 28 43 46 76
1 10 16 19 31 46 58 64
1 10 16 19 31 55 70 73
1 10 16 19 37 49 55 76
1 10 16 22 28 37 49 73
1 10 16 22 34 49 61 70
1 10 16 22 34 55 64 76
1 10 16 22 43 46 55 73
1 10 16 28 31 43 46 73
1 10 16 28 34 37 49 76
1 10 16 28 46 58 70 73
1 10 16 28 49 61 64 76
1 10 16 46 49 55 64 76
1 10 16 46 49 55 70 73
1 10 19 22 28 43 64 76
1 10 19 22 34 37 46 61
1 10 19 22 34 49 55 64
1 10 19 22 37 43 49 55
1 10 19 22 37 55 70 76
1 10 19 22 55 61 64 76
1 10 19 25 28 40 64 79
1 10 19 25 31 37 46 58
1 10 19 25 31 52 55 64
1 10 19 25 37 40 52 55
1 10 19 25 37 55 67 79
1 10 19 25 55 58 64 79
1 10 19 28 40 46 52 67
1 10 19 28 43 46 49 70
1 10 19 28 49 64 70 76
1 10 19 28 52 64 67 79
1 10 19 31 37 43 58 73
1 10 19 34 37 40 61 73
1 10 19 40 55 61 67 73
1 10 19 43 55 58 70 73
1 10 22 28 34 37 46 76
1 10 22 28 34 49 64 73
1 10 22 28 34 64 70 76
1 10 22 28 37 43 49 61
1 10 22 28 37 43 73 76
1 10 22 28 61 64 73 76
1 10 22 34 37 55 73 76
1 10 22 37 49 55 61 70
1 10 22 43 46 49 55 64
1 10 22 46 55 64 70 76
1 10 25 28 31 37 46 79
1 10 25 28 31 52 64 73
1 10 25 28 31 64 67 79
1 10 25 28 37 40 52 58
1 10 25 28 37 40 73 79
1 10 25 28 58 64 73 79
1 10 25 31 37 55 73 79
1 10 25 37 52 55 58 67
1 10 25 40 46 52 55 64
1 10 25 46 55 64 67 79
1 10 28 37 46 49 61 76
1 10 28 37 46 52 58 79
1 10 28 37 49 70 73 76
1 10 28 37 52 67 73 79
1 10 31 37 40 52 55 79
1 10 31 46 52 58 64 73
1 10 34 37 43 49 55 76
1 10 34 46 49 61 64 73
1 10 37 49 55 61 73 76
1 10 37 52 55 58 73 79
1 10 40 46 55 67 73 79
1 10 40 52 55 58 64 79
1 10 43 46 55 70 73 76
1 10 43 49 55 61 64 76
1 11 14 18 21 31 48 71
1 11 14 18 21 31 51 65
1 11 14 18 31 41 48 72
1 11 14 18 34 48 55 65
1 11 14 18 34 61 71 78
1 11 14 18 44 51 61 72
1 11 14 21 28 51 58 71
1 11 14 21 28 61 65 72
1 11 14 21 31 44 51 78
1 11 14 21 41 48 61 78
1 11 14 28 31 44 51 72
1 11 14 31 34 41 48 78
1 11 14 31 48 55 71 78
1 11 14 31 51 58 65 72
1 11 14 48 51 61 65 72
1 11 14 48 51 61 71 78
1 11 17 21 24 31 45 71
1 11 17 21 24 31 51 68
1 11 17 21 31 38 51 75
1 11 17 21 34 51 55 71
1 11 17 21 34 61 68 72
1 11 17 21 41 45 61 75
1 11 17 24 28 45 58 68
1 11 17 24 28 61 71 75
1 11 17 24 31 41 45 72
1 11 17 24 38 51 61 72
1 11 17 28 31 41 45 75
1 11 17 31 34 38 51 72
1 11 17 31 45 58 71 75
1 11 17 31 51 55 68 72
1 11 17 45 51 61 68 72
1 11 17 45 51 61 71 75
1 11 18 21 31 44 71 78
1 11 18 21 34 41 51 55
1 11 18 21 34 48 61 71
1 11 18 21 41 44 48 61
1 11 18 21 41 61 65 78
1 11 18 21 55 61 71 78
1 11 18 31 34 41 51 78
1 11 18 31 34 48 71 72
1 11 18 31 34 65 71 78
1 11 18 31 41 44 48 55
1 11 18 31 41 44 72 78
1 11 18 31 55 71 72 78
1 11 18 34 41 61 72 78
1 11 18 41 48 55 61 65
1 11 18 44 48 51 61 71
1 11 18 51 61 65 71 78
1 11 21 24 28 41 51 58
1 11 21 24 28 45 61 71
1 11 21 24 31 38 71 75
1 11 21 24 38 41 45 61
1 11 21 24 41 61 68 75
1 11 21 24 58 61 71 75
1 11 21 28 41 44 58 72
1 11 21 31 38 45 51 68
1 11 21 31 44 48 51 65
1 11 21 31 45 68 71 75
1 11 21 31 48 65 71 78
1 11 21 34 38 41 55 72
1 11 21 38 55 61 68 72
1 11 21 44 58 61 65 72
1 11 24 28 31 41 51 75
1 11 24 28 31 45 71 72
1 11 24 28 31 68 71 75
1 11 24 28 41 61 72 75
1 11 24 31 38 41 45 58
1 11 24 31 38 41 72 75
1 11 24 31 58 71 72 75
1 11 24 38 45 51 61 71
1 11 24 41 45 58 61 68
1 11 24 51 61 68 71 75
1 11 28 38 41 45 61 75
1 11 28 45 51 58 71 72
1 11 31 41 45 51 58 75
1 11 31 41 45 68 72 75
1 11 31 41 48 51 55 78
1 11 31 41 48 65 72 78
1 11 34 41 44 48 61 78
1 11 34 48 51 55 71 72
1 11 38 45 58 61 71 75
1 11 38 51 61 68 72 75
1 11 41 45 58 61 72 75
1 11 41 48 55 61 72 78
1 11 44 48 55 61 71 78
1 11 44 51 61 65 72 78
1 12 15 20 23 34 47 63
1 12 15 20 23 34 53 69
1 12 15 20 28 53 61 63
1 12 15 20 28 58 69 77
1 12 15 20 34 36 53 80
1 12 15 20 39 47 58 80
1 12 15 23 31 47 55 69
1 12 15 23 31 58 63 80
1 12 15 23 34 39 47 77
1 12 15 23 36 53 58 77
1 12 15 28 34 36 53 77
1 12 15 31 34 39 47 80
1 12 15 34 47 55 63 80
1 12 15 34 53 61 69 77
1 12 15 47 53 58 63 80
1 12 15 47 53 58 69 77
1 12 20 23 28 36 47 61
1 12 20 23 28 53 58 69
1 12 20 23 34 39 69 77
1 12 20 23 36 39 53 58
1 12 20 23 36 58 63 77
1 12 20 23 58 61 69 77
1 12 20 28 34 36 47 77
1 12 20 28 34 53 69 80
1 12 20 28 34 63 69 77
1 12 20 28 36 58 77 80
1 12 20 34 36 39 53 61
1 12 20 34 36 39 77 80
1 12 20 34 61 69 77 80
1 12 20 36 53 58 61 63
1 12 20 39 47 53 58 69
1 12 20 47 58 63 69 77
1 12 23 26 31 36 47 55
1 12 23 26 31 50 58 69
1 12 23 26 34 42 69 74
1 12 23 26 36 42 50 58
1 12 23 26 36 58 66 74
1 12 23 26 55 58 69 74
1 12 23 28 36 42 61 80
1 12 23 31 36 39 55 80
1 12 23 34 39 47 53 63
1 12 23 34 42 47 50 66
1 12 23 34 50 66 69 74
1 12 23 34 53 63 69 77
1 12 23 39 55 58 63 80
1 12 23 42 58 61 66 80
1 12 26 31 34 36 47 74
1 12 26 31 34 50 69 80
1 12 26 31 34 66 69 74
1 12 26 31 36 58 74 80
1 12 26 34 36 42 50 55
1 12 26 34 36 42 74 80
1 12 26 34 55 69 74 80
1 12 26 36 50 55 58 66
1 12 26 42 47 50 58 69
1 12 26 47 58 66 69 74
1 12 28 36 39 53 58 77
1 12 28 47 53 61 69 80
1 12 31 36 42 50 58 74
1 12 31 47 50 55 69 80
1 12 34 36 47 50 55 74
1 12 34 36 47 53 61 77
1 12 34 36 50 66 74 80
1 12 34 36 53 63 77 80
1 12 36 50 55 58 74 80
1 12 36 53 58 61 77 80
1 12 39 47 58 63 77 80
1 12 39 53 58 61 69 77
1 12 42 47 58 66 74 80
1 12 42 50 55 58 69 74
1 13 16 22 25 28 49 67
1 13 16 22 25 28 52 70
1 13 16 22 28 40 49 79
1 13 16 22 31 49 58 70
1 13 16 22 31 55 67 76
1 13 16 22 43 52 55 79
1 13 16 25 28 43 52 76
1 13 16 25 34 52 61 67
1 13 16 25 34 55 70 79
1 13 16 25 40 49 55 76
1 13 16 28 31 40 49 76
1 13 16 28 34 43 52 79
1 13 16 28 49 58 67 76
1 13 16 28 52 61 70 79
1 13 16 49 52 55 67 76
1 13 16 49 52 55 70 79
1 13 19 25 28 37 67 73
1 13 19 25 34 40 52 61
1 13 19 25 34 46 55 67
1 13 19 25 37 40 46 55
1 13 19 25 40 55 64 73
1 13 19 25 55 61 67 73
1 13 19 28 34 40 52 73
1 13 19 28 34 46 67 79
1 13 19 28 34 64 67 73
1 13 19 28 37 40 46 61
1 13 19 28 37 40 73 79
1 13 19 28 61 67 73 79
1 13 19 34 40 55 73 79
1 13 19 37 46 52 55 67
1 13 19 40 46 55 61 64
1 13 19 52 55 64 67 73
1 13 22 25 28 43 67 76
1 13 22 25 31 40 52 58
1 13 22 25 31 49 55 67
1 13 22 25 40 43 49 55
1 13 22 25 40 55 70 76
1 13 22 25 55 58 67 76
1 13 22 28 31 40 52 76
1 13 22 28 31 49 67 79
1 13 22 28 31 67 70 76
1 13 22 28 40 43 49 58
1 13 22 28 40 43 76 79
1 13 22 28 58 67 76 79
1 13 22 31 40 55 76 79
1 13 22 40 49 55 58 70
1 13 22 43 49 52 55 67
1 13 22 52 55 67 70 76
1 13 25 28 37 46 52 64
1 13 25 28 43 49 52 70
1 13 25 28 46 64 67 73
1 13 25 28 49 67 70 76
1 13 25 31 37 40 58 79
1 13 25 34 40 43 61 79
1 13 25 37 55 58 64 79
1 13 25 43 55 61 70 79
1 13 28 40 46 52 61 73
1 13 28 40 46 64 73 79
1 13 28 40 49 52 58 76
1 13 28 40 49 70 76 79
1 13 31 40 43 49 55 76
1 13 31 49 52 58 67 79
1 13 34 37 40 46 55 73
1 13 34 46 52 61 67 79
1 13 37 46 55 61 67 73
1 13 37 52 55 64 73 79
1 13 40 46 55 61 73 79
1 13 40 49 55 58 76 79
1 13 43 49 55 58 67 76
1 13 43 52 55 70 76 79
1 14 17 18 24 31 45 65
1 14 17 18 24 31 48 68
1 14 17 18 28 48 58 65
1 14 17 18 28 61 68 78
1 14 17 18 31 38 48 75
1 14 17 18 44 45 61 75
1 14 17 24 31 44 45 78
1 14 17 24 34 45 55 68
1 14 17 24 34 61 65 75
1 14 17 24 38 48 61 78
1 14 17 28 31 38 48 78
1 14 17 31 34 44 45 75
1 14 17 31 45 55 65 75
1 14 17 31 48 58 68 78
1 14 17 45 48 61 65 75
1 14 17 45 48 61 68 78
1 14 18 21 28 44 48 58
1 14 18 21 28 51 61 65
1 14 18 21 31 41 65 72
1 14 18 21 41 44 51 61
1 14 18 21 44 61 71 72
1 14 18 21 58 61 65 72
1 14 18 24 31 38 65 75
1 14 18 24 34 44 48 55
1 14 18 24 34 45 61 65
1 14 18 24 38 44 45 61
1 14 18 24 44 61 68 75
1 14 18 24 55 61 65 75
1 14 18 28 38 44 58 78
1 14 18 31 38 45 48 68
1 14 18 31 41 48 51 71
1 14 18 31 45 65 68 75
1 14 18 31 51 65 71 72
1 14 18 34 41 44 55 78
1 14 18 38 58 61 68 78
1 14 18 41 55 61 71 78
1 14 21 28 31 44 48 72
1 14 21 28 31 51 65 78
1 14 21 28 31 65 71 72
1 14 21 28 44 61 72 78
1 14 21 31 41 44 51 58
1 14 21 31 41 44 72 78
1 14 21 31 58 65 72 78
1 14 21 41 48 51 61 65
1 14 21 44 51 58 61 71
1 14 21 48 61 65 71 72
1 14 24 31 34 44 48 75
1 14 24 31 34 45 65 78
1 14 24 31 34 65 68 75
1 14 24 31 38 44 45 55
1 14 24 31 38 44 75 78
1 14 24 31 55 65 75 78
1 14 24 34 44 61 75 78
1 14 24 38 45 48 61 65
1 14 24 44 45 55 61 68
1 14 24 48 61 65 68 75
1 14 28 41 44 51 61 72
1 14 28 48 51 58 65 78
1 14 31 44 45 48 55 75
1 14 31 44 45 68 75 78
1 14 31 44 48 51 58 72
1 14 31 44 51 71 72 78
1 14 34 38 44 45 61 75
1 14 34 45 48 55 65 78
1 14 38 45 55 61 65 75
1 14 38 48 61 68 75 78
1 14 41 48 61 71 72 78
1 14 41 51 58 61 65 72
1 14 44 45 55 61 75 78
1 14 44 51 58 61 72 78
1 15 20 23 31 39 53 55
1 15 20 23 31 47 58 63
1 15 20 23 34 36 63 80
1 15 20 23 36 39 47 58
1 15 20 23 39 58 69 80
1 15 20 23 55 58 63 80
1 15 20 26 28 39 53 61
1 15 20 26 28 50 58 63
1 15 20 26 34 42 63 74
1 15 20 26 39 42 50 58
1 15 20 26 39 58 66 74
1 15 20 26 58 61 63 74
1 15 20 28 36 39 61 77
1 15 20 31 39 42 55 77
1 15 20 34 36 47 53 69
1 15 20 34 42 50 53 66
1 15 20 34 47 63 69 80
1 15 20 34 50 63 66 74
1 15 20 36 58 61 69 77
1 15 20 42 55 58 66 77
1 15 23 31 34 39 53 80
1 15 23 31 34 47 63 77
1 15 23 31 34 63 69 80
1 15 23 31 39 58 77 80
1 15 23 34 36 39 47 55
1 15 23 34 36 39 77 80
1 15 23 34 55 63 77 80
1 15 23 36 47 53 58 63
1 15 23 39 47 55 58 69
1 15 23 53 58 63 69 80
1 15 26 28 34 39 53 74
1 15 26 28 34 50 63 77
1 15 26 28 34 63 66 74
1 15 26 28 39 58 74 77
1 15 26 34 39 42 50 61
1 15 26 34 39 42 74 77
1 15 26 34 61 63 74 77
1 15 26 39 50 58 61 66
1 15 26 42 50 53 58 63
1 15 26 53 58 63 66 74
1 15 28 39 42 50 58 74
1 15 28 50 53 61 63 77
1 15 31 36 39 47 58 80
1 15 31 47 53 55 63 77
1 15 34 39 47 53 55 80
1 15 34 39 47 69 77 80
1 15 34 39 50 53 61 74
1 15 34 39 50 66 74 77
1 15 36 47 55 58 63 80
1 15 36 53 58 69 77 80
1 15 39 47 55 58 77 80
1 15 39 50 58 61 74 77
1 15 42 50 58 61 63 74
1 15 42 53 58 66 74 77
1 16 19 22 28 37 70 73
1 16 19 22 31 43 49 58
1 16 19 22 31 46 55 70
1 16 19 22 37 43 46 55
1 16 19 22 43 55 64 73
1 16 19 22 55 58 70 73
1 16 19 28 31 43 49 73
1 16 19 28 31 46 70 76
1 16 19 28 31 64 70 73
1 16 19 28 37 43 46 58
1 16 19 28 37 43 73 76
1 16 19 28 58 70 73 76
1 16 19 31 43 55 73 76
1 16 19 37 46 49 55 70
1 16 19 43 46 55 58 64
1 16 19 49 55 64 70 73
1 16 22 25 28 40 70 79
1 16 22 25 34 43 49 61
1 16 22 25 34 52 55 70
1 16 22 25 40 43 52 55
1 16 22 25 43 55 67 79
1 16 22 25 55 61 70 79
1 16 22 28 37 46 49 64
1 16 22 28 40 49 52 67
1 16 22 28 46 64 70 73
1 16 22 28 52 67 70 79
1 16 22 31 40 43 58 76
1 16 22 34 37 43 61 76
1 16 22 37 55 61 64 76
1 16 22 40 55 58 67 76
1 16 25 28 34 43 49 79
1 16 25 28 34 52 70 76
1 16 25 28 34 67 70 79
1 16 25 28 40 43 52 61
1 16 25 28 40 43 76 79
1 16 25 28 61 70 76 79
1 16 25 34 43 55 76 79
1 16 25 40 49 52 55 70
1 16 25 43 52 55 61 67
1 16 25 49 55 67 70 79
1 16 28 43 46 49 58 73
1 16 28 43 46 64 73 76
1 16 28 43 49 52 61 79
1 16 28 43 52 67 76 79
1 16 31 37 43 46 55 73
1 16 31 46 49 58 70 76
1 16 34 40 43 52 55 79
1 16 34 49 52 61 70 76
1 16 37 46 55 58 70 73
1 16 37 49 55 64 73 76
1 16 40 49 55 67 76 79
1 16 40 52 55 61 70 79
1 16 43 46 55 58 73 76
1 16 43 52 55 61 76 79
1 17 18 24 28 38 45 58
1 17 18 24 28 48 61 68
1 17 18 24 31 44 68 78
1 17 18 24 38 44 48 61
1 17 18 24 38 61 65 78
1 17 18 24 58 61 68 78
1 17 18 28 31 38 45 78
1 17 18 28 31 48 68 75
1 17 18 28 31 65 68 78
1 17 18 28 38 61 75 78
1 17 18 31 38 44 48 58
1 17 18 31 38 44 75 78
1 17 18 31 58 68 75 78
1 17 18 38 48 58 61 65
1 17 18 44 45 48 61 68
1 17 18 45 61 65 68 78
1 17 21 24 31 41 68 72
1 17 21 24 34 38 45 55
1 17 21 24 34 51 61 68
1 17 21 24 38 41 51 61
1 17 21 24 38 61 71 72
1 17 21 24 55 61 68 72
1 17 21 31 34 38 45 72
1 17 21 31 34 51 68 75
1 17 21 31 34 68 71 72
1 17 21 31 38 41 51 55
1 17 21 31 38 41 72 75
1 17 21 31 55 68 72 75
1 17 21 34 38 61 72 75
1 17 21 38 51 55 61 71
1 17 21 41 45 51 61 68
1 17 21 45 61 68 71 72
1 17 24 28 38 41 58 75
1 17 24 31 41 45 51 71
1 17 24 31 44 45 48 65
1 17 24 31 48 65 68 78
1 17 24 31 51 68 71 72
1 17 24 34 38 44 55 75
1 17 24 41 58 61 71 75
1 17 24 44 55 61 65 75
1 17 28 38 44 48 61 78
1 17 28 45 48 58 68 75
1 17 31 38 45 48 58 78
1 17 31 38 45 51 55 72
1 17 31 38 48 65 75 78
1 17 31 38 51 71 72 75
1 17 34 38 41 51 61 72
1 17 34 45 51 55 68 75
1 17 38 48 58 61 75 78
1 17 38 51 55 61 72 75
1 17 41 45 61 71 72 75
1 17 41 51 55 61 68 72
1 17 44 45 61 65 75 78
1 17 44 48 58 61 68 78
1 18 21 31 41 48 55 71
1 18 21 31 44 51 58 65
1 18 24 31 38 48 58 68
1 18 24 31 44 45 55 65
1 18 28 31 38 44 48 68
1 18 28 31 44 51 65 72
1 18 28 38 48 61 65 68
1 18 28 44 58 65 72 78
1 18 31 34 41 44 48 71
1 18 31 34 44 45 65 75
1 18 31 38 44 45 68 78
1 18 31 38 58 65 68 78
1 18 31 41 44 51 71 78
1 18 31 41 55 65 71 78
1 18 34 41 48 61 65 71
1 18 34 44 55 65 75 78
1 18 38 44 48 61 68 75
1 18 38 45 48 58 61 68
1 18 38 61 65 68 75 78
1 18 41 44 48 61 71 72
1 18 41 48 51 55 61 71
1 18 41 61 65 71 72 78
1 19 22 28 37 49 61 64
1 19 22 28 43 46 58 70
1 19 25 28 37 52 58 64
1 19 25 28 40 46 61 67
1 19 28 31 37 43 46 70
1 19 28 31 37 52 64 79
1 19 28 34 37 40 46 67
1 19 28 34 37 49 64 76
1 19 28 37 40 52 67 73
1 19 28 37 43 49 70 73
1 19 28 40 61 64 67 73
1 19 28 43 58 64 70 73
1 19 31 37 58 64 73 79
1 19 31 43 46 55 64 70
1 19 34 37 61 64 73 76
1 19 34 40 46 55 64 67
1 19 37 40 46 55 67 79
1 19 37 43 46 55 70 76
1 19 40 46 52 55 61 67
1 19 40 55 64 67 73 79
1 19 43 46 49 55 58 70
1 19 43 55 64 70 73 76
1 20 23 34 36 53 61 69
1 20 23 34 39 47 55 63
1 20 26 34 39 50 61 63
1 20 26 34 42 53 55 66
1 20 28 34 36 39 53 69
1 20 28 34 39 50 63 74
1 20 28 36 53 58 63 69
1 20 28 39 61 63 74 77
1 20 31 34 39 42 53 66
1 20 31 34 39 47 63 80
1 20 31 39 55 63 77 80
1 20 31 42 53 58 63 66
1 20 34 36 39 47 69 77
1 20 34 36 61 63 69 77
1 20 34 39 42 50 66 77
1 20 34 42 55 63 66 77
1 20 36 39 53 58 69 80
1 20 36 47 53 58 61 69
1 20 36 58 63 69 77 80
1 20 39 42 53 58 66 74
1 20 42 50 53 55 58 66
1 20 42 58 63 66 74 77
1 21 24 31 38 51 55 68
1 21 24 31 41 45 58 71
1 21 28 31 41 44 51 65
1 21 28 31 41 45 71 75
1 21 28 41 58 71 72 75
1 21 28 44 51 61 65 71
1 21 31 34 38 41 51 68
1 21 31 34 41 48 71 78
1 21 31 38 41 45 68 72
1 21 31 38 55 68 71 72
1 21 31 41 44 48 65 72
1 21 31 44 58 65 71 72
1 21 34 38 51 61 68 71
1 21 34 41 55 71 72 78
1 21 38 41 51 61 68 75
1 21 38 45 51 55 61 68
1 21 38 61 68 71 72 75
1 21 41 44 51 61 65 78
1 21 44 48 51 58 61 65
1 21 44 61 65 71 72 78
1 22 25 28 40 49 58 67
1 22 25 28 43 52 61 70
1 22 28 31 40 43 49 67
1 22 28 31 43 46 70 73
1 22 28 34 37 43 49 64
1 22 28 34 43 52 70 79
1 22 28 37 43 46 64 76
1 22 28 37 61 64 70 76
1 22 28 40 43 52 67 76
1 22 28 40 58 67 70 76
1 22 31 40 49 55 67 70
1 22 31 43 58 70 73 76
1 22 34 37 49 55 64 70
1 22 34 43 61 70 76 79
1 22 37 43 49 55 64 73
1 22 37 46 49 55 61 64
1 22 37 55 64 70 73 76
1 22 40 43 49 55 67 79
1 22 40 49 52 55 58 67
1 22 40 55 67 70 76 79
1 23 26 34 36 50 55 69
1 23 26 34 42 47 61 66
1 23 28 34 36 42 47 66
1 23 28 34 36 53 69 77
1 23 28 36 61 69 77 80
1 23 28 42 47 58 66 69
1 23 31 34 36 39 47 63
1 23 31 34 36 50 69 74
1 23 31 36 55 69 74 80
1 23 31 39 47 58 63 69
1 23 34 36 39 53 63 80
1 23 34 36 42 50 66 80
1 23 34 39 55 63 69 80
1 23 34 42 61 66 69 80
1 23 36 39 47 58 63 77
1 23 36 42 47 58 66 74
1 23 39 47 53 55 58 63
1 23 39 58 63 69 77 80
1 23 42 47 50 58 61 66
1 23 42 58 66 69 74 80
1 24 28 31 38 41 45 71
1 24 28 31 38 48 68 78
1 24 28 38 58 68 75 78
1 24 28 41 45 61 68 71
1 24 31 34 38 44 45 65
1 24 31 34 38 51 68 72
1 24 31 38 41 51 71 75
1 24 31 38 44 48 65 75
1 24 31 41 58 68 71 75
1 24 31 44 55 65 68 75
1 24 34 38 55 68 72 75
1 24 34 44 45 61 65 68
1 24 38 41 45 61 71 72
1 24 38 44 45 61 65 78
1 24 41 45 51 58 61 71
1 24 41 61 68 71 72 75
1 24 44 45 48 55 61 65
1 24 44 61 65 68 75 78
1 25 28 31 37 40 52 64
1 25 28 31 40 49 67 76
1 25 28 34 40 43 52 70
1 25 28 34 40 46 67 73
1 25 28 37 40 46 64 79
1 25 28 37 58 64 67 79
1 25 28 40 43 49 70 79
1 25 28 43 61 67 70 79
1 25 31 37 52 55 64 67
1 25 31 40 58 67 76 79
1 25 34 40 61 67 73 79
1 25 34 43 52 55 67 70
1 25 37 40 52 55 64 73
1 25 37 46 52 55 58 64
1 25 37 55 64 67 73 79
1 25 40 43 52 55 70 76
1 25 43 49 52 55 61 70
1 25 43 55 67 70 76 79
1 26 28 34 39 42 50 63
1 26 28 34 42 47 66 80
1 26 28 39 50 58 63 66
1 26 28 42 61 66 74 80
1 26 31 34 36 42 50 69
1 26 31 34 42 53 66 77
1 26 31 36 50 58 66 69
1 26 31 42 55 66 74 77
1 26 34 36 42 47 69 74
1 26 34 36 55 66 69 74
1 26 34 39 42 53 63 74
1 26 34 39 61 63 66 74
1 26 36 42 50 58 69 80
1 26 36 47 50 55 58 69
1 26 36 58 66 69 74 80
1 26 39 42 50 58 63 77
1 26 39 50 53 58 61 63
1 26 39 58 63 66 74 77
1 27 28 29 30 34 56 59
1 27 28 29 31 33 59 62
1 27 28 29 31 35 54 60
1 27 28 29 32 34 57 60
1 27 28 30 31 35 56 59
1 27 28 32 33 34 59 62
1 27 30 31 32 34 56 59
1 27 30 54 58 59 61 62
1 27 30 55 57 58 59 62
1 27 30 55 59 60 61 62
1 27 31 32 34 35 54 57
1 27 31 33 34 35 59 62
1 27 33 54 55 56 58 62
1 27 33 55 56 57 61 62
1 27 33 56 58 60 61 62
1 28 29 30 34 35 54 60
1 28 29 31 32 33 57 60
1 28 30 31 32 33 56 62
1 28 30 31 32 35 54 57
1 28 30 33 34 35 56 62
1 28 32 33 34 35 54 57
1 28 36 47 53 58 69 77
1 28 36 47 61 66 69 80
1 28 37 46 49 64 70 76
1 28 37 46 52 64 67 79
1 28 38 45 48 61 68 78
1 28 38 45 58 68 71 75
1 28 39 50 53 58 63 74
1 28 39 53 61 63 69 77
1 28 40 46 52 64 67 73
1 28 40 49 52 67 70 76
1 28 41 45 51 61 71 75
1 28 41 51 58 65 71 72
1 28 42 47 50 58 66 80
1 28 42 50 61 63 66 74
1 28 43 46 49 64 70 73
1 28 43 49 52 67 70 79
1 28 44 48 51 61 65 72
1 28 44 48 58 65 68 78
1 29 30 31 32 34 57 60
1 29 30 31 33 34 56 62
1 29 31 33 34 35 54 60
1 29 32 54 55 56 57 61
1 29 32 54 55 57 58 62
1 29 32 54 57 58 59 61
1 29 35 55 57 58 59 60
1 29 35 55 57 60 61 62
1 29 35 56 57 58 60 61
1 30 33 54 55 56 59 61
1 30 33 55 56 58 59 60
1 30 33 56 57 58 59 61
1 31 36 47 50 58 69 74
1 31 36 47 55 63 69 80
1 31 37 46 52 55 64 79
1 31 37 46 58 64 70 73
1 31 38 45 48 65 68 78
1 31 38 45 51 68 71 72
1 31 39 47 53 58 63 80
1 31 39 53 55 63 66 77
1 31 40 49 52 55 67 76
1 31 40 52 58 64 67 79
1 31 41 45 51 68 71 75
1 31 41 48 51 65 71 78
1 31 42 50 53 58 66 77
1 31 42 50 55 66 69 74
1 31 43 46 49 55 70 73
1 31 43 49 58 67 70 76
1 31 44 45 48 65 68 75
1 31 44 48 51 65 71 72
1 32 35 54 55 56 58 60
1 32 35 54 55 59 60 61
1 32 35 54 58 60 61 62
1 34 36 47 50 66 69 74
1 34 36 47 53 63 69 77
1 34 37 46 49 55 64 76
1 34 37 46 61 64 67 73
1 34 38 45 51 61 68 72
1 34 38 45 55 65 68 75
1 34 39 47 53 63 69 80
1 34 39 50 53 63 66 74
1 34 40 46 52 55 67 73
1 34 40 52 61 67 70 79
1 34 41 48 51 61 71 78
1 34 41 51 55 68 71 72
1 34 42 47 50 66 69 80
1 34 42 50 53 63 66 77
1 34 43 49 52 55 70 79
1 34 43 49 61 64 70 76
1 34 44 45 48 61 65 75
1 34 44 48 55 65 71 78
2 3 4 5 7 27 30 58
2 3 4 5 7 27 33 61
2 3 4 5 7 28 57 60
2 3 4 5 7 30 33 55
2 3 4 5 7 31 54 57
2 3 4 5 7 34 54 60
2 3 4 6 7 28 56 62
2 3 4 6 7 29 32 61
2 3 4 6 7 29 35 55
2 3 4 6 7 31 59 62
2 3 4 6 7 32 35 58
2 3 4 6 7 34 56 59
2 3 4 6 8 27 55 58
2 3 4 6 8 28 31 54
2 3 4 6 8 28 34 57
2 3 4 6 8 30 55 61
2 3 4 6 8 31 34 60
2 3 4 6 8 33 58 61
2 3 5 6 7 28 31 59
2 3 5 6 7 28 34 62
2 3 5 6 7 29 58 61
2 3 5 6 7 31 34 56
2 3 5 6 7 32 55 58
2 3 5 6 7 35 55 61
2 3 5 6 27 29 55 58
2 3 5 6 28 31 54 56
2 3 5 6 28 34 57 59
2 3 5 6 30 32 55 61
2 3 5 6 31 34 60 62
2 3 5 6 33 35 58 61
2 3 6 8 27 35 58 61
2 3 6 8 28 31 56 57
2 3 6 8 28 34 59 60
2 3 6 8 29 30 55 58
2 3 6 8 31 34 54 62
2 3 6 8 32 33 55 61
2 3 27 29 32 33 55 61
2 3 27 30 32 35 58 61
2 3 28 31 56 57 60 62
2 3 28 34 54 56 59 60
2 3 29 30 33 35 55 58
2 3 31 34 54 57 59 62
2 4 5 6 7 27 30 56
2 4 5 6 7 27 33 59
2 4 5 6 7 29 54 57
2 4 5 6 7 30 33 62
2 4 5 6 7 32 54 60
2 4 5 6 7 35 57 60
2 4 5 7 27 30 55 59
2 4 5 7 27 33 58 62
2 4 5 7 28 32 54 57
2 4 5 7 29 34 57 60
2 4 5 7 30 33 56 61
2 4 5 7 31 35 54 60
2 4 6 7 8 27 30 61
2 4 6 7 8 27 33 55
2 4 6 7 8 28 54 60
2 4 6 7 8 30 33 58
2 4 6 7 8 31 57 60
2 4 6 7 8 34 54 57
2 4 7 8 27 30 58 59
2 4 7 8 27 33 61 62
2 4 7 8 28 29 57 60
2 4 7 8 30 33 55 56
2 4 7 8 31 32 54 57
2 4 7 8 34 35 54 60
2 4 27 30 55 56 61 62
2 4 27 33 55 56 58 59
2 4 28 29 31 32 54 60
2 4 28 29 34 35 54 57
2 4 30 33 58 59 61 62
2 4 31 32 34 35 57 60
2 5 9 12 22 39 62 73
2 5 9 12 22 42 56 73
2 5 9 15 25 36 62 76
2 5 9 15 25 39 56 76
2 5 9 22 32 39 46 52
2 5 9 22 32 39 63 73
2 5 9 22 32 42 52 69
2 5 9 22 39 52 62 76
2 5 9 22 46 56 69 76
2 5 9 22 52 62 63 69
2 5 9 25 35 36 46 69
2 5 9 25 35 39 46 52
2 5 9 25 35 39 66 76
2 5 9 25 39 46 56 73
2 5 9 25 46 56 66 69
2 5 9 25 52 62 69 73
2 5 9 32 36 46 66 76
2 5 9 32 52 69 73 76
2 5 9 35 42 52 63 73
2 5 9 35 46 69 73 76
2 5 10 13 24 37 62 72
2 5 10 13 24 43 59 72
2 5 10 16 18 40 59 75
2 5 10 16 18 43 62 75
2 5 10 18 29 40 51 67
2 5 10 18 29 43 48 51
2 5 10 18 29 43 64 75
2 5 10 18 43 51 62 72
2 5 10 18 48 59 67 72
2 5 10 18 51 62 64 67
2 5 10 24 35 37 48 67
2 5 10 24 35 43 48 51
2 5 10 24 35 43 70 72
2 5 10 24 43 48 59 75
2 5 10 24 48 59 67 70
2 5 10 24 51 62 67 75
2 5 10 29 37 48 70 72
2 5 10 29 51 67 72 75
2 5 10 35 40 51 64 75
2 5 10 35 48 67 72 75
2 5 11 14 26 38 56 80
2 5 11 14 26 41 59 80
2 5 11 17 20 38 59 74
2 5 11 17 20 44 56 74
2 5 11 20 32 38 47 53
2 5 11 20 32 38 71 74
2 5 11 20 32 44 47 65
2 5 11 20 38 47 59 80
2 5 11 20 47 59 65 71
2 5 11 20 53 56 65 80
2 5 11 26 29 38 47 53
2 5 11 26 29 38 68 80
2 5 11 26 29 41 53 65
2 5 11 26 38 53 56 74
2 5 11 26 47 59 65 74
2 5 11 26 53 56 65 68
2 5 11 29 44 47 71 74
2 5 11 29 53 65 74 80
2 5 11 32 41 53 68 80
2 5 11 32 47 65 74 80
2 5 12 15 19 36 56 79
2 5 12 15 19 42 62 79
2 5 12 19 32 36 49 63
2 5 12 19 32 42 49 52
2 5 12 19 32 42 66 79
2 5 12 19 42 49 62 73
2 5 12 19 49 62 63 66
2 5 12 19 52 56 63 73
2 5 12 22 35 39 52 63
2 5 12 22 35 42 49 52
2 5 12 22 35 42 69 73
2 5 12 22 42 52 56 79
2 5 12 22 49 62 63 79
2 5 12 22 52 56 63 69
2 5 12 32 39 52 69 73
2 5 12 32 49 63 73 79
2 5 12 35 36 49 66 79
2 5 12 35 52 63 73 79
2 5 13 16 21 37 59 78
2 5 13 16 21 40 62 78
2 5 13 21 35 37 45 48
2 5 13 21 35 37 64 78
2 5 13 21 35 40 45 70
2 5 13 21 37 45 59 72
2 5 13 21 45 59 64 70
2 5 13 21 48 62 70 72
2 5 13 24 29 37 45 48
2 5 13 24 29 37 67 72
2 5 13 24 29 43 48 70
2 5 13 24 37 48 62 78
2 5 13 24 45 59 70 78
2 5 13 24 48 62 67 70
2 5 13 29 40 45 64 78
2 5 13 29 48 70 72 78
2 5 13 35 43 48 67 72
2 5 13 35 45 70 72 78
2 5 14 17 23 41 56 77
2 5 14 17 23 44 59 77
2 5 14 23 29 41 50 53
2 5 14 23 29 41 71 77
2 5 14 23 29 44 50 68
2 5 14 23 41 50 56 80
2 5 14 23 50 56 68 71
2 5 14 23 53 59 68 80
2 5 14 26 32 38 53 68
2 5 14 26 32 41 50 53
2 5 14 26 32 41 65 80
2 5 14 26 41 53 59 77
2 5 14 26 50 56 68 77
2 5 14 26 53 59 65 68
2 5 14 29 38 53 65 80
2 5 14 29 50 68 77 80
2 5 14 32 44 50 71 77
2 5 14 32 53 68 77 80
2 5 15 19 35 36 46 49
2 5 15 19 35 36 63 79
2 5 15 19 35 42 49 66
2 5 15 19 36 49 56 76
2 5 15 19 46 62 66 76
2 5 15 19 49 56 63 66
2 5 15 25 32 36 46 49
2 5 15 25 32 36 69 76
2 5 15 25 32 39 46 66
2 5 15 25 36 46 62 79
2 5 15 25 46 62 66 69
2 5 15 25 49 56 66 79
2 5 15 32 42 49 63 79
2 5 15 32 46 66 76 79
2 5 15 35 39 46 69 76
2 5 15 35 49 66 76 79
2 5 16 18 35 40 45 51
2 5 16 18 35 40 67 75
2 5 16 18 35 43 51 64
2 5 16 18 40 51 59 78
2 5 16 18 45 62 64 78
2 5 16 18 51 59 64 67
2 5 16 21 29 37 45 64
2 5 16 21 29 40 45 51
2 5 16 21 29 40 70 78
2 5 16 21 40 45 62 75
2 5 16 21 45 62 64 70
2 5 16 21 51 59 64 75
2 5 16 29 43 51 67 75
2 5 16 29 45 64 75 78
2 5 16 35 37 45 70 78
2 5 16 35 51 64 75 78
2 5 17 20 29 38 47 71
2 5 17 20 29 44 47 50
2 5 17 20 29 44 65 74
2 5 17 20 44 47 56 77
2 5 17 20 47 56 65 71
2 5 17 20 50 59 71 77
2 5 17 23 32 41 50 71
2 5 17 23 32 44 47 50
2 5 17 23 32 44 68 77
2 5 17 23 44 50 59 74
2 5 17 23 47 56 71 74
2 5 17 23 50 59 68 71
2 5 17 29 41 50 68 77
2 5 17 29 47 71 74 77
2 5 17 32 38 47 65 74
2 5 17 32 50 71 74 77
2 5 18 21 29 40 64 78
2 5 18 21 35 40 64 75
2 5 18 24 29 43 67 75
2 5 18 24 35 43 67 72
2 5 18 40 45 59 64 75
2 5 18 43 48 62 67 75
2 5 19 22 32 42 63 79
2 5 19 22 35 42 63 73
2 5 19 25 32 36 66 76
2 5 19 25 35 36 66 79
2 5 19 36 46 56 66 79
2 5 19 42 52 62 63 79
2 5 20 23 29 44 71 74
2 5 20 23 32 44 71 77
2 5 20 26 29 38 65 80
2 5 20 26 32 38 65 74
2 5 20 38 53 59 65 74
2 5 20 44 50 56 71 74
2 5 21 24 29 37 70 72
2 5 21 24 35 37 70 78
2 5 21 37 48 59 70 78
2 5 21 40 51 62 64 78
2 5 22 25 32 39 69 73
2 5 22 25 35 39 69 76
2 5 22 39 46 62 69 73
2 5 22 42 49 56 63 73
2 5 23 26 29 41 68 77
2 5 23 26 32 41 68 80
2 5 23 41 53 56 68 77
2 5 23 44 47 59 71 77
2 5 24 37 45 62 70 72
2 5 24 43 51 59 67 72
2 5 25 36 49 62 66 76
2 5 25 39 52 56 69 76
2 5 26 38 47 56 65 80
2 5 26 41 50 59 68 80
2 5 27 28 29 30 34 55
2 5 27 28 29 31 33 58
2 5 27 28 29 33 34 57
2 5 27 28 30 31 32 54
2 5 27 28 30 31 35 55
2 5 27 28 30 31 58 60
2 5 27 28 30 34 35 57
2 5 27 28 30 34 54 58
2 5 27 28 31 33 35 54
2 5 27 28 31 33 60 61
2 5 27 28 32 33 34 58
2 5 27 28 33 34 54 61
2 5 27 28 55 57 60 61
2 5 27 29 30 31 34 60
2 5 27 30 31 32 34 55
2 5 27 30 31 34 57 58
2 5 27 31 32 33 34 60
2 5 27 31 33 34 35 58
2 5 27 31 33 34 57 61
2 5 27 31 54 55 57 61
2 5 27 34 54 55 60 61
2 5 27 54 55 57 58 59
2 5 27 54 55 58 60 62
2 5 27 55 56 57 58 60
2 5 28 29 30 31 33 54
2 5 28 30 31 32 33 61
2 5 28 30 31 33 55 60
2 5 28 30 32 33 34 57
2 5 28 30 33 34 35 61
2 5 28 30 33 34 54 55
2 5 28 30 57 58 60 61
2 5 28 33 55 57 58 60
2 5 28 54 55 56 57 61
2 5 28 54 55 57 58 62
2 5 28 54 57 58 59 61
2 5 29 30 31 33 34 61
2 5 30 31 33 34 35 60
2 5 30 31 33 34 55 57
2 5 30 31 54 57 58 61
2 5 30 34 54 58 60 61
2 5 30 54 55 56 60 61
2 5 30 54 55 57 61 62
2 5 30 55 57 59 60 61
2 5 31 33 54 55 57 58
2 5 31 54 55 56 58 60
2 5 31 54 55 59 60 61
2 5 31 54 58 60 61 62
2 5 33 34 54 55 58 60
2 5 33 54 56 57 58 61
2 5 33 54 58 59 60 61
2 5 33 57 58 60 61 62
2 5 34 55 57 58 59 60
2 5 34 55 57 60 61 62
2 5 34 56 57 58 60 61
2 5 36 39 46 56 69 76
2 5 36 39 46 62 66 76
2 5 36 42 49 56 66 79
2 5 36 42 49 62 63 79
2 5 37 40 45 59 70 78
2 5 37 40 45 62 64 78
2 5 37 43 48 59 67 72
2 5 37 43 48 62 70 72
2 5 38 41 53 56 65 80
2 5 38 41 53 59 68 80
2 5 38 44 47 56 71 74
2 5 38 44 47 59 65 74
2 5 39 42 52 56 63 73
2 5 39 42 52 62 69 73
2 5 40 43 51 59 64 75
2 5 40 43 51 62 67 75
2 5 41 44 50 56 68 77
2 5 41 44 50 59 71 77
2 6 27 29 30 32 58 61
2 6 27 29 33 35 55 61
2 6 28 31 57 59 60 62
2 6 28 34 54 56 60 62
2 6 30 32 33 35 55 58
2 6 31 34 54 56 57 59
2 7 27 30 55 59 61 62
2 7 27 33 55 56 58 62
2 7 28 29 31 35 54 60
2 7 28 32 34 35 54 57
2 7 29 31 32 34 57 60
2 7 30 33 56 58 59 61
2 8 9 12 25 39 59 76
2 8 9 12 25 42 62 76
2 8 9 15 19 36 59 79
2 8 9 15 19 39 62 79
2 8 9 19 32 36 49 69
2 8 9 19 32 39 46 49
2 8 9 19 32 39 66 79
2 8 9 19 39 49 62 76
2 8 9 19 46 59 69 76
2 8 9 19 49 62 66 69
2 8 9 25 29 39 46 49
2 8 9 25 29 39 63 76
2 8 9 25 29 42 46 69
2 8 9 25 39 46 59 79
2 8 9 25 46 59 63 69
2 8 9 25 49 62 69 79
2 8 9 29 36 49 66 79
2 8 9 29 46 69 76 79
2 8 9 32 42 46 63 76
2 8 9 32 49 69 76 79
2 8 10 13 18 37 59 75
2 8 10 13 18 43 56 75
2 8 10 16 21 40 56 78
2 8 10 16 21 43 59 78
2 8 10 18 32 37 51 67
2 8 10 18 32 43 45 51
2 8 10 18 32 43 70 75
2 8 10 18 43 51 56 78
2 8 10 18 45 59 67 78
2 8 10 18 51 56 67 70
2 8 10 21 35 40 45 67
2 8 10 21 35 43 45 51
2 8 10 21 35 43 64 78
2 8 10 21 43 45 59 75
2 8 10 21 45 59 64 67
2 8 10 21 51 56 67 75
2 8 10 32 40 45 64 78
2 8 10 32 51 67 75 78
2 8 10 35 37 51 70 75
2 8 10 35 45 67 75 78
2 8 11 14 20 38 62 74
2 8 11 14 20 41 56 74
2 8 11 17 23 38 56 77
2 8 11 17 23 44 62 77
2 8 11 20 35 38 47 50
2 8 11 20 35 38 68 74
2 8 11 20 35 41 47 65
2 8 11 20 38 47 62 77
2 8 11 20 47 62 65 68
2 8 11 20 50 56 65 77
2 8 11 23 29 38 47 50
2 8 11 23 29 38 71 77
2 8 11 23 29 44 50 65
2 8 11 23 38 50 56 74
2 8 11 23 47 62 65 74
2 8 11 23 50 56 65 71
2 8 11 29 41 47 68 74
2 8 11 29 50 65 74 77
2 8 11 35 44 50 71 77
2 8 11 35 47 65 74 77
2 8 12 15 22 36 62 73
2 8 12 15 22 42 59 73
2 8 12 22 29 36 52 63
2 8 12 22 29 42 46 52
2 8 12 22 29 42 66 73
2 8 12 22 42 52 59 76
2 8 12 22 46 62 63 76
2 8 12 22 52 59 63 66
2 8 12 25 32 39 46 63
2 8 12 25 32 42 46 52
2 8 12 25 32 42 69 76
2 8 12 25 42 46 62 73
2 8 12 25 46 62 63 69
2 8 12 25 52 59 63 73
2 8 12 29 39 46 69 76
2 8 12 29 52 63 73 76
2 8 12 32 36 52 66 73
2 8 12 32 46 63 73 76
2 8 13 16 24 37 56 72
2 8 13 16 24 40 59 72
2 8 13 18 35 37 48 51
2 8 13 18 35 37 67 75
2 8 13 18 35 43 51 70
2 8 13 18 37 51 59 72
2 8 13 18 48 56 70 72
2 8 13 18 51 59 67 70
2 8 13 24 32 37 48 51
2 8 13 24 32 37 64 72
2 8 13 24 32 40 48 70
2 8 13 24 37 48 56 75
2 8 13 24 48 56 64 70
2 8 13 24 51 59 70 75
2 8 13 32 43 51 67 75
2 8 13 32 48 70 72 75
2 8 13 35 40 48 64 72
2 8 13 35 51 70 72 75
2 8 14 17 26 41 62 80
2 8 14 17 26 44 56 80
2 8 14 20 29 38 47 68
2 8 14 20 29 41 47 53
2 8 14 20 29 41 65 74
2 8 14 20 41 47 56 80
2 8 14 20 47 56 65 68
2 8 14 20 53 62 68 80
2 8 14 26 35 41 47 53
2 8 14 26 35 41 71 80
2 8 14 26 35 44 53 68
2 8 14 26 41 53 62 74
2 8 14 26 47 56 68 74
2 8 14 26 53 62 68 71
2 8 14 29 44 53 71 80
2 8 14 29 47 68 74 80
2 8 14 35 38 47 65 74
2 8 14 35 53 68 74 80
2 8 15 19 29 36 49 52
2 8 15 19 29 36 69 79
2 8 15 19 29 39 49 66
2 8 15 19 36 49 59 73
2 8 15 19 49 59 66 69
2 8 15 19 52 62 66 73
2 8 15 22 32 36 49 52
2 8 15 22 32 36 63 73
2 8 15 22 32 42 52 66
2 8 15 22 36 52 62 79
2 8 15 22 49 59 66 79
2 8 15 22 52 62 63 66
2 8 15 29 42 52 63 73
2 8 15 29 49 66 73 79
2 8 15 32 39 49 69 79
2 8 15 32 52 66 73 79
2 8 16 21 32 40 45 48
2 8 16 21 32 40 67 78
2 8 16 21 32 43 45 64
2 8 16 21 40 45 56 72
2 8 16 21 45 56 64 67
2 8 16 21 48 59 64 72
2 8 16 24 35 37 48 64
2 8 16 24 35 40 45 48
2 8 16 24 35 40 70 72
2 8 16 24 40 48 59 78
2 8 16 24 45 56 64 78
2 8 16 24 48 59 64 70
2 8 16 32 37 48 70 72
2 8 16 32 45 64 72 78
2 8 16 35 43 45 67 78
2 8 16 35 48 64 72 78
2 8 17 23 35 38 50 71
2 8 17 23 35 44 50 53
2 8 17 23 35 44 65 77
2 8 17 23 44 50 62 80
2 8 17 23 50 62 65 71
2 8 17 23 53 56 71 80
2 8 17 26 29 41 53 71
2 8 17 26 29 44 50 53
2 8 17 26 29 44 68 80
2 8 17 26 44 53 56 77
2 8 17 26 50 62 71 77
2 8 17 26 53 56 68 71
2 8 17 29 38 50 65 77
2 8 17 29 53 71 77 80
2 8 17 35 41 53 68 80
2 8 17 35 50 71 77 80
2 8 18 21 32 43 67 75
2 8 18 21 35 43 67 78
2 8 18 24 32 37 70 72
2 8 18 24 35 37 70 75
2 8 18 37 48 59 70 75
2 8 18 43 45 56 67 75
2 8 19 22 29 36 66 79
2 8 19 22 32 36 66 73
2 8 19 25 29 39 69 76
2 8 19 25 32 39 69 79
2 8 19 36 52 59 66 79
2 8 19 39 46 62 69 79
2 8 20 23 29 38 65 77
2 8 20 23 35 38 65 74
2 8 20 26 29 41 68 74
2 8 20 26 35 41 68 80
2 8 20 38 50 62 65 74
2 8 20 41 53 56 68 74
2 8 21 24 32 40 64 78
2 8 21 24 35 40 64 72
2 8 21 40 48 56 64 78
2 8 21 43 51 59 67 78
2 8 22 25 29 42 63 73
2 8 22 25 32 42 63 76
2 8 22 36 49 62 66 73
2 8 22 42 46 59 63 73
2 8 23 26 29 44 71 80
2 8 23 26 35 44 71 77
2 8 23 38 47 56 65 77
2 8 23 44 53 62 71 77
2 8 24 37 51 56 70 72
2 8 24 40 45 59 64 72
2 8 25 39 49 59 69 76
2 8 25 42 52 62 63 76
2 8 26 41 47 62 68 80
2 8 26 44 50 56 71 80
2 8 27 28 29 30 34 58
2 8 27 28 29 31 33 61
2 8 27 28 29 33 34 60
2 8 27 28 30 31 32 57
2 8 27 28 30 31 35 58
2 8 27 28 30 31 54 61
2 8 27 28 30 34 35 60
2 8 27 28 30 34 57 61
2 8 27 28 31 33 35 57
2 8 27 28 31 33 54 55
2 8 27 28 32 33 34 61
2 8 27 28 33 34 55 57
2 8 27 28 54 55 58 60
2 8 27 29 30 31 34 54
2 8 27 30 31 32 34 58
2 8 27 30 31 34 60 61
2 8 27 31 32 33 34 54
2 8 27 31 33 34 35 61
2 8 27 31 33 34 55 60
2 8 27 31 55 57 58 60
2 8 27 34 54 55 57 58
2 8 27 54 56 57 58 61
2 8 27 54 58 59 60 61
2 8 27 57 58 60 61 62
2 8 28 29 30 31 33 57
2 8 28 30 31 32 33 55
2 8 28 30 31 33 54 58
2 8 28 30 32 33 34 60
2 8 28 30 33 34 35 55
2 8 28 30 33 34 57 58
2 8 28 30 54 55 60 61
2 8 28 33 54 58 60 61
2 8 28 55 57 58 59 60
2 8 28 55 57 60 61 62
2 8 28 56 57 58 60 61
2 8 29 30 31 33 34 55
2 8 30 31 33 34 35 54
2 8 30 31 33 34 58 60
2 8 30 31 55 57 60 61
2 8 30 34 54 55 57 61
2 8 30 54 55 57 58 59
2 8 30 54 55 58 60 62
2 8 30 55 56 57 58 60
2 8 31 33 57 58 60 61
2 8 31 54 55 56 57 61
2 8 31 54 55 57 58 62
2 8 31 54 57 58 59 61
2 8 33 34 54 57 58 61
2 8 33 54 55 56 60 61
2 8 33 54 55 57 61 62
2 8 33 55 57 59 60 61
2 8 34 54 55 56 58 60
2 8 34 54 55 59 60 61
2 8 34 54 58 60 61 62
2 8 36 39 49 59 66 79
2 8 36 39 49 62 69 79
2 8 36 42 52 59 63 73
2 8 36 42 52 62 66 73
2 8 37 40 48 56 70 72
2 8 37 40 48 59 64 72
2 8 37 43 51 56 67 75
2 8 37 43 51 59 70 75
2 8 38 41 47 56 68 74
2 8 38 41 47 62 65 74
2 8 38 44 50 56 65 77
2 8 38 44 50 62 71 77
2 8 39 42 46 59 69 76
2 8 39 42 46 62 63 76
2 8 40 43 45 56 64 78
2 8 40 43 45 59 67 78
2 8 41 44 53 56 71 80
2 8 41 44 53 62 68 80
2 9 12 22 25 32 46 63
2 9 12 22 25 32 52 69
2 9 12 22 32 39 52 76
2 9 12 22 35 52 56 63
2 9 12 22 35 62 69 73
2 9 12 22 42 46 62 76
2 9 12 25 29 46 59 69
2 9 12 25 29 62 63 76
2 9 12 25 32 42 46 73
2 9 12 25 39 52 62 73
2 9 12 29 32 42 46 76
2 9 12 32 35 39 52 73
2 9 12 32 46 59 63 76
2 9 12 32 52 56 69 73
2 9 12 46 52 62 63 76
2 9 12 46 52 62 69 73
2 9 15 19 25 32 46 66
2 9 15 19 25 32 49 69
2 9 15 19 29 49 59 66
2 9 15 19 29 62 69 79
2 9 15 19 32 39 49 76
2 9 15 19 36 46 62 76
2 9 15 25 32 36 46 79
2 9 15 25 35 46 56 69
2 9 15 25 35 62 66 76
2 9 15 25 39 49 62 79
2 9 15 29 32 39 49 79
2 9 15 32 35 36 46 76
2 9 15 32 46 56 66 76
2 9 15 32 49 59 69 79
2 9 15 46 49 62 66 76
2 9 15 46 49 62 69 79
2 9 19 25 29 39 46 59
2 9 19 25 29 49 62 69
2 9 19 25 32 36 69 79
2 9 19 25 36 39 49 62
2 9 19 25 39 62 66 79
2 9 19 25 59 62 69 79
2 9 19 29 32 39 46 79
2 9 19 29 32 49 69 76
2 9 19 29 32 66 69 79
2 9 19 29 39 62 76 79
2 9 19 32 36 39 49 59
2 9 19 32 36 39 76 79
2 9 19 32 59 69 76 79
2 9 19 36 46 49 62 69
2 9 19 39 49 59 62 66
2 9 19 46 62 66 69 79
2 9 22 25 32 42 69 73
2 9 22 25 35 39 46 56
2 9 22 25 35 52 62 69
2 9 22 25 39 42 52 62
2 9 22 25 39 62 63 73
2 9 22 25 56 62 69 73
2 9 22 32 35 39 46 73
2 9 22 32 35 52 69 76
2 9 22 32 35 63 69 73
2 9 22 32 39 42 52 56
2 9 22 32 39 42 73 76
2 9 22 32 56 69 73 76
2 9 22 35 39 62 73 76
2 9 22 39 52 56 62 63
2 9 22 42 46 52 62 69
2 9 22 46 62 63 69 73
2 9 25 29 39 42 59 76
2 9 25 32 36 46 49 66
2 9 25 32 42 46 52 63
2 9 25 32 49 66 69 79
2 9 25 32 52 63 69 73
2 9 25 35 36 39 56 76
2 9 25 36 56 62 66 76
2 9 25 42 59 62 63 76
2 9 29 36 39 49 62 79
2 9 29 46 49 59 69 76
2 9 32 39 46 49 59 79
2 9 32 39 46 52 56 73
2 9 32 39 49 66 76 79
2 9 32 39 52 63 73 76
2 9 35 39 42 52 62 73
2 9 35 46 52 56 69 76
2 9 36 46 62 66 76 79
2 9 36 49 59 62 69 79
2 9 39 49 59 62 76 79
2 9 39 52 56 62 73 76
2 9 42 46 62 63 73 76
2 9 42 52 56 62 69 73
2 10 13 18 24 35 48 67
2 10 13 18 24 35 51 70
2 10 13 18 32 51 56 67
2 10 13 18 32 59 70 75
2 10 13 18 35 37 51 72
2 10 13 18 43 48 59 72
2 10 13 24 29 48 62 70
2 10 13 24 29 59 67 72
2 10 13 24 35 43 48 75
2 10 13 24 37 51 59 75
2 10 13 29 35 43 48 72
2 10 13 32 35 37 51 75
2 10 13 35 48 62 67 72
2 10 13 35 51 56 70 75
2 10 13 48 51 59 67 72
2 10 13 48 51 59 70 75
2 10 16 18 21 35 45 67
2 10 16 18 21 35 51 64
2 10 16 18 29 51 62 67
2 10 16 18 29 59 64 75
2 10 16 18 35 40 51 78
2 10 16 18 43 45 59 78
2 10 16 21 32 45 56 64
2 10 16 21 32 59 67 78
2 10 16 21 35 43 45 75
2 10 16 21 40 51 59 75
2 10 16 29 35 40 51 75
2 10 16 32 35 43 45 78
2 10 16 35 45 56 67 78
2 10 16 35 51 62 64 75
2 10 16 45 51 59 64 75
2 10 16 45 51 59 67 78
2 10 18 21 32 43 51 56
2 10 18 21 32 45 59 67
2 10 18 21 35 40 67 78
2 10 18 21 40 43 45 59
2 10 18 21 43 59 64 78
2 10 18 21 56 59 67 78
2 10 18 24 29 43 51 62
2 10 18 24 29 48 59 67
2 10 18 24 35 37 67 72
2 10 18 24 37 43 48 59
2 10 18 24 43 59 70 72
2 10 18 24 59 62 67 72
2 10 18 29 40 43 62 75
2 10 18 32 37 43 56 75
2 10 18 35 37 48 51 70
2 10 18 35 40 45 51 64
2 10 18 35 45 64 67 78
2 10 18 35 48 67 70 72
2 10 18 37 56 59 70 75
2 10 18 40 59 62 64 75
2 10 21 32 35 43 51 78
2 10 21 32 35 45 67 75
2 10 21 32 35 64 67 78
2 10 21 32 43 59 75 78
2 10 21 35 40 43 45 56
2 10 21 35 40 43 75 78
2 10 21 35 56 67 75 78
2 10 21 40 45 51 59 67
2 10 21 43 45 56 59 64
2 10 21 51 59 64 67 78
2 10 24 29 35 43 51 72
2 10 24 29 35 48 67 75
2 10 24 29 35 67 70 72
2 10 24 29 43 59 72 75
2 10 24 35 37 43 48 62
2 10 24 35 37 43 72 75
2 10 24 35 62 67 72 75
2 10 24 37 48 51 59 67
2 10 24 43 48 59 62 70
2 10 24 51 59 67 70 72
2 10 29 37 43 48 59 72
2 10 29 48 51 62 67 75
2 10 32 40 43 45 59 78
2 10 32 45 51 56 67 75
2 10 35 43 45 51 56 78
2 10 35 43 45 64 75 78
2 10 35 43 48 51 62 72
2 10 35 43 48 70 72 75
2 10 37 48 59 62 67 72
2 10 37 51 59 70 72 75
2 10 40 45 56 59 67 78
2 10 40 51 59 64 75 78
2 10 43 45 56 59 75 78
2 10 43 48 59 62 72 75
2 11 14 20 26 29 47 68
2 11 14 20 26 29 53 65
2 11 14 20 29 41 47 80
2 11 14 20 35 47 62 65
2 11 14 20 35 56 68 74
2 11 14 20 38 53 56 80
2 11 14 26 29 38 53 74
2 11 14 26 32 53 59 68
2 11 14 26 32 56 65 80
2 11 14 26 41 47 56 74
2 11 14 29 32 38 53 80
2 11 14 29 35 41 47 74
2 11 14 29 47 62 68 74
2 11 14 29 53 59 65 80
2 11 14 47 53 56 65 80
2 11 14 47 53 56 68 74
2 11 17 20 23 29 47 71
2 11 17 20 23 29 50 65
2 11 17 20 29 44 47 77
2 11 17 20 32 47 59 65
2 11 17 20 32 56 71 74
2 11 17 20 38 50 56 77
2 11 17 23 29 38 50 74
2 11 17 23 35 50 62 71
2 11 17 23 35 56 65 77
2 11 17 23 44 47 56 74
2 11 17 29 32 44 47 74
2 11 17 29 35 38 50 77
2 11 17 29 47 59 71 74
2 11 17 29 50 62 65 77
2 11 17 47 50 56 65 77
2 11 17 47 50 56 71 74
2 11 20 23 29 44 65 77
2 11 20 23 35 38 47 62
2 11 20 23 35 50 56 65
2 11 20 23 38 44 50 56
2 11 20 23 38 56 71 77
2 11 20 23 56 62 65 77
2 11 20 26 29 41 65 80
2 11 20 26 32 38 47 59
2 11 20 26 32 53 56 65
2 11 20 26 38 41 53 56
2 11 20 26 38 56 68 80
2 11 20 26 56 59 65 80
2 11 20 29 41 47 53 68
2 11 20 29 44 47 50 71
2 11 20 29 50 65 71 77
2 11 20 29 53 65 68 80
2 11 20 32 38 44 59 74
2 11 20 35 38 41 62 74
2 11 20 41 56 62 68 74
2 11 20 44 56 59 71 74
2 11 23 29 35 38 47 77
2 11 23 29 35 50 65 74
2 11 23 29 35 65 71 77
2 11 23 29 38 44 50 62
2 11 23 29 38 44 74 77
2 11 23 29 62 65 74 77
2 11 23 35 38 56 74 77
2 11 23 38 50 56 62 71
2 11 23 44 47 50 56 65
2 11 23 47 56 65 71 77
2 11 26 29 32 38 47 80
2 11 26 29 32 53 65 74
2 11 26 29 32 65 68 80
2 11 26 29 38 41 53 59
2 11 26 29 38 41 74 80
2 11 26 29 59 65 74 80
2 11 26 32 38 56 74 80
2 11 26 38 53 56 59 68
2 11 26 41 47 53 56 65
2 11 26 47 56 65 68 80
2 11 29 38 47 50 62 77
2 11 29 38 47 53 59 80
2 11 29 38 50 71 74 77
2 11 29 38 53 68 74 80
2 11 32 38 41 53 56 80
2 11 32 47 53 59 65 74
2 11 35 38 44 50 56 77
2 11 35 47 50 62 65 74
2 11 38 50 56 62 74 77
2 11 38 53 56 59 74 80
2 11 41 47 56 68 74 80
2 11 41 53 56 59 65 80
2 11 44 47 56 71 74 77
2 11 44 50 56 62 65 77
2 12 15 19 22 32 49 63
2 12 15 19 22 32 52 66
2 12 15 19 32 42 49 73
2 12 15 19 35 49 56 66
2 12 15 19 35 62 63 79
2 12 15 19 36 52 62 73
2 12 15 22 29 52 59 63
2 12 15 22 29 62 66 73
2 12 15 22 32 36 52 79
2 12 15 22 42 49 62 79
2 12 15 29 32 36 52 73
2 12 15 32 35 42 49 79
2 12 15 32 49 56 63 79
2 12 15 32 52 59 66 73
2 12 15 49 52 62 63 79
2 12 15 49 52 62 66 73
2 12 19 22 32 36 63 79
2 12 19 22 35 42 52 56
2 12 19 22 35 49 62 63
2 12 19 22 36 42 49 62
2 12 19 22 42 62 66 79
2 12 19 22 56 62 63 79
2 12 19 32 35 42 52 79
2 12 19 32 35 49 63 73
2 12 19 32 35 63 66 79
2 12 19 32 36 42 49 56
2 12 19 32 36 42 73 79
2 12 19 32 56 63 73 79
2 12 19 35 42 62 73 79
2 12 19 36 49 52 62 63
2 12 19 42 49 56 62 66
2 12 19 52 62 63 66 79
2 12 22 25 29 42 52 59
2 12 22 25 29 46 62 63
2 12 22 25 32 39 63 76
2 12 22 25 39 42 46 62
2 12 22 25 42 62 69 76
2 12 22 25 59 62 63 76
2 12 22 29 36 42 59 73
2 12 22 32 36 49 52 66
2 12 22 32 39 46 52 69
2 12 22 32 46 63 69 76
2 12 22 32 49 63 66 79
2 12 22 35 39 42 56 73
2 12 22 36 59 62 66 73
2 12 22 39 56 62 69 73
2 12 25 29 32 42 52 76
2 12 25 29 32 46 63 73
2 12 25 29 32 63 69 76
2 12 25 29 42 62 73 76
2 12 25 32 39 42 46 59
2 12 25 32 39 42 73 76
2 12 25 32 59 63 73 76
2 12 25 39 46 52 62 63
2 12 25 42 46 59 62 69
2 12 25 52 62 63 69 76
2 12 29 39 42 46 62 76
2 12 29 46 52 59 63 73
2 12 32 42 46 52 59 76
2 12 32 42 46 69 73 76
2 12 32 42 49 52 56 79
2 12 32 42 49 66 73 79
2 12 35 36 42 49 62 79
2 12 35 49 52 56 63 73
2 12 36 49 56 62 63 79
2 12 36 52 62 66 73 79
2 12 39 46 59 62 63 76
2 12 39 52 62 69 73 76
2 12 42 46 59 62 73 76
2 12 42 49 56 62 73 79
2 13 16 21 24 35 45 70
2 13 16 21 24 35 48 64
2 13 16 21 29 45 62 64
2 13 16 21 29 59 70 78
2 13 16 21 35 37 45 72
2 13 16 21 40 48 59 72
2 13 16 24 32 48 56 70
2 13 16 24 32 59 64 72
2 13 16 24 35 40 48 78
2 13 16 24 37 45 59 78
2 13 16 29 35 37 45 78
2 13 16 32 35 40 48 72
2 13 16 35 45 62 70 78
2 13 16 35 48 56 64 72
2 13 16 45 48 59 64 72
2 13 16 45 48 59 70 78
2 13 18 24 32 37 48 56
2 13 18 24 32 51 59 70
2 13 18 24 35 43 70 75
2 13 18 24 37 43 51 59
2 13 18 24 37 59 67 75
2 13 18 24 56 59 70 75
2 13 18 32 35 37 48 75
2 13 18 32 35 51 70 72
2 13 18 32 35 67 70 75
2 13 18 32 37 59 72 75
2 13 18 35 37 43 51 56
2 13 18 35 37 43 72 75
2 13 18 35 56 70 72 75
2 13 18 37 51 56 59 67
2 13 18 43 48 51 59 70
2 13 18 48 59 67 70 75
2 13 21 24 29 37 48 62
2 13 21 24 29 45 59 70
2 13 21 24 35 40 70 78
2 13 21 24 37 40 45 59
2 13 21 24 37 59 64 78
2 13 21 24 59 62 70 78
2 13 21 29 35 37 48 78
2 13 21 29 35 45 70 72
2 13 21 29 35 64 70 78
2 13 21 29 37 59 72 78
2 13 21 35 37 40 45 62
2 13 21 35 37 40 72 78
2 13 21 35 62 70 72 78
2 13 21 37 45 59 62 64
2 13 21 40 45 48 59 70
2 13 21 48 59 64 70 78
2 13 24 29 37 43 62 72
2 13 24 32 37 40 56 72
2 13 24 35 40 45 48 64
2 13 24 35 43 48 51 67
2 13 24 35 45 64 70 78
2 13 24 35 51 67 70 75
2 13 24 40 56 59 64 72
2 13 24 43 59 62 67 72
2 13 29 37 40 45 59 78
2 13 29 45 48 62 70 72
2 13 32 37 43 51 59 75
2 13 32 48 51 56 70 72
2 13 35 37 45 48 62 78
2 13 35 37 45 64 72 78
2 13 35 37 48 51 56 75
2 13 35 37 51 67 72 75
2 13 37 45 59 62 72 78
2 13 37 51 56 59 72 75
2 13 40 45 59 62 70 78
2 13 40 48 59 64 72 78
2 13 43 48 59 67 72 75
2 13 43 51 56 59 70 75
2 14 17 23 26 29 50 68
2 14 17 23 26 29 53 71
2 14 17 23 29 41 50 80
2 14 17 23 32 50 59 71
2 14 17 23 32 56 68 77
2 14 17 23 44 53 56 80
2 14 17 26 29 44 53 77
2 14 17 26 35 53 62 68
2 14 17 26 35 56 71 80
2 14 17 26 41 50 56 77
2 14 17 29 32 41 50 77
2 14 17 29 35 44 53 80
2 14 17 29 50 59 68 77
2 14 17 29 53 62 71 80
2 14 17 50 53 56 68 77
2 14 17 50 53 56 71 80
2 14 20 26 29 38 68 74
2 14 20 26 35 41 53 62
2 14 20 26 35 47 56 68
2 14 20 26 38 41 47 56
2 14 20 26 41 56 65 74
2 14 20 26 56 62 68 74
2 14 20 29 35 41 53 74
2 14 20 29 35 47 68 80
2 14 20 29 35 65 68 74
2 14 20 29 38 41 47 62
2 14 20 29 38 41 74 80
2 14 20 29 62 68 74 80
2 14 20 35 41 56 74 80
2 14 20 38 47 53 56 68
2 14 20 41 47 56 62 65
2 14 20 53 56 65 68 74
2 14 23 26 29 44 68 77
2 14 23 26 32 41 53 59
2 14 23 26 32 50 56 68
2 14 23 26 41 44 50 56
2 14 23 26 41 56 71 77
2 14 23 26 56 59 68 77
2 14 23 29 32 41 53 77
2 14 23 29 32 50 68 80
2 14 23 29 32 68 71 77
2 14 23 29 41 44 50 59
2 14 23 29 41 44 77 80
2 14 23 29 59 68 77 80
2 14 23 32 41 56 77 80
2 14 23 41 50 56 59 71
2 14 23 44 50 53 56 68
2 14 23 53 56 68 71 77
2 14 26 29 38 47 53 65
2 14 26 29 44 50 53 71
2 14 26 29 47 65 68 74
2 14 26 29 50 68 71 77
2 14 26 32 38 41 59 80
2 14 26 35 41 44 62 80
2 14 26 38 56 59 65 80
2 14 26 44 56 62 71 80
2 14 29 41 47 53 62 74
2 14 29 41 47 65 74 80
2 14 29 41 50 53 59 77
2 14 29 41 50 71 77 80
2 14 32 41 44 50 56 77
2 14 32 50 53 59 68 80
2 14 35 38 41 47 56 74
2 14 35 47 53 62 68 80
2 14 38 47 56 62 68 74
2 14 38 53 56 65 74 80
2 14 41 47 56 62 74 80
2 14 41 50 56 59 77 80
2 14 44 50 56 59 68 77
2 14 44 53 56 71 77 80
2 15 19 22 29 36 49 59
2 15 19 22 29 52 62 66
2 15 19 22 32 42 66 73
2 15 19 22 36 42 52 62
2 15 19 22 36 62 63 73
2 15 19 22 59 62 66 73
2 15 19 25 32 39 66 76
2 15 19 25 35 36 49 56
2 15 19 25 35 46 62 66
2 15 19 25 36 39 46 62
2 15 19 25 36 62 69 76
2 15 19 25 56 62 66 76
2 15 19 29 36 39 59 79
2 15 19 32 39 46 49 69
2 15 19 32 42 49 52 63
2 15 19 32 46 66 69 76
2 15 19 32 52 63 66 73
2 15 19 35 36 42 56 79
2 15 19 39 59 62 69 79
2 15 19 42 56 62 63 79
2 15 22 29 32 36 49 73
2 15 22 29 32 52 66 79
2 15 22 29 32 63 66 73
2 15 22 29 36 62 73 79
2 15 22 32 36 42 52 59
2 15 22 32 36 42 73 79
2 15 22 32 59 66 73 79
2 15 22 36 52 59 62 63
2 15 22 42 49 52 62 66
2 15 22 49 62 63 66 73
2 15 25 32 35 36 49 76
2 15 25 32 35 46 66 79
2 15 25 32 35 66 69 76
2 15 25 32 36 39 46 56
2 15 25 32 36 39 76 79
2 15 25 32 56 66 76 79
2 15 25 35 36 62 76 79
2 15 25 36 46 56 62 69
2 15 25 39 46 49 62 66
2 15 25 49 62 66 69 76
2 15 29 36 42 52 62 73
2 15 29 49 52 59 66 79
2 15 32 36 46 49 56 76
2 15 32 36 46 69 76 79
2 15 32 36 49 52 59 73
2 15 32 36 52 63 73 79
2 15 35 36 39 46 62 76
2 15 35 46 49 56 66 79
2 15 36 46 56 62 76 79
2 15 36 52 59 62 73 79
2 15 39 46 56 62 66 76
2 15 39 49 62 69 76 79
2 15 42 49 62 63 73 79
2 15 42 52 59 62 66 73
2 16 18 21 29 40 45 62
2 16 18 21 29 51 59 64
2 16 18 21 35 43 64 75
2 16 18 21 40 43 51 59
2 16 18 21 40 59 67 75
2 16 18 21 59 62 64 75
2 16 18 29 35 40 45 75
2 16 18 29 35 51 64 78
2 16 18 29 35 64 67 75
2 16 18 29 40 59 75 78
2 16 18 35 40 43 51 62
2 16 18 35 40 43 75 78
2 16 18 35 62 64 75 78
2 16 18 40 51 59 62 67
2 16 18 43 45 51 59 64
2 16 18 45 59 64 67 75
2 16 21 24 32 40 45 56
2 16 21 24 32 48 59 64
2 16 21 24 35 37 64 72
2 16 21 24 37 40 48 59
2 16 21 24 40 59 70 72
2 16 21 24 56 59 64 72
2 16 21 29 37 40 62 78
2 16 21 32 40 43 56 78
2 16 21 35 37 45 48 70
2 16 21 35 43 45 51 67
2 16 21 35 48 64 70 72
2 16 21 35 51 64 67 75
2 16 21 37 59 62 70 78
2 16 21 43 56 59 67 78
2 16 24 32 35 40 45 72
2 16 24 32 35 48 64 78
2 16 24 32 35 64 70 72
2 16 24 32 40 59 72 78
2 16 24 35 37 40 48 56
2 16 24 35 37 40 72 78
2 16 24 35 56 64 72 78
2 16 24 37 45 48 59 64
2 16 24 40 48 56 59 70
2 16 24 45 59 64 70 72
2 16 29 40 43 51 59 75
2 16 29 45 51 62 64 78
2 16 32 37 40 48 59 72
2 16 32 45 48 56 64 78
2 16 35 40 45 48 56 72
2 16 35 40 45 51 62 75
2 16 35 40 48 70 72 78
2 16 35 40 51 67 75 78
2 16 37 45 59 70 72 78
2 16 37 48 56 59 64 72
2 16 40 48 56 59 72 78
2 16 40 51 59 62 75 78
2 16 43 45 59 67 75 78
2 16 43 51 59 62 64 75
2 17 20 23 29 38 71 74
2 17 20 23 32 44 50 59
2 17 20 23 32 47 56 71
2 17 20 23 38 44 47 56
2 17 20 23 44 56 65 74
2 17 20 23 56 59 71 74
2 17 20 29 32 44 50 74
2 17 20 29 32 47 71 77
2 17 20 29 32 65 71 74
2 17 20 29 38 44 47 59
2 17 20 29 38 44 74 77
2 17 20 29 59 71 74 77
2 17 20 32 44 56 74 77
2 17 20 38 47 50 56 71
2 17 20 44 47 56 59 65
2 17 20 50 56 65 71 74
2 17 23 26 29 41 71 80
2 17 23 26 35 44 50 62
2 17 23 26 35 53 56 71
2 17 23 26 41 44 53 56
2 17 23 26 44 56 68 80
2 17 23 26 56 62 71 80
2 17 23 29 38 47 50 65
2 17 23 29 41 50 53 68
2 17 23 29 47 65 71 74
2 17 23 29 53 68 71 80
2 17 23 32 41 44 59 77
2 17 23 35 38 44 62 77
2 17 23 38 56 62 65 77
2 17 23 41 56 59 68 77
2 17 26 29 35 44 50 80
2 17 26 29 35 53 71 77
2 17 26 29 35 68 71 80
2 17 26 29 41 44 53 62
2 17 26 29 41 44 77 80
2 17 26 29 62 71 77 80
2 17 26 35 44 56 77 80
2 17 26 41 50 53 56 71
2 17 26 44 53 56 62 68
2 17 26 50 56 68 71 80
2 17 29 44 47 50 59 74
2 17 29 44 47 65 74 77
2 17 29 44 50 53 62 80
2 17 29 44 53 68 77 80
2 17 32 38 44 47 56 74
2 17 32 47 50 59 71 77
2 17 35 41 44 53 56 80
2 17 35 50 53 62 71 77
2 17 38 47 56 59 71 74
2 17 38 50 56 65 74 77
2 17 41 50 56 68 77 80
2 17 41 53 56 62 71 80
2 17 44 47 56 59 74 77
2 17 44 53 56 62 77 80
2 18 21 35 40 51 62 64
2 18 21 35 43 45 56 67
2 18 24 35 37 51 56 70
2 18 24 35 43 48 62 67
2 18 29 35 40 43 51 64
2 18 29 35 43 48 67 72
2 18 29 40 51 59 64 67
2 18 29 43 62 67 72 75
2 18 32 35 37 43 51 70
2 18 32 35 43 45 67 78
2 18 32 37 51 59 67 70
2 18 32 43 56 67 75 78
2 18 35 37 43 48 70 75
2 18 35 37 56 67 70 75
2 18 35 40 43 45 64 75
2 18 35 40 62 64 67 75
2 18 37 43 51 59 70 72
2 18 37 48 51 56 59 70
2 18 37 59 67 70 72 75
2 18 40 43 51 59 64 78
2 18 40 45 51 59 62 64
2 18 40 59 64 67 75 78
2 19 22 32 36 52 59 66
2 19 22 32 42 49 56 63
2 19 25 32 36 46 56 66
2 19 25 32 39 49 59 69
2 19 29 32 36 39 49 69
2 19 29 32 36 52 66 73
2 19 29 36 59 66 73 79
2 19 29 39 49 62 66 69
2 19 32 35 36 42 49 63
2 19 32 35 36 46 66 76
2 19 32 36 39 46 69 79
2 19 32 36 42 52 63 79
2 19 32 39 59 66 69 79
2 19 32 42 56 63 66 79
2 19 35 36 56 66 76 79
2 19 35 42 49 62 63 66
2 19 36 39 49 62 69 76
2 19 36 42 49 62 63 73
2 19 39 46 49 59 62 69
2 19 39 62 66 69 76 79
2 19 42 49 52 56 62 63
2 19 42 62 63 66 73 79
2 20 23 29 38 50 62 65
2 20 23 29 44 47 59 71
2 20 26 29 38 53 59 65
2 20 26 29 41 47 62 68
2 20 29 32 38 44 47 71
2 20 29 32 38 53 65 80
2 20 29 35 38 41 47 68
2 20 29 35 38 50 65 77
2 20 29 38 41 53 68 74
2 20 29 38 44 50 71 74
2 20 29 41 62 65 68 74
2 20 29 44 59 65 71 74
2 20 32 38 59 65 74 80
2 20 32 44 47 56 65 71
2 20 35 38 62 65 74 77
2 20 35 41 47 56 65 68
2 20 38 41 47 56 68 80
2 20 38 44 47 56 71 77
2 20 41 47 53 56 62 68
2 20 41 56 65 68 74 80
2 20 44 47 50 56 59 71
2 20 44 56 65 71 74 77
2 21 24 35 37 45 62 70
2 21 24 35 40 48 56 64
2 21 29 35 37 40 45 70
2 21 29 35 40 51 64 75
2 21 29 37 45 59 64 70
2 21 29 40 62 64 75 78
2 21 32 35 40 43 45 67
2 21 32 35 40 48 64 72
2 21 32 40 56 64 72 78
2 21 32 43 45 59 64 67
2 21 35 37 40 48 70 78
2 21 35 37 62 64 70 78
2 21 35 40 43 51 67 78
2 21 35 43 56 64 67 78
2 21 37 40 45 59 70 72
2 21 37 45 48 59 62 70
2 21 37 59 64 70 72 78
2 21 40 43 45 59 67 75
2 21 43 45 51 56 59 67
2 21 43 59 64 67 75 78
2 22 25 32 39 52 56 69
2 22 25 32 42 46 59 63
2 22 29 32 36 42 52 66
2 22 29 32 42 46 63 76
2 22 29 36 52 62 63 66
2 22 29 42 59 63 73 76
2 22 32 35 39 42 52 69
2 22 32 35 42 49 63 79
2 22 32 36 42 49 66 73
2 22 32 36 59 63 66 73
2 22 32 39 42 46 69 73
2 22 32 39 56 63 69 73
2 22 35 39 52 62 63 69
2 22 35 42 56 63 73 79
2 22 36 42 52 62 66 79
2 22 36 49 52 59 62 66
2 22 36 62 63 66 73 79
2 22 39 42 52 62 69 76
2 22 39 46 52 56 62 69
2 22 39 62 63 69 73 76
2 23 26 29 41 50 59 68
2 23 26 29 44 53 62 71
2 23 29 32 41 44 50 68
2 23 29 32 44 47 71 74
2 23 29 35 38 44 50 65
2 23 29 35 44 53 71 80
2 23 29 38 44 47 65 77
2 23 29 38 62 65 71 77
2 23 29 41 44 53 68 77
2 23 29 41 59 68 71 77
2 23 32 41 50 56 68 71
2 23 32 44 59 71 74 77
2 23 35 38 50 56 65 71
2 23 35 44 62 71 77 80
2 23 38 44 50 56 65 74
2 23 38 47 50 56 62 65
2 23 38 56 65 71 74 77
2 23 41 44 50 56 68 80
2 23 41 50 53 56 59 68
2 23 41 56 68 71 77 80
2 24 29 35 37 43 48 67
2 24 29 35 37 45 70 78
2 24 29 37 62 70 72 78
2 24 29 43 48 59 67 70
2 24 32 35 37 40 48 64
2 24 32 35 37 51 70 75
2 24 32 37 56 70 72 75
2 24 32 40 48 59 64 70
2 24 35 37 40 45 64 72
2 24 35 37 43 51 67 72
2 24 35 40 56 64 70 72
2 24 35 43 62 67 70 72
2 24 37 40 48 59 64 78
2 24 37 43 48 59 67 75
2 24 40 45 48 56 59 64
2 24 40 59 64 70 72 78
2 24 43 48 51 59 62 67
2 24 43 59 67 70 72 75
2 25 29 32 39 42 46 63
2 25 29 32 39 49 69 79
2 25 29 39 59 69 76 79
2 25 29 42 46 62 63 69
2 25 32 35 36 39 46 66
2 25 32 35 39 52 69 73
2 25 32 36 39 49 66 76
2 25 32 36 56 66 69 76
2 25 32 39 42 52 63 76
2 25 32 42 59 63 69 76
2 25 35 36 46 62 66 69
2 25 35 39 56 69 73 76
2 25 36 39 46 62 66 79
2 25 36 46 49 56 62 66
2 25 36 62 66 69 76 79
2 25 39 42 46 62 63 73
2 25 42 46 52 59 62 63
2 25 42 62 63 69 73 76
2 26 29 32 38 41 53 65
2 26 29 32 41 50 68 77
2 26 29 35 41 44 53 71
2 26 29 35 41 47 68 74
2 26 29 38 41 47 65 80
2 26 29 38 59 65 68 80
2 26 29 41 44 50 71 80
2 26 29 44 62 68 71 80
2 26 32 38 53 56 65 68
2 26 32 41 59 68 77 80
2 26 35 41 62 68 74 80
2 26 35 44 53 56 68 71
2 26 38 41 53 56 65 74
2 26 38 47 53 56 59 65
2 26 38 56 65 68 74 80
2 26 41 44 53 56 71 77
2 26 44 50 53 56 62 71
2 26 44 56 68 71 77 80
2 27 28 29 30 32 55 61
2 27 28 29 31 32 57 60
2 27 28 32 33 35 55 58
2 27 28 32 34 35 54 60
2 27 29 30 31 35 55 61
2 27 29 31 32 33 55 58
2 27 29 31 34 35 54 57
2 27 29 33 34 35 55 58
2 27 30 32 34 35 55 61
2 27 30 54 56 58 61 62
2 27 30 56 58 59 60 61
2 27 30 57 58 59 61 62
2 27 33 54 55 59 61 62
2 27 33 55 56 57 59 61
2 27 33 55 56 60 61 62
2 28 29 30 31 35 57 60
2 28 29 30 32 34 54 60
2 28 29 30 33 35 58 61
2 28 29 33 34 35 54 60
2 28 31 32 33 35 57 60
2 28 31 54 55 59 60 62
2 28 31 54 56 58 59 60
2 28 31 54 56 60 61 62
2 28 34 54 55 56 57 59
2 28 34 54 56 57 58 62
2 28 34 54 57 59 61 62
2 29 30 32 33 34 58 61
2 29 31 32 33 34 54 57
2 29 36 49 52 62 66 73
2 29 36 49 59 66 69 79
2 29 37 45 48 59 70 78
2 29 37 48 62 67 70 72
2 29 38 47 50 65 71 77
2 29 38 47 53 65 68 80
2 29 39 46 49 62 69 79
2 29 39 46 59 63 69 76
2 29 40 45 51 59 64 75
2 29 40 45 62 64 70 78
2 29 41 47 53 65 68 74
2 29 41 50 53 68 71 77
2 29 42 46 52 62 63 76
2 29 42 52 59 63 66 73
2 29 43 48 51 59 67 72
2 29 43 51 62 64 67 75
2 29 44 47 50 65 71 74
2 29 44 50 53 68 71 80
2 30 31 32 33 35 58 61
2 30 31 32 34 35 54 57
2 30 33 54 55 56 58 59
2 30 33 55 56 57 58 62
2 30 33 55 58 59 60 62
2 31 34 55 56 57 60 62
2 31 34 56 57 59 60 61
2 31 34 57 58 59 60 62
2 32 36 46 49 66 69 76
2 32 36 49 52 63 66 73
2 32 37 48 51 59 70 75
2 32 37 48 56 64 70 72
2 32 38 47 53 56 65 80
2 32 38 47 59 65 71 74
2 32 39 46 49 66 69 79
2 32 39 46 52 63 69 73
2 32 40 45 48 59 64 72
2 32 40 45 56 64 67 78
2 32 41 50 53 56 68 77
2 32 41 53 59 65 68 80
2 32 42 46 52 63 69 76
2 32 42 49 52 63 66 79
2 32 43 45 51 59 67 78
2 32 43 51 56 67 70 75
2 32 44 47 50 56 71 74
2 32 44 50 59 68 71 77
2 35 36 46 49 62 66 76
2 35 36 49 56 63 66 79
2 35 37 45 48 64 70 78
2 35 37 48 51 67 70 75
2 35 38 47 50 56 65 77
2 35 38 47 62 65 68 74
2 35 39 46 52 62 69 73
2 35 39 46 56 66 69 76
2 35 40 45 48 64 70 72
2 35 40 45 51 64 67 75
2 35 41 47 53 56 68 74
2 35 41 53 62 68 71 80
2 35 42 49 52 62 63 79
2 35 42 52 56 63 69 73
2 35 43 45 51 64 67 78
2 35 43 48 51 67 70 72
2 35 44 50 53 56 71 80
2 35 44 50 62 65 71 77
3 4 5 6 8 28 31 59
3 4 5 6 8 28 34 62
3 4 5 6 8 29 58 61
3 4 5 6 8 31 34 56
3 4 5 6 8 32 55 58
3 4 5 6 8 35 55 61
3 4 5 7 8 27 30 56
3 4 5 7 8 27 33 59
3 4 5 7 8 29 54 57
3 4 5 7 8 30 33 62
3 4 5 7 8 32 54 60
3 4 5 7 8 35 57 60
3 4 6 7 8 27 56 62
3 4 6 7 8 29 32 60
3 4 6 7 8 29 35 54
3 4 6 7 8 30 59 62
3 4 6 7 8 32 35 57
3 4 6 7 8 33 56 59
3 4 6 7 27 34 59 62
3 4 6 7 28 30 56 59
3 4 6 7 29 32 55 57
3 4 6 7 29 35 58 60
3 4 6 7 31 33 56 62
3 4 6 7 32 35 54 61
3 4 27 28 31 33 59 62
3 4 27 30 31 34 56 59
3 4 28 30 33 34 56 62
3 4 29 32 54 57 58 61
3 4 29 35 55 57 60 61
3 4 32 35 54 55 58 60
3 5 6 7 8 27 58 61
3 5 6 7 8 28 31 57
3 5 6 7 8 28 34 60
3 5 6 7 8 30 55 58
3 5 6 7 8 31 34 54
3 5 6 7 8 33 55 61
3 5 6 8 27 32 55 61
3 5 6 8 28 31 56 60
3 5 6 8 28 34 54 59
3 5 6 8 29 33 55 58
3 5 6 8 30 35 58 61
3 5 6 8 31 34 57 62
3 5 27 29 30 35 55 58
3 5 27 32 33 35 58 61
3 5 28 31 54 56 57 62
3 5 28 34 56 57 59 60
3 5 29 30 32 33 55 61
3 5 31 34 54 59 60 62
3 6 9 12 21 36 57 75
3 6 9 12 21 39 60 75
3 6 9 15 24 36 60 78
3 6 9 15 24 42 57 78
3 6 9 21 30 36 48 51
3 6 9 21 30 36 66 75
3 6 9 21 30 39 48 63
3 6 9 21 36 48 57 78
3 6 9 21 48 57 63 66
3 6 9 21 51 60 63 78
3 6 9 24 33 36 48 51
3 6 9 24 33 36 69 78
3 6 9 24 33 42 51 63
3 6 9 24 36 51 60 75
3 6 9 24 48 57 63 75
3 6 9 24 51 60 63 69
3 6 9 30 42 51 69 78
3 6 9 30 48 63 75 78
3 6 9 33 39 48 66 75
3 6 9 33 51 63 75 78
3 6 10 13 23 40 54 74
3 6 10 13 23 43 57 74
3 6 10 16 26 37 54 77
3 6 10 16 26 40 57 77
3 6 10 23 33 40 47 53
3 6 10 23 33 40 64 74
3 6 10 23 33 43 53 70
3 6 10 23 40 53 54 77
3 6 10 23 47 57 70 77
3 6 10 23 53 54 64 70
3 6 10 26 27 37 47 70
3 6 10 26 27 40 47 53
3 6 10 26 27 40 67 77
3 6 10 26 40 47 57 74
3 6 10 26 47 57 67 70
3 6 10 26 53 54 70 74
3 6 10 27 43 53 64 74
3 6 10 27 47 70 74 77
3 6 10 33 37 47 67 77
3 6 10 33 53 70 74 77
3 6 11 14 25 38 54 73
3 6 11 14 25 44 60 73
3 6 11 17 19 41 60 76
3 6 11 17 19 44 54 76
3 6 11 19 30 41 52 68
3 6 11 19 30 44 49 52
3 6 11 19 30 44 65 76
3 6 11 19 44 52 54 73
3 6 11 19 49 60 68 73
3 6 11 19 52 54 65 68
3 6 11 25 27 38 49 68
3 6 11 25 27 44 49 52
3 6 11 25 27 44 71 73
3 6 11 25 44 49 60 76
3 6 11 25 49 60 68 71
3 6 11 25 52 54 68 76
3 6 11 27 41 52 65 76
3 6 11 27 49 68 73 76
3 6 11 30 38 49 71 73
3 6 11 30 52 68 73 76
3 6 12 15 18 39 57 72
3 6 12 15 18 42 60 72
3 6 12 18 30 39 45 48
3 6 12 18 30 39 69 72
3 6 12 18 30 42 45 66
3 6 12 18 39 45 57 75
3 6 12 18 45 57 66 69
3 6 12 18 48 60 66 75
3 6 12 21 33 36 48 66
3 6 12 21 33 39 45 48
3 6 12 21 33 39 63 75
3 6 12 21 39 48 60 72
3 6 12 21 45 57 66 72
3 6 12 21 48 60 63 66
3 6 12 30 36 48 63 75
3 6 12 30 45 66 72 75
3 6 12 33 42 45 69 72
3 6 12 33 48 66 72 75
3 6 13 16 20 37 57 80
3 6 13 16 20 43 54 80
3 6 13 20 33 37 50 64
3 6 13 20 33 43 50 53
3 6 13 20 33 43 67 80
3 6 13 20 43 50 54 74
3 6 13 20 50 54 64 67
3 6 13 20 53 57 64 74
3 6 13 23 27 40 53 64
3 6 13 23 27 43 50 53
3 6 13 23 27 43 70 74
3 6 13 23 43 53 57 80
3 6 13 23 50 54 64 80
3 6 13 23 53 57 64 70
3 6 13 27 37 50 67 80
3 6 13 27 53 64 74 80
3 6 13 33 40 53 70 74
3 6 13 33 50 64 74 80
3 6 14 17 22 38 60 79
3 6 14 17 22 41 54 79
3 6 14 22 27 38 46 49
3 6 14 22 27 38 65 79
3 6 14 22 27 41 46 71
3 6 14 22 38 46 60 73
3 6 14 22 46 60 65 71
3 6 14 22 49 54 71 73
3 6 14 25 30 38 46 49
3 6 14 25 30 38 68 73
3 6 14 25 30 44 49 71
3 6 14 25 38 49 54 79
3 6 14 25 46 60 71 79
3 6 14 25 49 54 68 71
3 6 14 27 44 49 68 73
3 6 14 27 46 71 73 79
3 6 14 30 41 46 65 79
3 6 14 30 49 71 73 79
3 6 15 18 33 39 45 69
3 6 15 18 33 42 45 51
3 6 15 18 33 42 66 72
3 6 15 18 42 45 60 78
3 6 15 18 45 60 66 69
3 6 15 18 51 57 69 78
3 6 15 24 30 36 51 69
3 6 15 24 30 42 45 51
3 6 15 24 30 42 63 78
3 6 15 24 42 51 57 72
3 6 15 24 45 60 69 72
3 6 15 24 51 57 63 69
3 6 15 30 39 45 66 72
3 6 15 30 51 69 72 78
3 6 15 33 36 51 63 78
3 6 15 33 45 69 72 78
3 6 16 20 27 37 47 50
3 6 16 20 27 37 64 80
3 6 16 20 27 43 50 67
3 6 16 20 37 50 57 77
3 6 16 20 47 54 67 77
3 6 16 20 50 57 64 67
3 6 16 26 33 37 47 50
3 6 16 26 33 37 70 77
3 6 16 26 33 40 47 67
3 6 16 26 37 47 54 80
3 6 16 26 47 54 67 70
3 6 16 26 50 57 67 80
3 6 16 27 40 47 70 77
3 6 16 27 50 67 77 80
3 6 16 33 43 50 64 80
3 6 16 33 47 67 77 80
3 6 17 19 27 41 46 52
3 6 17 19 27 41 68 76
3 6 17 19 27 44 52 65
3 6 17 19 41 52 60 79
3 6 17 19 46 54 65 79
3 6 17 19 52 60 65 68
3 6 17 22 30 38 46 65
3 6 17 22 30 41 46 52
3 6 17 22 30 41 71 79
3 6 17 22 41 46 54 76
3 6 17 22 46 54 65 71
3 6 17 22 52 60 65 76
3 6 17 27 38 46 71 79
3 6 17 27 52 65 76 79
3 6 17 30 44 52 68 76
3 6 17 30 46 65 76 79
3 6 18 21 30 39 66 72
3 6 18 21 33 39 66 75
3 6 18 24 30 42 69 78
3 6 18 24 33 42 69 72
3 6 18 39 48 57 66 72
3 6 18 42 51 60 69 72
3 6 19 22 27 41 65 76
3 6 19 22 30 41 65 79
3 6 19 25 27 44 68 73
3 6 19 25 30 44 68 76
3 6 19 41 46 60 65 76
3 6 19 44 49 54 68 76
3 6 20 23 27 43 64 74
3 6 20 23 33 43 64 80
3 6 20 26 27 37 67 80
3 6 20 26 33 37 67 77
3 6 20 37 47 57 67 80
3 6 20 43 53 54 64 80
3 6 21 24 30 36 63 75
3 6 21 24 33 36 63 78
3 6 21 36 51 57 63 75
3 6 21 39 45 60 66 75
3 6 22 25 27 38 71 79
3 6 22 25 30 38 71 73
3 6 22 38 49 60 71 79
3 6 22 41 52 54 65 79
3 6 23 26 27 40 70 77
3 6 23 26 33 40 70 74
3 6 23 40 47 54 70 74
3 6 23 43 50 57 64 74
3 6 24 36 48 60 63 78
3 6 24 42 45 57 69 78
3 6 25 38 46 54 71 73
3 6 25 44 52 60 68 73
3 6 26 37 50 54 67 77
3 6 26 40 53 57 70 77
3 6 27 28 29 31 32 56
3 6 27 28 29 31 35 58
3 6 27 28 29 32 34 55
3 6 27 28 32 34 35 59
3 6 27 29 31 34 35 62
3 6 27 31 32 34 35 61
3 6 28 29 30 31 35 56
3 6 28 29 30 32 34 59
3 6 28 29 30 34 35 58
3 6 28 29 31 32 33 55
3 6 28 29 31 32 59 61
3 6 28 29 31 35 55 59
3 6 28 29 32 34 61 62
3 6 28 29 33 34 35 59
3 6 28 29 34 35 55 62
3 6 28 29 56 58 61 62
3 6 28 30 31 32 35 61
3 6 28 31 32 33 35 56
3 6 28 31 32 35 58 59
3 6 28 32 33 34 35 61
3 6 28 32 34 35 58 62
3 6 28 32 55 56 58 62
3 6 28 35 55 56 61 62
3 6 28 54 55 56 59 61
3 6 28 55 56 58 59 60
3 6 28 56 57 58 59 61
3 6 29 30 31 32 34 55
3 6 29 31 32 33 34 62
3 6 29 31 32 34 56 61
3 6 29 31 33 34 35 58
3 6 29 31 34 35 55 56
3 6 29 31 58 59 61 62
3 6 29 34 56 58 59 61
3 6 29 54 55 56 58 59
3 6 29 55 56 57 58 62
3 6 29 55 58 59 60 62
3 6 30 31 32 34 35 62
3 6 31 32 34 35 56 58
3 6 31 32 55 58 59 62
3 6 31 35 55 59 61 62
3 6 31 54 55 56 58 62
3 6 31 55 56 57 61 62
3 6 31 56 58 60 61 62
3 6 32 34 55 56 58 59
3 6 32 54 55 59 61 62
3 6 32 55 56 57 59 61
3 6 32 55 56 60 61 62
3 6 34 35 55 56 59 61
3 6 34 54 58 59 61 62
3 6 34 55 57 58 59 62
3 6 34 55 59 60 61 62
3 6 35 54 56 58 61 62
3 6 35 56 58 59 60 61
3 6 35 57 58 59 61 62
3 6 36 39 48 57 63 75
3 6 36 39 48 60 66 75
3 6 36 42 51 57 69 78
3 6 36 42 51 60 63 78
3 6 37 40 47 54 67 77
3 6 37 40 47 57 70 77
3 6 37 43 50 54 64 80
3 6 37 43 50 57 67 80
3 6 38 41 46 54 65 79
3 6 38 41 46 60 71 79
3 6 38 44 49 54 71 73
3 6 38 44 49 60 68 73
3 6 39 42 45 57 66 72
3 6 39 42 45 60 69 72
3 6 40 43 53 54 70 74
3 6 40 43 53 57 64 74
3 6 41 44 52 54 68 76
3 6 41 44 52 60 65 76
3 7 27 28 30 34 56 62
3 7 27 31 33 34 56 59
3 7 28 30 31 33 59 62
3 7 29 32 54 58 60 61
3 7 29 35 54 55 57 61
3 7 32 35 55 57 58 60
3 8 27 29 30 32 55 61
3 8 27 29 33 35 55 58
3 8 28 31 54 56 60 62
3 8 28 34 54 56 57 59
3 8 30 32 33 35 58 61
3 8 31 34 57 59 60 62
3 9 12 21 24 30 48 63
3 9 12 21 24 30 51 66
3 9 12 21 30 36 48 78
3 9 12 21 33 48 60 66
3 9 12 21 33 57 63 75
3 9 12 21 39 51 57 78
3 9 12 24 27 51 54 63
3 9 12 24 27 57 66 78
3 9 12 24 30 39 51 75
3 9 12 24 36 48 57 75
3 9 12 27 30 39 51 78
3 9 12 30 33 36 48 75
3 9 12 30 48 60 63 75
3 9 12 30 51 54 66 78
3 9 12 48 51 57 63 75
3 9 12 48 51 57 66 78
3 9 15 18 24 30 45 63
3 9 15 18 24 30 51 69
3 9 15 18 27 45 54 69
3 9 15 18 27 57 63 72
3 9 15 18 30 36 45 78
3 9 15 18 42 51 57 78
3 9 15 24 30 42 51 72
3 9 15 24 33 51 60 63
3 9 15 24 33 57 69 78
3 9 15 24 36 45 57 72
3 9 15 27 30 36 45 72
3 9 15 30 33 42 51 78
3 9 15 30 45 54 63 72
3 9 15 30 51 60 69 78
3 9 15 45 51 57 63 72
3 9 15 45 51 57 69 78
3 9 18 24 27 36 51 54
3 9 18 24 27 45 57 63
3 9 18 24 30 42 63 72
3 9 18 24 36 42 45 57
3 9 18 24 36 57 69 72
3 9 18 24 54 57 63 72
3 9 18 27 30 36 51 72
3 9 18 27 30 45 63 78
3 9 18 27 30 63 69 72
3 9 18 27 36 57 72 78
3 9 18 30 36 42 45 54
3 9 18 30 36 42 72 78
3 9 18 30 54 63 72 78
3 9 18 36 45 54 57 69
3 9 18 42 45 51 57 63
3 9 18 51 57 63 69 72
3 9 21 24 30 39 63 75
3 9 21 24 33 36 51 60
3 9 21 24 33 48 57 63
3 9 21 24 36 39 48 57
3 9 21 24 36 57 66 75
3 9 21 24 57 60 63 75
3 9 21 30 33 36 51 75
3 9 21 30 33 48 63 78
3 9 21 30 33 63 66 75
3 9 21 30 36 39 48 60
3 9 21 30 36 39 75 78
3 9 21 30 60 63 75 78
3 9 21 33 36 57 75 78
3 9 21 36 48 57 60 66
3 9 21 39 48 51 57 63
3 9 21 51 57 63 66 75
3 9 24 27 36 39 54 78
3 9 24 30 39 48 51 66
3 9 24 30 42 45 51 69
3 9 24 30 45 63 69 72
3 9 24 30 48 63 66 75
3 9 24 33 36 42 60 78
3 9 24 39 54 57 66 78
3 9 24 42 57 60 69 78
3 9 27 36 42 45 57 72
3 9 27 45 51 54 63 78
3 9 30 36 45 51 54 72
3 9 30 36 45 69 72 78
3 9 30 36 48 51 60 75
3 9 30 36 48 66 75 78
3 9 33 36 39 48 57 75
3 9 33 48 51 60 63 78
3 9 36 45 54 57 72 78
3 9 36 48 57 60 75 78
3 9 39 48 57 60 63 75
3 9 39 51 57 66 75 78
3 9 42 45 54 57 63 72
3 9 42 51 57 69 72 78
3 10 13 23 26 33 47 64
3 10 13 23 26 33 53 70
3 10 13 23 27 53 57 64
3 10 13 23 27 54 70 74
3 10 13 23 33 40 53 77
3 10 13 23 43 47 54 77
3 10 13 26 30 47 60 70
3 10 13 26 30 54 64 77
3 10 13 26 33 43 47 74
3 10 13 26 40 53 54 74
3 10 13 27 33 40 53 74
3 10 13 30 33 43 47 77
3 10 13 33 47 60 64 77
3 10 13 33 53 57 70 74
3 10 13 47 53 54 64 77
3 10 13 47 53 54 70 74
3 10 16 20 26 33 47 67
3 10 16 20 26 33 50 70
3 10 16 20 30 50 60 67
3 10 16 20 30 54 70 80
3 10 16 20 33 40 50 77
3 10 16 20 37 47 54 77
3 10 16 26 27 47 57 70
3 10 16 26 27 54 67 77
3 10 16 26 33 37 47 80
3 10 16 26 40 50 54 80
3 10 16 27 33 37 47 77
3 10 16 30 33 40 50 80
3 10 16 33 47 57 67 77
3 10 16 33 50 60 70 80
3 10 16 47 50 54 67 77
3 10 16 47 50 54 70 80
3 10 20 26 30 40 47 60
3 10 20 26 30 50 54 70
3 10 20 26 33 37 70 80
3 10 20 26 37 40 50 54
3 10 20 26 40 54 67 80
3 10 20 26 54 60 70 80
3 10 20 30 33 40 47 80
3 10 20 30 33 50 70 77
3 10 20 30 33 67 70 80
3 10 20 30 40 54 77 80
3 10 20 33 37 40 50 60
3 10 20 33 37 40 77 80
3 10 20 33 60 70 77 80
3 10 20 37 47 50 54 70
3 10 20 40 50 54 60 67
3 10 20 47 54 67 70 80
3 10 23 26 27 40 47 57
3 10 23 26 27 53 54 70
3 10 23 26 33 43 70 74
3 10 23 26 40 43 53 54
3 10 23 26 40 54 64 74
3 10 23 26 54 57 70 74
3 10 23 27 33 40 47 74
3 10 23 27 33 53 70 77
3 10 23 27 33 64 70 74
3 10 23 27 40 54 74 77
3 10 23 33 40 43 53 57
3 10 23 33 40 43 74 77
3 10 23 33 57 70 74 77
3 10 23 40 53 54 57 64
3 10 23 43 47 53 54 70
3 10 23 47 54 64 70 74
3 10 26 27 37 40 57 77
3 10 26 30 40 43 60 77
3 10 26 33 37 47 50 67
3 10 26 33 43 47 53 64
3 10 26 33 50 67 70 80
3 10 26 33 53 64 70 74
3 10 26 37 54 57 67 77
3 10 26 43 54 60 64 77
3 10 27 40 43 53 54 74
3 10 27 47 53 57 70 77
3 10 30 37 40 50 54 80
3 10 30 47 50 60 70 77
3 10 33 40 47 50 60 80
3 10 33 40 47 53 57 74
3 10 33 40 50 67 77 80
3 10 33 40 53 64 74 77
3 10 37 47 54 67 77 80
3 10 37 50 54 60 70 80
3 10 40 50 54 60 77 80
3 10 40 53 54 57 74 77
3 10 43 47 54 64 74 77
3 10 43 53 54 57 70 74
3 11 14 19 25 27 49 68
3 11 14 19 25 27 52 71
3 11 14 19 27 38 52 73
3 11 14 19 33 52 57 68
3 11 14 19 33 60 71 76
3 11 14 19 44 49 60 73
3 11 14 25 27 44 49 76
3 11 14 25 30 49 54 71
3 11 14 25 30 60 68 73
3 11 14 25 38 52 60 76
3 11 14 27 30 44 49 73
3 11 14 27 33 38 52 76
3 11 14 27 49 54 68 73
3 11 14 27 52 57 71 76
3 11 14 49 52 60 68 73
3 11 14 49 52 60 71 76
3 11 17 19 22 27 46 68
3 11 17 19 22 27 52 65
3 11 17 19 27 41 52 79
3 11 17 19 30 52 54 68
3 11 17 19 30 60 65 76
3 11 17 19 44 46 60 79
3 11 17 22 27 44 46 76
3 11 17 22 33 46 57 65
3 11 17 22 33 60 68 79
3 11 17 22 41 52 60 76
3 11 17 27 30 41 52 76
3 11 17 27 33 44 46 79
3 11 17 27 46 57 68 79
3 11 17 27 52 54 65 76
3 11 17 46 52 60 65 76
3 11 17 46 52 60 68 79
3 11 19 22 27 41 68 79
3 11 19 22 33 44 52 57
3 11 19 22 33 46 60 68
3 11 19 22 41 44 46 60
3 11 19 22 44 60 65 79
3 11 19 22 57 60 68 79
3 11 19 25 27 38 68 73
3 11 19 25 30 44 52 54
3 11 19 25 30 49 60 68
3 11 19 25 38 44 49 60
3 11 19 25 44 60 71 73
3 11 19 25 54 60 68 73
3 11 19 27 38 49 52 71
3 11 19 27 41 46 52 65
3 11 19 27 46 65 68 79
3 11 19 27 49 68 71 73
3 11 19 30 41 44 54 76
3 11 19 33 38 44 57 76
3 11 19 38 57 60 71 76
3 11 19 41 54 60 65 76
3 11 22 27 33 44 52 79
3 11 22 27 33 46 68 76
3 11 22 27 33 65 68 79
3 11 22 27 41 44 46 57
3 11 22 27 41 44 76 79
3 11 22 27 57 68 76 79
3 11 22 33 44 60 76 79
3 11 22 41 46 52 60 68
3 11 22 44 46 57 60 65
3 11 22 52 60 65 68 79
3 11 25 27 30 44 52 73
3 11 25 27 30 49 68 76
3 11 25 27 30 68 71 73
3 11 25 27 38 44 49 54
3 11 25 27 38 44 73 76
3 11 25 27 54 68 73 76
3 11 25 30 44 60 73 76
3 11 25 38 49 52 60 68
3 11 25 44 49 54 60 71
3 11 25 52 60 68 71 73
3 11 27 44 46 52 57 79
3 11 27 44 46 65 76 79
3 11 27 44 49 52 54 73
3 11 27 44 49 71 73 76
3 11 30 38 44 49 60 73
3 11 30 49 52 54 68 76
3 11 33 41 44 46 60 79
3 11 33 46 52 57 68 76
3 11 38 49 54 60 68 73
3 11 38 52 60 71 73 76
3 11 41 46 57 60 68 79
3 11 41 52 60 65 76 79
3 11 44 46 57 60 76 79
3 11 44 49 54 60 73 76
3 12 15 18 21 30 45 66
3 12 15 18 21 30 48 69
3 12 15 18 30 39 45 75
3 12 15 18 33 45 60 69
3 12 15 18 33 57 66 72
3 12 15 18 42 48 57 75
3 12 15 21 27 48 54 66
3 12 15 21 27 57 69 75
3 12 15 21 30 42 48 72
3 12 15 21 39 45 57 72
3 12 15 27 30 42 48 75
3 12 15 30 33 39 45 72
3 12 15 30 45 60 66 72
3 12 15 30 48 54 69 75
3 12 15 45 48 57 66 72
3 12 15 45 48 57 69 75
3 12 18 21 30 42 66 72
3 12 18 21 33 39 48 60
3 12 18 21 33 45 57 66
3 12 18 21 39 42 45 57
3 12 18 21 39 57 69 72
3 12 18 21 57 60 66 72
3 12 18 30 33 39 48 72
3 12 18 30 33 45 66 75
3 12 18 30 33 66 69 72
3 12 18 30 39 42 45 60
3 12 18 30 39 42 72 75
3 12 18 30 60 66 72 75
3 12 18 33 39 57 72 75
3 12 18 39 45 57 60 69
3 12 18 42 45 48 57 66
3 12 18 48 57 66 69 72
3 12 21 24 27 39 48 54
3 12 21 24 27 51 57 66
3 12 21 24 30 36 66 78
3 12 21 24 36 39 51 57
3 12 21 24 39 57 63 78
3 12 21 24 54 57 66 78
3 12 21 27 39 42 54 75
3 12 21 30 36 48 51 63
3 12 21 30 42 45 48 69
3 12 21 30 45 66 69 72
3 12 21 30 51 63 66 78
3 12 21 33 36 39 60 75
3 12 21 36 57 60 63 75
3 12 21 42 54 57 69 75
3 12 24 27 30 39 48 78
3 12 24 27 30 51 66 75
3 12 24 27 30 63 66 78
3 12 24 27 39 57 75 78
3 12 24 30 36 39 51 54
3 12 24 30 36 39 75 78
3 12 24 30 54 66 75 78
3 12 24 36 48 51 57 66
3 12 24 39 51 54 57 63
3 12 24 48 57 63 66 78
3 12 27 36 39 51 57 78
3 12 27 48 51 54 66 75
3 12 30 39 45 48 60 72
3 12 30 39 45 69 72 75
3 12 30 39 48 51 54 78
3 12 30 39 51 63 75 78
3 12 33 39 42 45 57 72
3 12 33 45 48 60 66 75
3 12 36 48 57 63 75 78
3 12 36 51 54 57 66 78
3 12 39 45 57 60 72 75
3 12 39 51 54 57 75 78
3 12 42 45 57 60 66 72
3 12 42 48 57 69 72 75
3 13 16 20 23 33 50 64
3 13 16 20 23 33 53 67
3 13 16 20 27 50 57 67
3 13 16 20 27 54 64 80
3 13 16 20 33 43 50 74
3 13 16 20 37 53 54 74
3 13 16 23 30 53 60 64
3 13 16 23 30 54 67 74
3 13 16 23 33 37 53 80
3 13 16 23 43 50 54 80
3 13 16 27 33 43 50 80
3 13 16 30 33 37 53 74
3 13 16 33 50 57 64 80
3 13 16 33 53 60 67 74
3 13 16 50 53 54 64 80
3 13 16 50 53 54 67 74
3 13 20 23 27 43 53 57
3 13 20 23 27 50 54 64
3 13 20 23 33 37 64 80
3 13 20 23 37 43 50 54
3 13 20 23 43 54 67 80
3 13 20 23 54 57 64 80
3 13 20 27 33 43 53 80
3 13 20 27 33 50 64 74
3 13 20 27 33 64 67 80
3 13 20 27 43 54 74 80
3 13 20 33 37 43 50 57
3 13 20 33 37 43 74 80
3 13 20 33 57 64 74 80
3 13 20 37 50 53 54 64
3 13 20 43 50 54 57 67
3 13 20 53 54 64 67 80
3 13 23 26 30 43 53 60
3 13 23 26 30 47 54 64
3 13 23 26 33 40 64 77
3 13 23 26 40 43 47 54
3 13 23 26 43 54 70 77
3 13 23 26 54 60 64 77
3 13 23 27 40 43 57 74
3 13 23 30 37 43 60 74
3 13 23 33 37 50 53 67
3 13 23 33 40 47 53 70
3 13 23 33 47 64 70 77
3 13 23 33 50 64 67 80
3 13 23 37 54 60 67 74
3 13 23 40 54 57 70 74
3 13 26 30 33 43 53 77
3 13 26 30 33 47 64 74
3 13 26 30 33 64 70 77
3 13 26 30 43 54 74 77
3 13 26 33 40 43 47 60
3 13 26 33 40 43 74 77
3 13 26 33 60 64 74 77
3 13 26 40 47 53 54 64
3 13 26 43 47 54 60 70
3 13 26 53 54 64 70 77
3 13 27 37 43 50 54 80
3 13 27 50 53 57 64 74
3 13 30 40 43 47 54 77
3 13 30 47 53 60 64 74
3 13 33 43 47 53 60 77
3 13 33 43 47 70 74 77
3 13 33 43 50 53 57 80
3 13 33 43 50 67 74 80
3 13 37 50 54 57 64 80
3 13 37 53 54 67 74 80
3 13 40 47 54 60 64 77
3 13 40 53 54 70 74 77
3 13 43 47 54 60 74 77
3 13 43 50 54 57 74 80
3 14 17 22 25 27 46 71
3 14 17 22 25 27 49 65
3 14 17 22 27 38 46 73
3 14 17 22 30 46 54 65
3 14 17 22 30 60 71 79
3 14 17 22 41 49 60 73
3 14 17 25 27 41 49 79
3 14 17 25 33 49 57 71
3 14 17 25 33 60 65 73
3 14 17 25 38 46 60 79
3 14 17 27 30 38 46 79
3 14 17 27 33 41 49 73
3 14 17 27 46 54 71 79
3 14 17 27 49 57 65 73
3 14 17 46 49 60 65 73
3 14 17 46 49 60 71 79
3 14 19 25 27 44 71 76
3 14 19 25 33 38 49 57
3 14 19 25 33 52 60 71
3 14 19 25 38 44 52 60
3 14 19 25 38 60 68 76
3 14 19 25 57 60 71 76
3 14 19 27 33 38 49 76
3 14 19 27 33 52 71 73
3 14 19 27 33 68 71 76
3 14 19 27 38 44 52 57
3 14 19 27 38 44 73 76
3 14 19 27 57 71 73 76
3 14 19 33 38 60 73 76
3 14 19 38 52 57 60 68
3 14 19 44 49 52 60 71
3 14 19 49 60 68 71 76
3 14 22 25 27 41 71 79
3 14 22 25 30 38 49 54
3 14 22 25 30 46 60 71
3 14 22 25 38 41 46 60
3 14 22 25 38 60 65 79
3 14 22 25 54 60 71 79
3 14 22 27 30 38 49 79
3 14 22 27 30 46 71 73
3 14 22 27 30 65 71 79
3 14 22 27 38 41 46 54
3 14 22 27 38 41 73 79
3 14 22 27 54 71 73 79
3 14 22 30 38 60 73 79
3 14 22 38 46 54 60 65
3 14 22 41 46 49 60 71
3 14 22 49 60 65 71 79
3 14 25 27 41 46 49 65
3 14 25 27 44 49 52 68
3 14 25 27 46 65 71 79
3 14 25 27 52 68 71 76
3 14 25 30 38 44 54 73
3 14 25 33 38 41 57 73
3 14 25 41 57 60 65 73
3 14 25 44 54 60 68 73
3 14 27 38 46 49 54 79
3 14 27 38 46 65 73 79
3 14 27 38 49 52 57 76
3 14 27 38 52 68 73 76
3 14 30 38 41 46 60 79
3 14 30 46 49 54 71 73
3 14 33 38 44 52 60 76
3 14 33 49 52 57 71 73
3 14 38 46 54 60 73 79
3 14 38 52 57 60 73 76
3 14 41 46 54 60 71 79
3 14 41 49 60 65 73 79
3 14 44 49 60 68 73 76
3 14 44 52 57 60 71 76
3 15 18 21 27 42 45 54
3 15 18 21 27 48 57 69
3 15 18 21 30 39 69 75
3 15 18 21 39 42 48 57
3 15 18 21 42 57 66 75
3 15 18 21 54 57 69 75
3 15 18 24 30 36 69 78
3 15 18 24 33 42 45 60
3 15 18 24 33 51 57 69
3 15 18 24 36 42 51 57
3 15 18 24 42 57 63 78
3 15 18 24 57 60 69 78
3 15 18 27 36 42 54 72
3 15 18 30 36 45 51 63
3 15 18 30 39 45 48 66
3 15 18 30 48 66 69 75
3 15 18 30 51 63 69 78
3 15 18 33 39 42 60 72
3 15 18 36 54 57 63 72
3 15 18 39 57 60 66 72
3 15 21 27 30 42 45 75
3 15 21 27 30 48 69 72
3 15 21 27 30 66 69 75
3 15 21 27 42 57 72 75
3 15 21 30 39 42 48 54
3 15 21 30 39 42 72 75
3 15 21 30 54 69 72 75
3 15 21 39 45 48 57 69
3 15 21 42 48 54 57 66
3 15 21 45 57 66 69 75
3 15 24 30 33 42 45 78
3 15 24 30 33 51 69 72
3 15 24 30 33 63 69 78
3 15 24 30 36 42 51 60
3 15 24 30 36 42 72 78
3 15 24 30 60 69 72 78
3 15 24 33 42 57 72 78
3 15 24 36 45 51 57 69
3 15 24 42 51 57 60 63
3 15 24 45 57 63 69 78
3 15 27 39 42 48 57 75
3 15 27 45 48 54 69 72
3 15 30 42 45 48 54 75
3 15 30 42 45 51 60 78
3 15 30 42 48 66 72 75
3 15 30 42 51 63 72 78
3 15 33 36 42 51 57 78
3 15 33 45 51 60 69 72
3 15 36 45 57 63 72 78
3 15 36 51 57 60 69 78
3 15 39 45 57 66 72 75
3 15 39 48 54 57 69 75
3 15 42 48 54 57 72 75
3 15 42 51 57 60 72 78
3 16 20 23 30 37 50 60
3 16 20 23 30 53 54 67
3 16 20 23 33 43 67 74
3 16 20 23 37 43 53 54
3 16 20 23 37 54 64 74
3 16 20 23 54 60 67 74
3 16 20 26 27 37 50 57
3 16 20 26 27 47 54 67
3 16 20 26 33 40 67 77
3 16 20 26 37 40 47 54
3 16 20 26 37 54 70 77
3 16 20 26 54 57 67 77
3 16 20 27 37 43 57 80
3 16 20 30 37 40 60 80
3 16 20 33 40 47 50 70
3 16 20 33 43 50 53 64
3 16 20 33 47 67 70 77
3 16 20 33 53 64 67 74
3 16 20 40 54 60 70 80
3 16 20 43 54 57 64 80
3 16 23 30 33 37 50 74
3 16 23 30 33 53 67 80
3 16 23 30 33 64 67 74
3 16 23 30 37 54 74 80
3 16 23 33 37 43 53 60
3 16 23 33 37 43 74 80
3 16 23 33 60 67 74 80
3 16 23 37 53 54 60 64
3 16 23 43 50 53 54 67
3 16 23 50 54 64 67 74
3 16 26 27 33 37 50 77
3 16 26 27 33 47 67 80
3 16 26 27 33 67 70 77
3 16 26 27 37 54 77 80
3 16 26 33 37 40 47 57
3 16 26 33 37 40 77 80
3 16 26 33 57 67 77 80
3 16 26 37 47 54 57 70
3 16 26 40 47 50 54 67
3 16 26 50 54 67 70 77
3 16 27 37 40 47 54 77
3 16 27 47 50 57 67 80
3 16 30 37 43 53 54 74
3 16 30 50 53 60 67 80
3 16 33 37 47 50 57 77
3 16 33 37 47 70 77 80
3 16 33 37 50 53 60 74
3 16 33 37 53 64 74 80
3 16 37 47 54 57 77 80
3 16 37 53 54 60 74 80
3 16 40 47 54 57 67 77
3 16 40 50 54 70 77 80
3 16 43 50 54 64 74 80
3 16 43 53 54 60 67 74
3 17 19 22 27 44 65 76
3 17 19 22 30 41 46 54
3 17 19 22 30 52 60 65
3 17 19 22 41 44 52 60
3 17 19 22 41 60 68 76
3 17 19 22 54 60 65 76
3 17 19 27 30 41 46 76
3 17 19 27 30 52 65 79
3 17 19 27 30 65 68 76
3 17 19 27 41 44 52 54
3 17 19 27 41 44 76 79
3 17 19 27 54 65 76 79
3 17 19 30 41 60 76 79
3 17 19 41 52 54 60 68
3 17 19 44 46 52 60 65
3 17 19 46 60 65 68 76
3 17 22 25 27 38 65 73
3 17 22 25 33 41 46 57
3 17 22 25 33 49 60 65
3 17 22 25 38 41 49 60
3 17 22 25 41 60 71 73
3 17 22 25 57 60 65 73
3 17 22 27 38 46 49 71
3 17 22 27 44 46 52 68
3 17 22 27 49 65 71 73
3 17 22 27 52 65 68 76
3 17 22 30 38 41 54 79
3 17 22 33 41 44 57 79
3 17 22 38 54 60 71 79
3 17 22 44 57 60 68 79
3 17 25 27 33 41 46 73
3 17 25 27 33 49 65 79
3 17 25 27 33 65 71 73
3 17 25 27 38 41 49 57
3 17 25 27 38 41 73 79
3 17 25 27 57 65 73 79
3 17 25 33 41 60 73 79
3 17 25 38 46 49 60 65
3 17 25 41 49 57 60 71
3 17 25 46 60 65 71 73
3 17 27 41 46 49 57 73
3 17 27 41 46 52 54 76
3 17 27 41 49 71 73 79
3 17 27 41 52 68 76 79
3 17 30 41 44 52 60 76
3 17 30 46 52 54 65 79
3 17 33 38 41 49 60 73
3 17 33 46 49 57 65 79
3 17 38 46 60 71 73 79
3 17 38 49 57 60 65 73
3 17 41 49 57 60 73 79
3 17 41 52 54 60 76 79
3 17 44 46 60 68 76 79
3 17 44 52 54 60 65 76
3 18 21 30 39 45 60 66
3 18 21 30 42 48 54 69
3 18 24 30 36 45 54 63
3 18 24 30 42 51 60 69
3 18 27 30 36 42 45 63
3 18 27 30 42 48 69 75
3 18 27 36 45 57 63 69
3 18 27 42 54 69 72 75
3 18 30 33 39 42 45 66
3 18 30 33 42 51 69 78
3 18 30 36 42 51 63 72
3 18 30 36 54 63 69 72
3 18 30 39 42 48 66 72
3 18 30 39 60 66 69 72
3 18 33 39 45 57 66 69
3 18 33 42 60 69 72 78
3 18 36 42 45 57 63 78
3 18 36 45 51 54 57 63
3 18 36 57 63 69 72 78
3 18 39 42 45 57 66 75
3 18 39 45 48 57 60 66
3 18 39 57 66 69 72 75
3 19 22 27 41 52 54 65
3 19 22 27 44 46 57 68
3 19 25 27 38 52 57 71
3 19 25 27 44 49 54 68
3 19 27 30 41 44 52 65
3 19 27 30 44 49 68 73
3 19 27 33 38 44 52 71
3 19 27 33 44 46 68 79
3 19 27 38 44 49 71 76
3 19 27 38 57 68 71 76
3 19 27 41 44 46 65 76
3 19 27 41 54 65 68 76
3 19 30 41 52 60 65 68
3 19 30 44 54 68 73 76
3 19 33 38 52 60 68 71
3 19 33 44 57 68 76 79
3 19 38 44 52 60 71 73
3 19 38 49 52 57 60 71
3 19 38 60 68 71 73 76
3 19 41 44 52 60 65 79
3 19 41 46 52 54 60 65
3 19 41 60 65 68 76 79
3 20 23 33 37 53 60 67
3 20 23 33 43 50 57 64
3 20 26 33 37 47 57 67
3 20 26 33 40 50 60 70
3 20 27 33 37 43 50 64
3 20 27 33 37 47 67 77
3 20 27 37 57 67 77 80
3 20 27 43 50 54 64 67
3 20 30 33 37 40 50 70
3 20 30 33 37 53 67 74
3 20 30 37 60 67 74 80
3 20 30 40 50 54 67 70
3 20 33 37 40 47 70 80
3 20 33 37 43 53 64 80
3 20 33 40 60 67 70 80
3 20 33 43 57 64 67 80
3 20 37 40 50 54 70 77
3 20 37 43 50 54 64 74
3 20 40 47 50 54 60 70
3 20 40 54 67 70 77 80
3 20 43 50 53 54 57 64
3 20 43 54 64 67 74 80
3 21 24 30 36 48 60 63
3 21 24 30 39 51 54 66
3 21 27 30 39 42 48 69
3 21 27 30 39 51 66 78
3 21 27 39 54 66 75 78
3 21 27 42 48 57 66 69
3 21 30 33 36 39 48 63
3 21 30 33 39 45 66 72
3 21 30 36 39 51 63 75
3 21 30 36 60 63 66 75
3 21 30 39 42 45 69 75
3 21 30 42 54 66 69 75
3 21 33 36 48 57 63 66
3 21 33 39 60 66 72 75
3 21 36 39 48 57 63 78
3 21 36 48 51 57 60 63
3 21 36 57 63 66 75 78
3 21 39 42 48 57 69 72
3 21 42 45 48 54 57 69
3 21 42 57 66 69 72 75
3 22 25 27 38 46 54 71
3 22 25 27 41 49 57 65
3 22 27 30 38 41 46 71
3 22 27 30 41 52 65 76
3 22 27 33 41 44 46 68
3 22 27 33 41 49 65 73
3 22 27 38 41 49 71 79
3 22 27 38 54 65 71 79
3 22 27 41 44 52 68 79
3 22 27 44 57 65 68 79
3 22 30 38 46 60 65 71
3 22 30 41 54 65 76 79
3 22 33 41 57 65 73 79
3 22 33 44 46 60 65 68
3 22 38 41 46 60 71 73
3 22 38 46 49 54 60 71
3 22 38 60 65 71 73 79
3 22 41 44 46 60 68 76
3 22 44 46 52 57 60 68
3 22 44 60 65 68 76 79
3 23 26 33 40 53 57 70
3 23 26 33 43 47 60 64
3 23 27 33 40 43 53 70
3 23 27 33 43 50 64 80
3 23 27 40 53 54 64 70
3 23 27 43 57 64 74 80
3 23 30 33 37 43 53 67
3 23 30 33 43 47 64 77
3 23 30 37 53 54 64 67
3 23 30 43 60 64 74 77
3 23 33 37 43 50 67 74
3 23 33 37 60 64 67 74
3 23 33 40 43 47 70 74
3 23 33 40 57 64 70 74
3 23 37 43 53 54 67 80
3 23 37 50 53 54 60 67
3 23 37 54 64 67 74 80
3 23 40 43 53 54 70 77
3 23 40 47 53 54 57 70
3 23 40 54 64 70 74 77
3 24 27 30 36 39 51 66
3 24 27 30 36 45 63 72
3 24 27 36 54 63 72 78
3 24 27 39 51 57 63 66
3 24 30 33 36 42 51 69
3 24 30 33 36 48 63 75
3 24 30 36 39 48 66 78
3 24 30 36 42 45 69 78
3 24 30 39 54 63 66 78
3 24 30 42 60 63 69 78
3 24 33 36 60 63 75 78
3 24 33 42 51 57 63 69
3 24 36 39 51 57 66 75
3 24 36 42 51 57 69 72
3 24 39 48 51 54 57 66
3 24 39 57 63 66 75 78
3 24 42 45 51 57 60 69
3 24 42 57 63 69 72 78
3 25 27 30 38 44 49 68
3 25 27 30 38 46 71 79
3 25 27 33 38 41 49 65
3 25 27 33 38 52 71 76
3 25 27 38 41 46 65 73
3 25 27 38 44 52 68 73
3 25 27 41 57 65 71 73
3 25 27 44 54 68 71 73
3 25 30 38 54 71 73 79
3 25 30 44 49 60 68 71
3 25 33 38 57 71 73 76
3 25 33 41 49 60 65 71
3 25 38 41 49 60 65 79
3 25 38 44 49 60 68 76
3 25 41 46 49 57 60 65
3 25 41 60 65 71 73 79
3 25 44 49 52 54 60 68
3 25 44 60 68 71 73 76
3 26 27 33 37 40 47 67
3 26 27 33 40 53 70 74
3 26 27 37 47 54 67 70
3 26 27 40 57 70 74 77
3 26 30 33 40 43 47 64
3 26 30 33 40 50 70 80
3 26 30 40 60 70 77 80
3 26 30 43 47 54 64 70
3 26 33 37 40 50 67 77
3 26 33 37 57 67 70 77
3 26 33 40 43 53 64 77
3 26 33 43 60 64 70 77
3 26 37 40 47 54 67 80
3 26 37 47 50 54 57 67
3 26 37 54 67 70 77 80
3 26 40 43 47 54 64 74
3 26 43 47 53 54 60 64
3 26 43 54 64 70 74 77
3 27 28 29 33 34 56 59
3 27 28 29 33 35 55 61
3 27 28 30 31 32 56 62
3 27 28 30 32 35 55 58
3 27 28 30 34 35 56 59
3 27 28 31 33 35 56 62
3 27 29 30 31 32 58 61
3 27 29 30 31 34 59 62
3 27 29 30 34 35 55 61
3 27 29 32 33 34 58 61
3 27 31 32 33 34 59 62
3 27 31 32 33 35 55 58
3 27 36 45 51 57 63 72
3 27 36 51 54 63 66 78
3 27 37 47 50 54 67 77
3 27 37 50 57 64 67 80
3 27 38 46 49 65 71 79
3 27 38 49 52 68 71 76
3 27 39 48 51 57 66 78
3 27 39 48 54 66 69 75
3 27 40 47 53 54 70 74
3 27 40 47 57 67 70 77
3 27 41 46 49 65 71 73
3 27 41 46 52 65 68 76
3 27 42 45 48 57 69 75
3 27 42 45 54 63 69 72
3 27 43 50 53 54 64 80
3 27 43 53 57 64 70 74
3 27 44 46 52 65 68 79
3 27 44 49 52 68 71 73
3 28 29 30 31 33 56 62
3 28 29 30 32 33 58 61
3 28 30 32 33 34 56 59
3 28 31 54 55 57 59 62
3 28 31 54 58 59 60 62
3 28 31 57 59 60 61 62
3 28 34 54 55 56 60 62
3 28 34 54 56 57 61 62
3 28 34 56 57 58 60 62
3 29 30 31 33 35 55 61
3 29 32 54 55 56 60 61
3 29 32 54 55 57 61 62
3 29 32 55 57 59 60 61
3 29 35 54 55 57 58 59
3 29 35 54 55 58 60 62
3 29 35 55 56 57 58 60
3 30 31 33 34 35 59 62
3 30 32 33 34 35 55 58
3 30 36 45 51 63 69 72
3 30 36 48 51 63 66 75
3 30 37 50 53 54 67 74
3 30 37 50 60 67 70 80
3 30 38 46 49 60 71 79
3 30 38 49 54 68 71 73
3 30 39 45 48 66 69 72
3 30 39 48 51 63 66 78
3 30 40 47 50 54 70 80
3 30 40 47 60 64 70 77
3 30 41 46 52 60 65 76
3 30 41 46 54 65 71 79
3 30 42 45 48 66 69 75
3 30 42 45 51 63 69 78
3 30 43 47 53 54 64 77
3 30 43 53 60 64 67 74
3 30 44 49 52 60 68 73
3 30 44 52 54 65 68 76
3 31 34 54 56 57 58 59
3 31 34 54 56 59 60 61
3 31 34 55 56 57 59 60
3 32 35 54 56 57 58 61
3 32 35 54 58 59 60 61
3 32 35 57 58 60 61 62
3 33 36 48 51 57 63 75
3 33 36 51 60 63 69 78
3 33 37 47 50 67 70 77
3 33 37 50 53 64 67 74
3 33 38 49 52 60 71 76
3 33 38 49 57 65 71 73
3 33 39 45 48 57 66 72
3 33 39 48 60 63 66 75
3 33 40 47 50 67 70 80
3 33 40 47 53 64 70 74
3 33 41 46 49 60 65 73
3 33 41 46 57 65 68 79
3 33 42 45 51 57 69 78
3 33 42 45 60 66 69 72
3 33 43 47 53 64 70 77
3 33 43 50 53 64 67 80
3 33 44 46 52 60 68 79
3 33 44 52 57 68 71 76
4 5 7 8 27 30 59 61
4 5 7 8 27 33 55 62
4 5 7 8 28 35 54 60
4 5 7 8 29 31 57 60
4 5 7 8 30 33 56 58
4 5 7 8 32 34 54 57
4 5 27 30 56 58 61 62
4 5 27 33 55 56 59 61
4 5 28 29 32 34 54 60
4 5 28 31 32 35 57 60
4 5 29 31 34 35 54 57
4 5 30 33 55 58 59 62
4 6 27 28 30 31 56 59
4 6 27 28 33 34 59 62
4 6 29 32 54 55 57 58
4 6 29 35 57 58 60 61
4 6 30 31 33 34 56 62
4 6 32 35 54 55 60 61
4 7 9 12 20 36 55 77
4 7 9 12 20 42 61 77
4 7 9 15 23 39 61 80
4 7 9 15 23 42 55 80
4 7 9 20 28 36 53 66
4 7 9 20 28 42 47 53
4 7 9 20 28 42 69 77
4 7 9 20 42 53 61 80
4 7 9 20 47 55 66 80
4 7 9 20 53 61 66 69
4 7 9 23 31 39 47 66
4 7 9 23 31 42 47 53
4 7 9 23 31 42 63 80
4 7 9 23 42 47 55 77
4 7 9 23 47 55 63 66
4 7 9 23 53 61 66 77
4 7 9 28 39 47 63 80
4 7 9 28 53 66 77 80
4 7 9 31 36 53 69 77
4 7 9 31 47 66 77 80
4 7 10 13 22 37 58 76
4 7 10 13 22 40 61 76
4 7 10 16 25 37 61 79
4 7 10 16 25 43 58 79
4 7 10 22 31 37 49 52
4 7 10 22 31 37 67 76
4 7 10 22 31 40 49 64
4 7 10 22 37 49 58 79
4 7 10 22 49 58 64 67
4 7 10 22 52 61 64 79
4 7 10 25 34 37 49 52
4 7 10 25 34 37 70 79
4 7 10 25 34 43 52 64
4 7 10 25 37 52 61 76
4 7 10 25 49 58 64 76
4 7 10 25 52 61 64 70
4 7 10 31 43 52 70 79
4 7 10 31 49 64 76 79
4 7 10 34 40 49 67 76
4 7 10 34 52 64 76 79
4 7 11 14 24 41 55 75
4 7 11 14 24 44 58 75
4 7 11 17 18 38 55 78
4 7 11 17 18 41 58 78
4 7 11 18 28 38 48 71
4 7 11 18 28 41 45 48
4 7 11 18 28 41 68 78
4 7 11 18 41 48 58 75
4 7 11 18 45 55 71 75
4 7 11 18 48 58 68 71
4 7 11 24 34 41 45 48
4 7 11 24 34 41 65 75
4 7 11 24 34 44 45 71
4 7 11 24 41 45 55 78
4 7 11 24 45 55 65 71
4 7 11 24 48 58 71 78
4 7 11 28 44 45 65 75
4 7 11 28 48 71 75 78
4 7 11 34 38 48 68 78
4 7 11 34 45 71 75 78
4 7 12 15 26 36 61 74
4 7 12 15 26 39 55 74
4 7 12 20 31 36 50 53
4 7 12 20 31 36 66 77
4 7 12 20 31 42 53 69
4 7 12 20 36 53 55 74
4 7 12 20 50 61 69 74
4 7 12 20 53 55 66 69
4 7 12 26 28 36 50 53
4 7 12 26 28 36 63 74
4 7 12 26 28 39 50 69
4 7 12 26 36 50 61 77
4 7 12 26 50 61 63 69
4 7 12 26 53 55 69 77
4 7 12 28 42 53 66 77
4 7 12 28 50 69 74 77
4 7 12 31 39 50 63 74
4 7 12 31 53 69 74 77
4 7 13 16 19 40 58 73
4 7 13 16 19 43 61 73
4 7 13 19 31 40 46 49
4 7 13 19 31 40 70 73
4 7 13 19 31 43 46 67
4 7 13 19 40 46 58 76
4 7 13 19 46 58 67 70
4 7 13 19 49 61 67 76
4 7 13 22 34 37 49 67
4 7 13 22 34 40 46 49
4 7 13 22 34 40 64 76
4 7 13 22 40 49 61 73
4 7 13 22 46 58 67 73
4 7 13 22 49 61 64 67
4 7 13 31 37 49 64 76
4 7 13 31 46 67 73 76
4 7 13 34 43 46 70 73
4 7 13 34 49 67 73 76
4 7 14 17 21 38 58 72
4 7 14 17 21 44 55 72
4 7 14 21 34 38 51 65
4 7 14 21 34 44 45 51
4 7 14 21 34 44 68 72
4 7 14 21 44 51 55 75
4 7 14 21 45 58 65 75
4 7 14 21 51 55 65 68
4 7 14 24 28 41 45 65
4 7 14 24 28 44 45 51
4 7 14 24 28 44 71 75
4 7 14 24 44 45 58 72
4 7 14 24 45 58 65 71
4 7 14 24 51 55 65 72
4 7 14 28 38 51 68 72
4 7 14 28 45 65 72 75
4 7 14 34 41 45 71 75
4 7 14 34 51 65 72 75
4 7 15 23 28 39 47 50
4 7 15 23 28 39 66 80
4 7 15 23 28 42 47 63
4 7 15 23 39 47 61 74
4 7 15 23 47 61 63 66
4 7 15 23 50 55 63 74
4 7 15 26 31 36 50 63
4 7 15 26 31 39 47 50
4 7 15 26 31 39 69 74
4 7 15 26 39 50 55 80
4 7 15 26 47 61 63 80
4 7 15 26 50 55 63 69
4 7 15 28 36 50 69 74
4 7 15 28 47 63 74 80
4 7 15 31 42 47 66 80
4 7 15 31 50 63 74 80
4 7 16 19 34 40 46 70
4 7 16 19 34 43 46 52
4 7 16 19 34 43 67 73
4 7 16 19 43 46 61 79
4 7 16 19 46 61 67 70
4 7 16 19 52 58 70 79
4 7 16 25 31 37 52 70
4 7 16 25 31 43 46 52
4 7 16 25 31 43 64 79
4 7 16 25 43 52 58 73
4 7 16 25 46 61 70 73
4 7 16 25 52 58 64 70
4 7 16 31 40 46 67 73
4 7 16 31 52 70 73 79
4 7 16 34 37 52 64 79
4 7 16 34 46 70 73 79
4 7 17 18 34 38 48 51
4 7 17 18 34 38 71 78
4 7 17 18 34 41 48 68
4 7 17 18 38 48 55 72
4 7 17 18 48 55 68 71
4 7 17 18 51 58 68 72
4 7 17 21 28 38 48 51
4 7 17 21 28 38 65 72
4 7 17 21 28 44 51 68
4 7 17 21 38 51 58 78
4 7 17 21 48 55 68 78
4 7 17 21 51 58 65 68
4 7 17 28 41 48 71 78
4 7 17 28 51 68 72 78
4 7 17 34 44 51 65 72
4 7 17 34 48 68 72 78
4 7 18 21 28 38 68 72
4 7 18 21 34 38 68 78
4 7 18 24 28 41 71 78
4 7 18 24 34 41 71 75
4 7 18 38 51 55 68 78
4 7 18 41 45 58 71 78
4 7 19 22 31 40 67 73
4 7 19 22 34 40 67 76
4 7 19 25 31 43 70 79
4 7 19 25 34 43 70 73
4 7 19 40 49 58 67 73
4 7 19 43 52 61 70 73
4 7 20 23 28 42 66 77
4 7 20 23 31 42 66 80
4 7 20 26 28 36 69 74
4 7 20 26 31 36 69 77
4 7 20 36 50 55 69 77
4 7 20 42 47 61 66 77
4 7 21 24 28 44 65 75
4 7 21 24 34 44 65 72
4 7 21 38 48 58 68 72
4 7 21 44 45 55 65 72
4 7 22 25 31 37 64 76
4 7 22 25 34 37 64 79
4 7 22 37 52 58 64 76
4 7 22 40 46 61 67 76
4 7 23 26 28 39 63 80
4 7 23 26 31 39 63 74
4 7 23 39 50 61 63 80
4 7 23 42 53 55 66 80
4 7 24 41 48 55 71 75
4 7 24 44 51 58 65 75
4 7 25 37 49 61 64 79
4 7 25 43 46 58 70 79
4 7 26 36 53 61 69 74
4 7 26 39 47 55 63 74
4 7 27 28 29 30 32 59
4 7 27 28 29 33 35 60
4 7 27 28 30 32 35 54
4 7 27 28 32 33 35 62
4 7 27 29 30 31 32 57
4 7 27 29 30 31 35 59
4 7 27 29 30 32 56 60
4 7 27 29 30 34 35 60
4 7 27 29 30 35 54 56
4 7 27 29 31 32 33 62
4 7 27 29 32 33 34 57
4 7 27 29 32 33 59 60
4 7 27 29 33 34 35 62
4 7 27 29 33 35 54 59
4 7 27 29 54 56 57 62
4 7 27 30 32 34 35 59
4 7 27 30 32 35 56 57
4 7 27 31 32 33 35 54
4 7 27 32 33 35 57 59
4 7 27 32 54 56 60 62
4 7 27 35 56 57 60 62
4 7 27 54 55 57 59 62
4 7 27 54 58 59 60 62
4 7 27 57 59 60 61 62
4 7 28 29 30 32 33 57
4 7 28 29 30 33 35 56
4 7 29 30 31 33 35 60
4 7 29 30 32 33 34 56
4 7 29 30 32 33 60 62
4 7 29 30 33 35 54 62
4 7 29 30 54 57 59 62
4 7 29 33 54 56 57 59
4 7 29 55 56 57 60 62
4 7 29 56 57 59 60 61
4 7 29 57 58 59 60 62
4 7 30 31 32 33 35 56
4 7 30 32 33 34 35 54
4 7 30 32 33 35 57 62
4 7 30 32 54 59 60 62
4 7 30 35 57 59 60 62
4 7 30 54 56 57 58 59
4 7 30 54 56 59 60 61
4 7 30 55 56 57 59 60
4 7 32 33 54 56 59 60
4 7 32 54 55 56 57 59
4 7 32 54 56 57 58 62
4 7 32 54 57 59 61 62
4 7 33 35 56 57 59 60
4 7 33 54 55 56 60 62
4 7 33 54 56 57 61 62
4 7 33 56 57 58 60 62
4 7 35 54 55 59 60 62
4 7 35 54 56 58 59 60
4 7 35 54 56 60 61 62
4 7 36 39 50 55 63 74
4 7 36 39 50 61 69 74
4 7 36 42 53 55 69 77
4 7 36 42 53 61 66 77
4 7 37 40 49 58 64 76
4 7 37 40 49 61 67 76
4 7 37 43 52 58 70 79
4 7 37 43 52 61 64 79
4 7 38 41 48 55 68 78
4 7 38 41 48 58 71 78
4 7 38 44 51 55 65 72
4 7 38 44 51 58 68 72
4 7 39 42 47 55 66 80
4 7 39 42 47 61 63 80
4 7 40 43 46 58 67 73
4 7 40 43 46 61 70 73
4 7 41 44 45 55 71 75
4 7 41 44 45 58 65 75
4 8 27 30 55 56 58 62
4 8 27 33 56 58 59 61
4 8 28 29 31 35 54 57
4 8 28 32 34 35 57 60
4 8 29 31 32 34 54 60
4 8 30 33 55 59 61 62
4 9 12 20 23 28 47 69
4 9 12 20 23 28 53 66
4 9 12 20 28 42 53 80
4 9 12 20 31 53 55 69
4 9 12 20 31 61 66 77
4 9 12 20 36 47 61 80
4 9 12 23 28 36 47 77
4 9 12 23 34 47 58 66
4 9 12 23 34 61 69 80
4 9 12 23 42 53 61 77
4 9 12 28 31 42 53 77
4 9 12 28 34 36 47 80
4 9 12 28 47 58 69 80
4 9 12 28 53 55 66 77
4 9 12 47 53 61 66 77
4 9 12 47 53 61 69 80
4 9 15 23 26 28 47 63
4 9 15 23 26 28 50 66
4 9 15 23 28 39 47 74
4 9 15 23 31 47 55 66
4 9 15 23 31 61 63 80
4 9 15 23 42 50 61 74
4 9 15 26 28 42 50 80
4 9 15 26 34 50 58 63
4 9 15 26 34 61 66 74
4 9 15 26 39 47 61 80
4 9 15 28 31 39 47 80
4 9 15 28 34 42 50 74
4 9 15 28 47 55 63 80
4 9 15 28 50 58 66 74
4 9 15 47 50 61 63 80
4 9 15 47 50 61 66 74
4 9 20 23 28 36 66 77
4 9 20 23 31 42 47 55
4 9 20 23 31 53 61 66
4 9 20 23 36 42 53 61
4 9 20 23 42 61 69 77
4 9 20 23 55 61 66 77
4 9 20 28 31 42 47 77
4 9 20 28 31 53 66 80
4 9 20 28 31 66 69 77
4 9 20 28 36 42 53 55
4 9 20 28 36 42 77 80
4 9 20 28 55 66 77 80
4 9 20 31 42 61 77 80
4 9 20 36 47 53 61 66
4 9 20 42 53 55 61 69
4 9 20 47 61 66 69 77
4 9 23 26 28 39 66 74
4 9 23 26 34 42 47 58
4 9 23 26 34 50 61 66
4 9 23 26 39 42 50 61
4 9 23 26 42 61 63 74
4 9 23 26 58 61 66 74
4 9 23 28 36 47 53 69
4 9 23 28 39 47 50 63
4 9 23 28 50 63 66 74
4 9 23 28 53 66 69 77
4 9 23 31 39 42 55 80
4 9 23 34 36 42 58 80
4 9 23 36 58 61 69 80
4 9 23 39 55 61 63 80
4 9 26 28 34 42 47 74
4 9 26 28 34 50 66 80
4 9 26 28 34 63 66 74
4 9 26 28 39 42 50 58
4 9 26 28 39 42 74 80
4 9 26 28 58 66 74 80
4 9 26 34 42 61 74 80
4 9 26 39 47 50 61 66
4 9 26 42 50 58 61 63
4 9 26 47 61 63 66 74
4 9 28 42 47 50 58 74
4 9 28 42 47 53 55 77
4 9 28 42 50 63 74 80
4 9 28 42 53 69 77 80
4 9 31 36 42 53 61 77
4 9 31 47 53 55 66 80
4 9 34 39 42 50 61 74
4 9 34 47 50 58 66 80
4 9 36 47 61 69 77 80
4 9 36 53 55 61 66 77
4 9 39 47 61 63 74 80
4 9 39 50 58 61 66 74
4 9 42 50 58 61 74 80
4 9 42 53 55 61 77 80
4 10 13 22 25 31 49 64
4 10 13 22 25 31 52 67
4 10 13 22 31 37 49 79
4 10 13 22 34 49 61 67
4 10 13 22 34 58 64 76
4 10 13 22 40 52 58 79
4 10 13 25 28 52 55 64
4 10 13 25 28 58 67 79
4 10 13 25 31 40 52 76
4 10 13 25 37 49 58 76
4 10 13 28 31 40 52 79
4 10 13 31 34 37 49 76
4 10 13 31 49 61 64 76
4 10 13 31 52 55 67 79
4 10 13 49 52 58 64 76
4 10 13 49 52 58 67 79
4 10 16 19 25 31 46 64
4 10 16 19 25 31 52 70
4 10 16 19 28 46 55 70
4 10 16 19 28 58 64 73
4 10 16 19 31 37 46 79
4 10 16 19 43 52 58 79
4 10 16 25 31 43 52 73
4 10 16 25 34 52 61 64
4 10 16 25 34 58 70 79
4 10 16 25 37 46 58 73
4 10 16 28 31 37 46 73
4 10 16 31 34 43 52 79
4 10 16 31 46 55 64 73
4 10 16 31 52 61 70 79
4 10 16 46 52 58 64 73
4 10 16 46 52 58 70 79
4 10 19 25 28 37 52 55
4 10 19 25 28 46 58 64
4 10 19 25 31 43 64 73
4 10 19 25 37 43 46 58
4 10 19 25 37 58 70 73
4 10 19 25 55 58 64 73
4 10 19 28 31 37 52 73
4 10 19 28 31 46 64 79
4 10 19 28 31 64 70 73
4 10 19 28 37 58 73 79
4 10 19 31 37 43 46 55
4 10 19 31 37 43 73 79
4 10 19 31 55 64 73 79
4 10 19 37 46 55 58 70
4 10 19 43 46 52 58 64
4 10 19 52 58 64 70 73
4 10 22 25 31 40 64 76
4 10 22 25 34 37 52 61
4 10 22 25 34 49 58 64
4 10 22 25 37 40 49 58
4 10 22 25 37 58 67 76
4 10 22 25 58 61 64 76
4 10 22 31 34 37 52 76
4 10 22 31 34 49 64 79
4 10 22 31 34 64 67 76
4 10 22 31 37 40 49 61
4 10 22 31 37 40 76 79
4 10 22 31 61 64 76 79
4 10 22 34 37 58 76 79
4 10 22 37 49 58 61 67
4 10 22 40 49 52 58 64
4 10 22 52 58 64 67 76
4 10 25 28 37 40 55 79
4 10 25 31 40 49 52 67
4 10 25 31 43 46 52 70
4 10 25 31 46 64 70 73
4 10 25 31 49 64 67 76
4 10 25 34 37 43 61 79
4 10 25 40 55 58 67 79
4 10 25 43 58 61 70 79
4 10 28 37 43 46 58 73
4 10 28 46 52 55 64 79
4 10 31 37 46 52 55 73
4 10 31 37 46 70 73 79
4 10 31 37 49 52 61 76
4 10 31 37 49 67 76 79
4 10 34 37 40 49 58 76
4 10 34 49 52 61 64 79
4 10 37 46 55 58 73 79
4 10 37 49 58 61 76 79
4 10 40 49 58 61 64 76
4 10 40 52 58 67 76 79
4 10 43 46 55 58 64 73
4 10 43 52 58 70 73 79
4 11 14 18 24 34 45 71
4 11 14 18 24 34 48 65
4 11 14 18 31 48 61 71
4 11 14 18 31 55 65 78
4 11 14 18 34 44 48 75
4 11 14 18 41 45 55 75
4 11 14 24 28 45 58 65
4 11 14 24 28 55 71 75
4 11 14 24 34 41 45 78
4 11 14 24 44 48 55 78
4 11 14 28 34 41 45 75
4 11 14 31 34 44 48 78
4 11 14 34 45 58 71 75
4 11 14 34 48 61 65 78
4 11 14 45 48 55 65 78
4 11 14 45 48 55 71 75
4 11 17 18 21 34 48 68
4 11 17 18 21 34 51 71
4 11 17 18 28 48 58 71
4 11 17 18 28 55 68 78
4 11 17 18 34 38 48 72
4 11 17 18 41 51 55 72
4 11 17 21 31 51 61 68
4 11 17 21 31 55 71 72
4 11 17 21 34 41 51 78
4 11 17 21 38 48 55 78
4 11 17 28 34 38 48 78
4 11 17 31 34 41 51 72
4 11 17 34 48 58 68 78
4 11 17 34 51 61 71 72
4 11 17 48 51 55 68 78
4 11 17 48 51 55 71 72
4 11 18 21 31 41 48 61
4 11 18 21 31 51 55 71
4 11 18 21 34 38 71 72
4 11 18 21 38 41 51 55
4 11 18 21 41 55 68 72
4 11 18 21 55 61 71 72
4 11 18 24 28 41 48 58
4 11 18 24 28 45 55 71
4 11 18 24 34 44 71 75
4 11 18 24 41 44 45 55
4 11 18 24 41 55 65 75
4 11 18 24 55 58 71 75
4 11 18 28 38 41 58 78
4 11 18 31 41 44 61 78
4 11 18 34 38 48 51 68
4 11 18 34 44 45 48 65
4 11 18 34 45 65 71 75
4 11 18 34 51 68 71 72
4 11 18 38 55 58 68 78
4 11 18 44 55 61 65 78
4 11 21 31 34 41 48 72
4 11 21 31 34 51 71 78
4 11 21 31 34 68 71 72
4 11 21 31 41 55 72 78
4 11 21 34 38 41 51 61
4 11 21 34 38 41 72 78
4 11 21 34 61 71 72 78
4 11 21 38 48 51 55 71
4 11 21 41 51 55 61 68
4 11 21 48 55 68 71 72
4 11 24 28 34 41 48 75
4 11 24 28 34 45 71 78
4 11 24 28 34 65 71 75
4 11 24 28 41 55 75 78
4 11 24 34 41 44 45 58
4 11 24 34 41 44 75 78
4 11 24 34 58 71 75 78
4 11 24 41 45 55 58 65
4 11 24 44 45 48 55 71
4 11 24 48 55 65 71 75
4 11 28 41 44 45 55 75
4 11 28 45 48 58 71 78
4 11 31 38 41 51 55 72
4 11 31 48 51 61 71 78
4 11 34 41 45 48 58 75
4 11 34 41 45 65 75 78
4 11 34 41 48 51 61 72
4 11 34 41 51 68 72 78
4 11 38 48 55 68 72 78
4 11 38 51 55 61 71 72
4 11 41 45 55 58 75 78
4 11 41 51 55 61 72 78
4 11 44 45 55 58 71 75
4 11 44 48 55 65 75 78
4 12 15 20 26 28 50 69
4 12 15 20 26 28 53 63
4 12 15 20 28 39 53 74
4 12 15 20 34 53 58 69
4 12 15 20 34 61 63 77
4 12 15 20 36 50 61 74
4 12 15 26 28 36 50 77
4 12 15 26 31 50 55 63
4 12 15 26 31 61 69 74
4 12 15 26 39 53 61 77
4 12 15 28 31 36 50 74
4 12 15 28 34 39 53 77
4 12 15 28 50 55 69 74
4 12 15 28 53 58 63 77
4 12 15 50 53 61 63 77
4 12 15 50 53 61 69 74
4 12 20 23 28 42 69 80
4 12 20 23 34 36 53 58
4 12 20 23 34 47 61 69
4 12 20 23 36 42 47 61
4 12 20 23 36 61 66 80
4 12 20 23 58 61 69 80
4 12 20 26 28 39 69 74
4 12 20 26 31 36 53 55
4 12 20 26 31 50 61 69
4 12 20 26 36 39 50 61
4 12 20 26 36 61 63 74
4 12 20 26 55 61 69 74
4 12 20 28 39 50 53 63
4 12 20 28 42 47 53 66
4 12 20 28 47 66 69 80
4 12 20 28 50 63 69 74
4 12 20 31 36 42 55 77
4 12 20 34 36 39 58 77
4 12 20 39 58 61 63 77
4 12 20 42 55 61 66 77
4 12 23 28 34 36 53 80
4 12 23 28 34 47 69 77
4 12 23 28 34 66 69 80
4 12 23 28 36 42 47 58
4 12 23 28 36 42 77 80
4 12 23 28 58 69 77 80
4 12 23 34 36 61 77 80
4 12 23 36 47 58 61 66
4 12 23 42 47 53 61 69
4 12 23 53 61 66 69 80
4 12 26 28 31 36 53 74
4 12 26 28 31 50 69 77
4 12 26 28 31 63 69 74
4 12 26 28 36 39 50 55
4 12 26 28 36 39 74 77
4 12 26 28 55 69 74 77
4 12 26 31 36 61 74 77
4 12 26 36 50 55 61 63
4 12 26 39 50 53 61 69
4 12 26 53 61 63 69 74
4 12 28 36 47 53 58 80
4 12 28 36 47 66 77 80
4 12 28 36 50 53 55 74
4 12 28 36 50 63 74 77
4 12 31 36 39 50 61 74
4 12 31 50 53 55 69 77
4 12 34 36 42 47 61 80
4 12 34 47 53 58 69 77
4 12 36 47 58 61 77 80
4 12 36 50 55 61 74 77
4 12 39 50 55 61 69 74
4 12 39 53 61 63 74 77
4 12 42 47 58 61 69 80
4 12 42 53 61 66 77 80
4 13 16 19 22 31 46 67
4 13 16 19 22 31 49 70
4 13 16 19 31 40 46 76
4 13 16 19 34 46 61 70
4 13 16 19 34 58 67 73
4 13 16 19 43 49 58 76
4 13 16 22 28 49 55 67
4 13 16 22 28 58 70 76
4 13 16 22 31 43 49 73
4 13 16 22 40 46 58 73
4 13 16 28 31 43 49 76
4 13 16 31 34 40 46 73
4 13 16 31 46 61 67 73
4 13 16 31 49 55 70 76
4 13 16 46 49 58 67 73
4 13 16 46 49 58 70 76
4 13 19 22 31 43 67 73
4 13 19 22 34 40 49 61
4 13 19 22 34 46 58 67
4 13 19 22 40 43 46 58
4 13 19 22 40 58 70 73
4 13 19 22 58 61 67 73
4 13 19 31 34 40 49 73
4 13 19 31 34 46 67 76
4 13 19 31 34 67 70 73
4 13 19 31 40 43 46 61
4 13 19 31 40 43 73 76
4 13 19 31 61 67 73 76
4 13 19 34 40 58 73 76
4 13 19 40 46 58 61 70
4 13 19 43 46 49 58 67
4 13 19 49 58 67 70 73
4 13 22 25 28 40 49 55
4 13 22 25 28 52 58 67
4 13 22 25 31 37 67 79
4 13 22 25 37 40 52 58
4 13 22 25 40 58 64 79
4 13 22 25 55 58 67 79
4 13 22 28 40 43 55 76
4 13 22 31 37 49 52 64
4 13 22 31 43 46 49 70
4 13 22 31 46 67 70 73
4 13 22 31 52 64 67 79
4 13 22 34 37 40 61 76
4 13 22 37 58 61 64 76
4 13 22 43 55 58 70 76
4 13 25 28 31 40 49 79
4 13 25 28 31 52 67 76
4 13 25 28 31 64 67 79
4 13 25 28 40 58 76 79
4 13 25 31 37 40 52 55
4 13 25 31 37 40 76 79
4 13 25 31 55 67 76 79
4 13 25 37 49 52 58 67
4 13 25 40 52 55 58 64
4 13 25 49 58 64 67 79
4 13 28 37 40 52 58 79
4 13 28 49 52 55 67 76
4 13 31 40 46 49 61 73
4 13 31 40 46 70 73 76
4 13 31 40 49 52 55 79
4 13 31 40 52 64 76 79
4 13 34 40 43 46 58 73
4 13 34 46 49 61 67 76
4 13 37 49 58 64 76 79
4 13 37 52 55 58 67 79
4 13 40 46 58 61 73 76
4 13 40 52 55 58 76 79
4 13 43 46 58 61 67 73
4 13 43 49 58 70 73 76
4 14 17 21 24 34 45 68
4 14 17 21 24 34 51 65
4 14 17 21 28 51 58 68
4 14 17 21 28 55 65 72
4 14 17 21 34 44 51 75
4 14 17 21 38 45 55 75
4 14 17 24 31 45 61 65
4 14 17 24 31 55 68 75
4 14 17 24 34 38 45 72
4 14 17 24 44 51 55 72
4 14 17 28 34 44 51 72
4 14 17 31 34 38 45 75
4 14 17 34 45 61 68 75
4 14 17 34 51 58 65 72
4 14 17 45 51 55 65 72
4 14 17 45 51 55 68 75
4 14 18 24 31 44 45 61
4 14 18 24 31 48 55 65
4 14 18 24 34 41 65 78
4 14 18 24 41 44 48 55
4 14 18 24 44 55 71 78
4 14 18 24 55 61 65 78
4 14 18 31 34 44 45 78
4 14 18 31 34 48 65 75
4 14 18 31 34 65 71 78
4 14 18 31 44 55 75 78
4 14 18 34 41 44 48 61
4 14 18 34 41 44 75 78
4 14 18 34 61 65 75 78
4 14 18 41 45 48 55 65
4 14 18 44 48 55 61 71
4 14 18 45 55 65 71 78
4 14 21 24 28 44 45 58
4 14 21 24 28 51 55 65
4 14 21 24 34 38 65 72
4 14 21 24 38 44 51 55
4 14 21 24 44 55 68 72
4 14 21 24 55 58 65 72
4 14 21 28 34 44 45 72
4 14 21 28 34 51 65 75
4 14 21 28 34 65 68 72
4 14 21 28 44 55 72 75
4 14 21 34 38 44 51 58
4 14 21 34 38 44 72 75
4 14 21 34 58 65 72 75
4 14 21 38 45 51 55 65
4 14 21 44 51 55 58 68
4 14 21 45 55 65 68 72
4 14 24 28 41 44 58 75
4 14 24 31 38 44 61 75
4 14 24 34 38 45 51 68
4 14 24 34 41 45 48 71
4 14 24 34 48 65 71 78
4 14 24 34 51 65 68 72
4 14 24 38 55 61 68 75
4 14 24 41 55 58 71 75
4 14 28 38 44 51 55 72
4 14 28 45 51 58 65 75
4 14 31 41 44 48 55 78
4 14 31 45 48 61 65 75
4 14 34 44 45 48 61 78
4 14 34 44 45 51 58 72
4 14 34 44 48 71 75 78
4 14 34 44 51 68 72 75
4 14 38 45 55 68 72 75
4 14 38 51 55 58 65 72
4 14 41 45 55 71 75 78
4 14 41 48 55 61 65 78
4 14 44 48 55 61 75 78
4 14 44 51 55 58 72 75
4 15 20 26 28 36 63 77
4 15 20 26 34 39 50 58
4 15 20 26 34 53 61 63
4 15 20 26 36 39 53 61
4 15 20 26 39 61 69 77
4 15 20 26 58 61 63 77
4 15 20 28 34 39 50 77
4 15 20 28 34 53 63 74
4 15 20 28 34 63 69 77
4 15 20 28 36 39 53 58
4 15 20 28 36 39 74 77
4 15 20 28 58 63 74 77
4 15 20 34 39 61 74 77
4 15 20 36 50 53 61 63
4 15 20 39 53 58 61 69
4 15 20 50 61 63 69 77
4 15 23 26 28 42 63 80
4 15 23 26 31 39 50 55
4 15 23 26 31 47 61 63
4 15 23 26 39 42 47 61
4 15 23 26 39 61 66 80
4 15 23 26 55 61 63 80
4 15 23 28 31 39 50 80
4 15 23 28 31 47 63 74
4 15 23 28 31 63 66 80
4 15 23 28 39 42 47 55
4 15 23 28 39 42 74 80
4 15 23 28 55 63 74 80
4 15 23 31 39 61 74 80
4 15 23 39 47 55 61 66
4 15 23 42 47 50 61 63
4 15 23 50 61 63 66 80
4 15 26 28 36 50 53 69
4 15 26 28 42 47 50 66
4 15 26 28 47 63 66 80
4 15 26 28 53 63 69 77
4 15 26 31 36 39 55 74
4 15 26 34 39 42 58 74
4 15 26 36 55 61 69 74
4 15 26 42 58 61 66 74
4 15 28 39 47 50 55 80
4 15 28 39 47 66 74 80
4 15 28 39 50 53 58 77
4 15 28 39 53 69 74 77
4 15 31 39 42 47 61 80
4 15 31 47 50 55 63 74
4 15 34 36 39 53 61 77
4 15 34 50 53 58 63 74
4 15 36 50 61 69 74 77
4 15 36 53 58 61 63 77
4 15 39 47 55 61 74 80
4 15 39 53 58 61 74 77
4 15 42 47 55 61 63 80
4 15 42 50 61 66 74 80
4 16 19 22 28 43 46 55
4 16 19 22 28 49 58 70
4 16 19 22 31 40 70 76
4 16 19 22 40 43 49 58
4 16 19 22 43 58 67 76
4 16 19 22 55 58 70 76
4 16 19 25 31 37 70 79
4 16 19 25 34 43 46 61
4 16 19 25 34 52 58 70
4 16 19 25 37 43 52 58
4 16 19 25 43 58 64 79
4 16 19 25 58 61 70 79
4 16 19 28 37 43 55 73
4 16 19 31 37 46 52 64
4 16 19 31 40 46 49 67
4 16 19 31 49 67 70 76
4 16 19 31 52 64 70 79
4 16 19 34 40 43 61 73
4 16 19 37 55 58 64 73
4 16 19 40 58 61 67 73
4 16 22 28 31 43 46 76
4 16 22 28 31 49 70 73
4 16 22 28 31 67 70 76
4 16 22 28 43 58 73 76
4 16 22 31 40 43 49 55
4 16 22 31 40 43 73 76
4 16 22 31 55 70 73 76
4 16 22 40 46 49 58 70
4 16 22 43 49 55 58 67
4 16 22 46 58 67 70 76
4 16 25 31 34 43 46 79
4 16 25 31 34 52 70 73
4 16 25 31 34 64 70 79
4 16 25 31 37 43 52 61
4 16 25 31 37 43 73 79
4 16 25 31 61 70 73 79
4 16 25 34 43 58 73 79
4 16 25 37 46 52 58 70
4 16 25 43 52 58 61 64
4 16 25 46 58 64 70 79
4 16 28 40 43 49 58 76
4 16 28 46 49 55 70 73
4 16 31 43 46 49 55 76
4 16 31 43 46 52 61 79
4 16 31 43 49 67 73 76
4 16 31 43 52 64 73 79
4 16 34 37 43 52 58 79
4 16 34 46 52 61 70 73
4 16 37 46 58 64 73 79
4 16 37 52 58 61 70 79
4 16 40 46 58 67 73 76
4 16 40 49 55 58 70 76
4 16 43 49 55 58 73 76
4 16 43 52 58 61 73 79
4 17 18 21 28 38 51 58
4 17 18 21 28 48 55 68
4 17 18 21 34 41 68 78
4 17 18 21 38 41 48 55
4 17 18 21 38 55 71 78
4 17 18 21 55 58 68 78
4 17 18 28 34 38 51 78
4 17 18 28 34 48 68 72
4 17 18 28 34 68 71 78
4 17 18 28 38 55 72 78
4 17 18 34 38 41 48 58
4 17 18 34 38 41 72 78
4 17 18 34 58 68 72 78
4 17 18 38 48 55 58 71
4 17 18 41 48 51 55 68
4 17 18 51 55 68 71 78
4 17 21 24 31 38 51 61
4 17 21 24 31 45 55 68
4 17 21 24 34 44 68 75
4 17 21 24 38 44 45 55
4 17 21 24 38 55 65 75
4 17 21 24 55 61 68 75
4 17 21 28 38 44 58 72
4 17 21 31 38 41 61 72
4 17 21 34 41 48 51 71
4 17 21 34 44 45 51 65
4 17 21 34 45 65 68 75
4 17 21 34 48 68 71 78
4 17 21 41 55 61 71 72
4 17 21 44 55 58 65 72
4 17 24 31 34 38 51 75
4 17 24 31 34 45 68 72
4 17 24 31 34 65 68 75
4 17 24 31 38 55 72 75
4 17 24 34 38 44 45 61
4 17 24 34 38 44 72 75
4 17 24 34 61 68 72 75
4 17 24 38 45 55 61 65
4 17 24 44 45 51 55 68
4 17 24 51 55 65 68 75
4 17 28 38 41 48 55 78
4 17 28 48 51 58 68 72
4 17 31 38 44 45 55 75
4 17 31 45 51 61 68 72
4 17 34 38 45 51 61 75
4 17 34 38 45 65 72 75
4 17 34 38 48 51 58 78
4 17 34 38 48 71 72 78
4 17 38 45 55 61 72 75
4 17 38 48 55 58 72 78
4 17 41 48 55 58 68 78
4 17 41 51 55 71 72 78
4 17 44 45 55 61 68 75
4 17 44 51 55 65 72 75
4 18 21 34 38 48 58 68
4 18 21 34 41 51 61 71
4 18 24 34 41 45 58 71
4 18 24 34 44 48 61 65
4 18 28 34 38 41 48 68
4 18 28 34 41 45 71 75
4 18 28 38 48 55 68 71
4 18 28 41 58 71 75 78
4 18 31 34 41 44 48 65
4 18 31 34 41 51 71 72
4 18 31 41 61 71 72 78
4 18 31 44 48 55 65 71
4 18 34 38 41 51 68 78
4 18 34 38 58 68 71 78
4 18 34 41 44 45 65 78
4 18 34 44 61 65 71 78
4 18 38 41 48 55 68 72
4 18 38 48 51 55 58 68
4 18 38 55 68 71 72 78
4 18 41 44 48 55 65 75
4 18 44 45 48 55 61 65
4 18 44 55 65 71 75 78
4 19 22 31 40 46 61 67
4 19 22 31 43 49 55 70
4 19 25 31 37 46 55 64
4 19 25 31 43 52 61 70
4 19 28 31 37 43 46 64
4 19 28 31 43 49 70 76
4 19 28 37 46 58 64 70
4 19 28 43 55 70 73 76
4 19 31 34 40 43 46 67
4 19 31 34 43 52 70 79
4 19 31 37 43 52 64 73
4 19 31 37 55 64 70 73
4 19 31 40 43 49 67 73
4 19 31 40 61 67 70 73
4 19 34 40 46 58 67 70
4 19 34 43 61 70 73 79
4 19 37 43 46 58 64 79
4 19 37 46 52 55 58 64
4 19 37 58 64 70 73 79
4 19 40 43 46 58 67 76
4 19 40 46 49 58 61 67
4 19 40 58 67 70 73 76
4 20 23 28 36 47 58 69
4 20 23 28 42 53 55 66
4 20 26 28 36 50 55 69
4 20 26 28 39 53 58 63
4 20 28 31 36 42 53 66
4 20 28 31 36 50 69 74
4 20 28 34 36 39 53 63
4 20 28 34 36 47 69 80
4 20 28 36 39 50 63 77
4 20 28 36 42 47 66 77
4 20 28 39 58 63 69 77
4 20 28 42 55 66 69 77
4 20 31 36 55 69 74 77
4 20 31 42 53 61 66 69
4 20 34 36 58 69 77 80
4 20 34 39 53 61 63 69
4 20 36 39 53 61 63 74
4 20 36 42 53 61 66 80
4 20 39 50 53 58 61 63
4 20 39 61 63 69 74 77
4 20 42 47 53 55 61 66
4 20 42 61 66 69 77 80
4 21 24 34 38 45 61 68
4 21 24 34 44 51 58 65
4 21 28 34 38 44 51 65
4 21 28 34 38 48 68 78
4 21 28 38 58 68 72 78
4 21 28 44 51 55 65 68
4 21 31 34 38 41 51 71
4 21 31 34 38 45 68 75
4 21 31 38 61 68 72 75
4 21 31 41 51 55 68 71
4 21 34 38 41 48 71 72
4 21 34 38 44 45 65 72
4 21 34 41 61 68 71 72
4 21 34 44 58 65 68 72
4 21 38 41 51 55 71 78
4 21 38 44 51 55 65 75
4 21 41 48 51 55 61 71
4 21 41 55 68 71 72 78
4 21 44 45 51 55 58 65
4 21 44 55 65 68 72 75
4 22 25 31 37 49 61 64
4 22 25 31 40 52 55 67
4 22 28 31 40 43 49 70
4 22 28 31 40 52 67 79
4 22 28 40 55 67 76 79
4 22 28 43 49 58 67 70
4 22 31 34 37 40 49 64
4 22 31 34 40 46 67 73
4 22 31 37 40 52 64 76
4 22 31 37 61 64 67 76
4 22 31 40 43 46 70 76
4 22 31 43 55 67 70 76
4 22 34 37 49 58 64 67
4 22 34 40 61 67 73 76
4 22 37 40 49 58 64 79
4 22 37 49 52 58 61 64
4 22 37 58 64 67 76 79
4 22 40 43 49 58 70 73
4 22 43 46 49 55 58 70
4 22 43 58 67 70 73 76
4 23 26 28 39 47 55 63
4 23 26 28 42 50 58 66
4 23 28 31 39 42 47 63
4 23 28 31 42 53 66 77
4 23 28 34 36 42 47 69
4 23 28 34 42 50 66 74
4 23 28 36 42 53 69 80
4 23 28 36 58 66 69 80
4 23 28 39 42 50 63 80
4 23 28 39 55 63 66 80
4 23 31 39 47 61 63 66
4 23 31 42 55 66 77 80
4 23 34 36 47 61 66 69
4 23 34 42 58 66 74 80
4 23 36 42 47 61 69 77
4 23 36 47 53 58 61 69
4 23 36 61 66 69 77 80
4 23 39 42 47 61 63 74
4 23 39 47 50 55 61 63
4 23 39 61 63 66 74 80
4 24 28 34 41 44 45 71
4 24 28 34 44 51 65 72
4 24 28 41 45 55 65 71
4 24 28 44 58 65 72 75
4 24 31 34 38 44 45 68
4 24 31 34 44 48 65 78
4 24 31 38 45 55 65 68
4 24 31 44 61 65 75 78
4 24 34 38 44 51 68 75
4 24 34 38 61 65 68 75
4 24 34 41 44 48 71 75
4 24 34 41 58 65 71 75
4 24 38 44 45 55 68 72
4 24 38 45 51 55 61 68
4 24 38 55 65 68 72 75
4 24 41 44 45 55 71 78
4 24 41 45 48 55 58 71
4 24 41 55 65 71 75 78
4 25 28 31 37 40 52 67
4 25 28 31 37 46 64 73
4 25 28 37 55 64 73 79
4 25 28 40 52 58 64 67
4 25 31 34 37 43 52 70
4 25 31 34 37 49 64 76
4 25 31 37 40 49 67 79
4 25 31 37 43 46 70 79
4 25 31 40 55 64 67 79
4 25 31 43 61 64 70 79
4 25 34 37 61 64 76 79
4 25 34 43 52 58 64 70
4 25 37 40 52 58 67 76
4 25 37 43 52 58 70 73
4 25 40 49 52 55 58 67
4 25 40 58 64 67 76 79
4 25 43 46 52 58 61 70
4 25 43 58 64 70 73 79
4 26 28 31 36 39 50 69
4 26 28 31 39 47 63 80
4 26 28 34 39 42 50 66
4 26 28 34 39 53 63 77
4 26 28 36 39 53 69 74
4 26 28 36 55 63 69 74
4 26 28 39 42 47 66 74
4 26 28 42 58 63 66 74
4 26 31 36 50 61 63 69
4 26 31 39 55 63 74 80
4 26 34 39 58 63 74 77
4 26 34 42 50 61 63 66
4 26 36 39 50 61 69 77
4 26 36 50 53 55 61 69
4 26 36 61 63 69 74 77
4 26 39 42 50 61 66 80
4 26 42 47 50 58 61 66
4 26 42 61 63 66 74 80
4 27 28 29 30 34 56 62
4 27 28 29 31 33 56 59
4 27 28 29 31 35 57 60
4 27 28 29 32 34 54 57
4 27 28 30 31 35 56 62
4 27 28 32 33 34 56 59
4 27 30 31 32 34 56 62
4 27 30 54 55 56 59 61
4 27 30 55 56 58 59 60
4 27 30 56 57 58 59 61
4 27 31 32 34 35 54 60
4 27 31 33 34 35 56 59
4 27 33 54 58 59 61 62
4 27 33 55 57 58 59 62
4 27 33 55 59 60 61 62
4 28 29 30 34 35 57 60
4 28 29 31 32 33 54 57
4 28 30 31 32 33 59 62
4 28 30 31 32 35 54 60
4 28 30 33 34 35 59 62
4 28 32 33 34 35 54 60
4 28 36 47 53 66 69 80
4 28 36 50 53 63 69 74
4 28 37 46 52 58 64 73
4 28 37 52 55 64 67 79
4 28 38 48 51 55 68 78
4 28 38 51 58 65 68 72
4 28 39 47 50 63 66 80
4 28 39 50 53 63 69 77
4 28 40 49 52 58 67 79
4 28 40 49 55 67 70 76
4 28 41 45 48 55 71 75
4 28 41 48 58 68 71 78
4 28 42 47 50 63 66 74
4 28 42 47 53 66 69 77
4 28 43 46 49 58 70 76
4 28 43 46 55 64 70 73
4 28 44 45 51 55 65 72
4 28 44 45 58 65 71 75
4 29 30 31 32 34 54 57
4 29 30 31 33 34 59 62
4 29 31 33 34 35 57 60
4 29 32 54 55 56 58 60
4 29 32 54 55 59 60 61
4 29 32 54 58 60 61 62
4 29 35 54 55 56 57 61
4 29 35 54 55 57 58 62
4 29 35 54 57 58 59 61
4 30 33 54 55 56 58 62
4 30 33 55 56 57 61 62
4 30 33 56 58 60 61 62
4 31 36 50 53 61 69 74
4 31 36 53 55 66 69 77
4 31 37 46 52 64 70 73
4 31 37 49 52 64 67 76
4 31 38 45 51 55 68 75
4 31 38 51 61 68 71 72
4 31 39 47 50 61 63 80
4 31 39 50 55 63 69 74
4 31 40 46 49 67 70 73
4 31 40 49 52 64 67 79
4 31 41 48 51 55 71 72
4 31 41 48 61 65 71 78
4 31 42 47 53 61 66 77
4 31 42 47 55 63 66 80
4 31 43 46 49 67 70 76
4 31 43 46 52 64 70 79
4 31 44 45 48 55 65 78
4 31 44 45 61 65 68 75
4 32 35 55 57 58 59 60
4 32 35 55 57 60 61 62
4 32 35 56 57 58 60 61
4 34 36 47 53 61 69 80
4 34 36 53 58 63 69 77
4 34 37 49 52 58 64 76
4 34 37 52 61 64 70 79
4 34 38 45 51 65 68 75
4 34 38 48 51 68 71 78
4 34 39 50 53 61 63 77
4 34 39 50 58 63 66 74
4 34 40 46 49 58 67 73
4 34 40 49 61 64 67 76
4 34 41 45 48 65 71 75
4 34 41 48 51 68 71 72
4 34 42 47 50 61 66 74
4 34 42 47 58 66 69 80
4 34 43 46 52 58 70 79
4 34 43 46 61 67 70 73
4 34 44 45 48 65 71 78
4 34 44 45 51 65 68 72
5 6 27 29 32 33 58 61
5 6 27 30 32 35 55 58
5 6 28 31 54 57 59 62
5 6 28 34 56 57 60 62
5 6 29 30 33 35 55 61
5 6 31 34 54 56 59 60
5 7 27 30 58 59 61 62
5 7 27 33 55 56 61 62
5 7 28 29 31 32 57 60
5 7 28 29 34 35 54 60
5 7 30 33 55 56 58 59
5 7 31 32 34 35 54 57
5 8 9 12 19 39 56 79
5 8 9 12 19 42 59 79
5 8 9 15 22 36 56 73
5 8 9 15 22 39 59 73
5 8 9 19 35 39 49 52
5 8 9 19 35 39 63 79
5 8 9 19 35 42 49 69
5 8 9 19 39 49 56 73
5 8 9 19 49 56 63 69
5 8 9 19 52 59 69 73
5 8 9 22 29 36 52 69
5 8 9 22 29 39 49 52
5 8 9 22 29 39 66 73
5 8 9 22 39 52 59 79
5 8 9 22 49 56 69 79
5 8 9 22 52 59 66 69
5 8 9 29 42 49 63 79
5 8 9 29 52 69 73 79
5 8 9 35 36 52 66 73
5 8 9 35 49 69 73 79
5 8 10 13 21 37 56 78
5 8 10 13 21 43 62 78
5 8 10 16 24 40 62 72
5 8 10 16 24 43 56 72
5 8 10 21 29 37 45 67
5 8 10 21 29 43 45 48
5 8 10 21 29 43 70 78
5 8 10 21 43 45 62 72
5 8 10 21 45 62 67 70
5 8 10 21 48 56 67 72
5 8 10 24 32 40 48 67
5 8 10 24 32 43 45 48
5 8 10 24 32 43 64 72
5 8 10 24 43 48 56 78
5 8 10 24 45 62 67 78
5 8 10 24 48 56 64 67
5 8 10 29 40 48 64 72
5 8 10 29 45 67 72 78
5 8 10 32 37 45 70 78
5 8 10 32 48 67 72 78
5 8 11 14 23 38 59 77
5 8 11 14 23 41 62 77
5 8 11 17 26 38 62 80
5 8 11 17 26 44 59 80
5 8 11 23 32 38 50 53
5 8 11 23 32 38 68 77
5 8 11 23 32 41 50 65
5 8 11 23 38 50 59 80
5 8 11 23 50 59 65 68
5 8 11 23 53 62 65 80
5 8 11 26 35 38 50 53
5 8 11 26 35 38 71 80
5 8 11 26 35 44 53 65
5 8 11 26 38 53 62 77
5 8 11 26 50 59 65 77
5 8 11 26 53 62 65 71
5 8 11 32 44 53 71 80
5 8 11 32 50 65 77 80
5 8 11 35 41 50 68 77
5 8 11 35 53 65 77 80
5 8 12 15 25 36 59 76
5 8 12 15 25 42 56 76
5 8 12 19 29 39 49 63
5 8 12 19 29 42 46 49
5 8 12 19 29 42 69 79
5 8 12 19 42 49 59 76
5 8 12 19 46 56 63 76
5 8 12 19 49 59 63 69
5 8 12 25 35 36 46 63
5 8 12 25 35 42 46 49
5 8 12 25 35 42 66 76
5 8 12 25 42 46 56 79
5 8 12 25 46 56 63 66
5 8 12 25 49 59 63 79
5 8 12 29 36 46 66 76
5 8 12 29 49 63 76 79
5 8 12 35 39 49 69 79
5 8 12 35 46 63 76 79
5 8 13 16 18 37 62 75
5 8 13 16 18 40 56 75
5 8 13 18 29 37 45 51
5 8 13 18 29 37 64 75
5 8 13 18 29 40 51 70
5 8 13 18 37 51 62 78
5 8 13 18 45 56 70 78
5 8 13 18 51 62 64 70
5 8 13 21 32 37 45 51
5 8 13 21 32 37 67 78
5 8 13 21 32 43 45 70
5 8 13 21 37 45 56 75
5 8 13 21 45 56 67 70
5 8 13 21 51 62 70 75
5 8 13 29 43 45 67 78
5 8 13 29 51 70 75 78
5 8 13 32 40 51 64 75
5 8 13 32 45 70 75 78
5 8 14 17 20 41 59 74
5 8 14 17 20 44 62 74
5 8 14 20 32 41 47 50
5 8 14 20 32 41 71 74
5 8 14 20 32 44 47 68
5 8 14 20 41 47 59 77
5 8 14 20 47 59 68 71
5 8 14 20 50 62 68 77
5 8 14 23 35 38 50 68
5 8 14 23 35 41 47 50
5 8 14 23 35 41 65 77
5 8 14 23 41 50 62 74
5 8 14 23 47 59 68 74
5 8 14 23 50 62 65 68
5 8 14 32 38 50 65 77
5 8 14 32 47 68 74 77
5 8 14 35 44 47 71 74
5 8 14 35 50 68 74 77
5 8 15 22 35 36 46 52
5 8 15 22 35 36 69 73
5 8 15 22 35 39 52 66
5 8 15 22 36 52 56 76
5 8 15 22 46 59 66 76
5 8 15 22 52 56 66 69
5 8 15 25 29 36 46 52
5 8 15 25 29 36 63 76
5 8 15 25 29 42 46 66
5 8 15 25 36 46 59 73
5 8 15 25 46 59 63 66
5 8 15 25 52 56 66 73
5 8 15 29 39 52 69 73
5 8 15 29 46 66 73 76
5 8 15 35 42 46 63 76
5 8 15 35 52 66 73 76
5 8 16 18 32 37 51 64
5 8 16 18 32 40 48 51
5 8 16 18 32 40 70 75
5 8 16 18 40 51 56 72
5 8 16 18 48 62 64 72
5 8 16 18 51 56 64 70
5 8 16 24 29 40 48 51
5 8 16 24 29 40 67 72
5 8 16 24 29 43 48 64
5 8 16 24 40 48 62 75
5 8 16 24 48 62 64 67
5 8 16 24 51 56 64 75
5 8 16 29 37 51 70 75
5 8 16 29 48 64 72 75
5 8 16 32 43 48 67 72
5 8 16 32 51 64 72 75
5 8 17 20 35 41 47 71
5 8 17 20 35 44 47 53
5 8 17 20 35 44 68 74
5 8 17 20 44 47 62 80
5 8 17 20 47 62 68 71
5 8 17 20 53 59 71 80
5 8 17 26 32 38 53 71
5 8 17 26 32 44 47 53
5 8 17 26 32 44 65 80
5 8 17 26 44 53 59 74
5 8 17 26 47 62 71 74
5 8 17 26 53 59 65 71
5 8 17 32 41 47 68 74
5 8 17 32 53 71 74 80
5 8 17 35 38 53 65 80
5 8 17 35 47 71 74 80
5 8 18 21 29 37 70 75
5 8 18 21 32 37 70 78
5 8 18 24 29 40 64 72
5 8 18 24 32 40 64 75
5 8 18 37 45 62 70 75
5 8 18 40 48 56 64 75
5 8 19 22 29 39 69 73
5 8 19 22 35 39 69 79
5 8 19 25 29 42 63 79
5 8 19 25 35 42 63 76
5 8 19 39 52 56 69 79
5 8 19 42 46 59 63 79
5 8 20 23 32 41 68 74
5 8 20 23 35 41 68 77
5 8 20 26 32 44 71 80
5 8 20 26 35 44 71 74
5 8 20 41 50 59 68 74
5 8 20 44 53 62 71 74
5 8 21 24 29 43 67 78
5 8 21 24 32 43 67 72
5 8 21 37 51 56 70 78
5 8 21 43 48 62 67 78
5 8 22 25 29 36 66 76
5 8 22 25 35 36 66 73
5 8 22 36 46 56 66 73
5 8 22 39 49 59 69 73
5 8 23 26 32 38 65 77
5 8 23 26 35 38 65 80
5 8 23 38 53 59 65 77
5 8 23 41 47 62 68 77
5 8 24 40 51 62 64 72
5 8 24 43 45 56 67 72
5 8 25 36 52 59 66 76
5 8 25 42 49 56 63 76
5 8 26 38 50 62 65 80
5 8 26 44 47 59 71 80
5 8 27 28 29 30 34 61
5 8 27 28 29 31 33 55
5 8 27 28 29 33 34 54
5 8 27 28 30 31 32 60
5 8 27 28 30 31 35 61
5 8 27 28 30 31 55 57
5 8 27 28 30 34 35 54
5 8 27 28 30 34 55 60
5 8 27 28 31 33 35 60
5 8 27 28 31 33 57 58
5 8 27 28 32 33 34 55
5 8 27 28 33 34 58 60
5 8 27 28 54 57 58 61
5 8 27 29 30 31 34 57
5 8 27 30 31 32 34 61
5 8 27 30 31 34 54 55
5 8 27 31 32 33 34 57
5 8 27 31 33 34 35 55
5 8 27 31 33 34 54 58
5 8 27 31 54 58 60 61
5 8 27 34 57 58 60 61
5 8 27 54 55 56 60 61
5 8 27 54 55 57 61 62
5 8 27 55 57 59 60 61
5 8 28 29 30 31 33 60
5 8 28 30 31 32 33 58
5 8 28 30 31 33 57 61
5 8 28 30 32 33 34 54
5 8 28 30 33 34 35 58
5 8 28 30 33 34 60 61
5 8 28 30 54 55 57 58
5 8 28 33 54 55 57 61
5 8 28 54 55 56 58 60
5 8 28 54 55 59 60 61
5 8 28 54 58 60 61 62
5 8 29 30 31 33 34 58
5 8 30 31 33 34 35 57
5 8 30 31 33 34 54 61
5 8 30 31 54 55 58 60
5 8 30 34 55 57 58 60
5 8 30 54 56 57 58 61
5 8 30 54 58 59 60 61
5 8 30 57 58 60 61 62
5 8 31 33 54 55 60 61
5 8 31 55 57 58 59 60
5 8 31 55 57 60 61 62
5 8 31 56 57 58 60 61
5 8 33 34 55 57 60 61
5 8 33 54 55 57 58 59
5 8 33 54 55 58 60 62
5 8 33 55 56 57 58 60
5 8 34 54 55 56 57 61
5 8 34 54 55 57 58 62
5 8 34 54 57 58 59 61
5 8 36 39 52 56 66 73
5 8 36 39 52 59 69 73
5 8 36 42 46 56 63 76
5 8 36 42 46 59 66 76
5 8 37 40 51 56 64 75
5 8 37 40 51 62 70 75
5 8 37 43 45 56 70 78
5 8 37 43 45 62 67 78
5 8 38 41 50 59 65 77
5 8 38 41 50 62 68 77
5 8 38 44 53 59 71 80
5 8 38 44 53 62 65 80
5 8 39 42 49 56 69 79
5 8 39 42 49 59 63 79
5 8 40 43 48 56 67 72
5 8 40 43 48 62 64 72
5 8 41 44 47 59 68 74
5 8 41 44 47 62 71 74
5 9 12 19 22 35 49 69
5 9 12 19 22 35 52 63
5 9 12 19 29 49 59 63
5 9 12 19 29 56 69 79
5 9 12 19 35 39 49 73
5 9 12 19 42 52 56 73
5 9 12 22 32 52 62 69
5 9 12 22 32 56 63 73
5 9 12 22 35 42 52 79
5 9 12 22 39 49 56 79
5 9 12 29 35 39 49 79
5 9 12 32 35 42 52 73
5 9 12 35 49 59 69 79
5 9 12 35 52 62 63 73
5 9 12 49 52 56 63 73
5 9 12 49 52 56 69 79
5 9 15 22 25 35 46 69
5 9 15 22 25 35 52 66
5 9 15 22 29 52 59 69
5 9 15 22 29 56 66 73
5 9 15 22 35 36 52 76
5 9 15 22 39 46 56 76
5 9 15 25 32 46 62 66
5 9 15 25 32 56 69 76
5 9 15 25 35 39 46 73
5 9 15 25 36 52 56 73
5 9 15 29 35 36 52 73
5 9 15 32 35 39 46 76
5 9 15 35 46 62 69 76
5 9 15 35 52 59 66 73
5 9 15 46 52 56 66 73
5 9 15 46 52 56 69 76
5 9 19 22 29 39 52 59
5 9 19 22 29 49 56 69
5 9 19 22 35 42 69 79
5 9 19 22 39 42 49 56
5 9 19 22 39 56 63 79
5 9 19 22 56 59 69 79
5 9 19 29 35 39 52 79
5 9 19 29 35 49 69 73
5 9 19 29 35 63 69 79
5 9 19 29 39 56 73 79
5 9 19 35 39 42 49 59
5 9 19 35 39 42 73 79
5 9 19 35 59 69 73 79
5 9 19 39 49 56 59 63
5 9 19 42 49 52 56 69
5 9 19 52 56 63 69 79
5 9 22 25 32 39 52 62
5 9 22 25 32 46 56 69
5 9 22 25 35 36 69 76
5 9 22 25 36 39 46 56
5 9 22 25 39 56 66 76
5 9 22 25 56 62 69 76
5 9 22 29 36 39 59 73
5 9 22 32 39 42 62 73
5 9 22 35 36 46 52 66
5 9 22 35 42 49 52 63
5 9 22 35 46 66 69 76
5 9 22 35 49 63 69 79
5 9 22 36 56 59 66 73
5 9 22 42 56 62 63 73
5 9 25 32 35 39 52 76
5 9 25 32 35 46 69 73
5 9 25 32 35 66 69 76
5 9 25 32 39 56 73 76
5 9 25 35 36 39 46 62
5 9 25 35 36 39 73 76
5 9 25 35 62 69 73 76
5 9 25 36 46 52 56 69
5 9 25 39 46 56 62 66
5 9 25 52 56 66 69 76
5 9 29 39 42 49 56 79
5 9 29 49 52 59 69 73
5 9 32 36 39 46 56 76
5 9 32 46 52 62 69 73
5 9 35 39 46 52 62 76
5 9 35 39 46 66 73 76
5 9 35 39 49 52 59 79
5 9 35 39 49 63 73 79
5 9 36 46 56 62 69 76
5 9 36 52 56 66 73 76
5 9 39 46 56 62 73 76
5 9 39 49 56 59 73 79
5 9 42 49 56 59 69 79
5 9 42 52 56 63 73 79
5 10 13 21 24 29 45 67
5 10 13 21 24 29 48 70
5 10 13 21 29 43 45 72
5 10 13 21 32 45 56 70
5 10 13 21 32 62 67 78
5 10 13 21 37 48 62 72
5 10 13 24 29 37 48 78
5 10 13 24 35 48 59 67
5 10 13 24 35 62 70 72
5 10 13 24 43 45 62 78
5 10 13 29 32 43 45 78
5 10 13 29 35 37 48 72
5 10 13 29 45 56 67 78
5 10 13 29 48 59 70 72
5 10 13 45 48 62 67 78
5 10 13 45 48 62 70 72
5 10 16 18 24 29 48 64
5 10 16 18 24 29 51 67
5 10 16 18 29 43 51 72
5 10 16 18 35 51 59 64
5 10 16 18 35 62 67 75
5 10 16 18 40 48 62 72
5 10 16 24 29 40 48 75
5 10 16 24 32 48 56 67
5 10 16 24 32 62 64 72
5 10 16 24 43 51 62 75
5 10 16 29 32 40 48 72
5 10 16 29 35 43 51 75
5 10 16 29 48 56 64 72
5 10 16 29 51 59 67 75
5 10 16 48 51 62 64 72
5 10 16 48 51 62 67 75
5 10 18 24 29 40 67 75
5 10 18 24 35 43 48 59
5 10 18 24 35 51 62 67
5 10 18 24 40 43 51 62
5 10 18 24 43 62 64 75
5 10 18 24 59 62 67 75
5 10 18 29 35 43 48 75
5 10 18 29 35 51 67 72
5 10 18 29 35 64 67 75
5 10 18 29 40 43 51 59
5 10 18 29 40 43 72 75
5 10 18 29 59 67 72 75
5 10 18 35 43 62 72 75
5 10 18 40 48 51 62 67
5 10 18 43 51 59 62 64
5 10 18 48 62 64 67 75
5 10 21 24 29 37 67 78
5 10 21 24 32 43 48 56
5 10 21 24 32 45 62 67
5 10 21 24 37 43 45 62
5 10 21 24 43 62 70 78
5 10 21 24 56 62 67 78
5 10 21 29 32 43 48 78
5 10 21 29 32 45 67 72
5 10 21 29 32 67 70 78
5 10 21 29 37 43 45 56
5 10 21 29 37 43 72 78
5 10 21 29 56 67 72 78
5 10 21 32 43 62 72 78
5 10 21 37 45 48 62 67
5 10 21 43 45 56 62 70
5 10 21 48 62 67 70 78
5 10 24 29 37 45 48 70
5 10 24 29 40 48 51 64
5 10 24 29 45 67 70 78
5 10 24 29 51 64 67 75
5 10 24 32 40 43 56 72
5 10 24 35 37 43 59 72
5 10 24 37 59 62 70 72
5 10 24 40 56 62 64 72
5 10 29 43 45 48 56 78
5 10 29 43 45 70 72 78
5 10 29 43 48 51 59 75
5 10 29 43 51 64 72 75
5 10 32 37 43 45 62 78
5 10 32 45 48 56 67 72
5 10 35 40 43 51 62 75
5 10 35 48 51 59 67 72
5 10 37 45 56 62 67 78
5 10 37 48 62 70 72 78
5 10 40 48 62 64 72 75
5 10 40 51 59 62 67 75
5 10 43 45 56 62 72 78
5 10 43 51 59 62 72 75
5 11 14 23 26 32 50 65
5 11 14 23 26 32 53 68
5 11 14 23 32 38 50 80
5 11 14 23 35 50 62 68
5 11 14 23 35 59 65 77
5 11 14 23 41 53 59 80
5 11 14 26 29 53 56 65
5 11 14 26 29 59 68 80
5 11 14 26 32 41 53 77
5 11 14 26 38 50 59 77
5 11 14 29 32 41 53 80
5 11 14 32 35 38 50 77
5 11 14 32 50 62 65 77
5 11 14 32 53 56 68 80
5 11 14 50 53 59 65 77
5 11 14 50 53 59 68 80
5 11 17 20 26 32 47 65
5 11 17 20 26 32 53 71
5 11 17 20 29 47 56 71
5 11 17 20 29 59 65 74
5 11 17 20 32 38 47 80
5 11 17 20 44 53 59 80
5 11 17 26 32 44 53 74
5 11 17 26 35 53 62 65
5 11 17 26 35 59 71 80
5 11 17 26 38 47 59 74
5 11 17 29 32 38 47 74
5 11 17 32 35 44 53 80
5 11 17 32 47 56 65 74
5 11 17 32 53 62 71 80
5 11 17 47 53 59 65 74
5 11 17 47 53 59 71 80
5 11 20 26 29 38 53 56
5 11 20 26 29 47 59 65
5 11 20 26 32 44 65 74
5 11 20 26 38 44 47 59
5 11 20 26 38 59 71 74
5 11 20 26 56 59 65 74
5 11 20 29 32 38 53 74
5 11 20 29 32 47 65 80
5 11 20 29 32 65 71 74
5 11 20 29 38 59 74 80
5 11 20 32 38 44 47 56
5 11 20 32 38 44 74 80
5 11 20 32 56 65 74 80
5 11 20 38 47 56 59 71
5 11 20 44 47 53 59 65
5 11 20 53 59 65 71 74
5 11 23 26 32 41 65 77
5 11 23 26 35 38 53 62
5 11 23 26 35 50 59 65
5 11 23 26 38 41 50 59
5 11 23 26 38 59 68 77
5 11 23 26 59 62 65 77
5 11 23 32 35 38 53 77
5 11 23 32 35 50 65 80
5 11 23 32 35 65 68 77
5 11 23 32 38 41 50 62
5 11 23 32 38 41 77 80
5 11 23 32 62 65 77 80
5 11 23 35 38 59 77 80
5 11 23 38 50 59 62 68
5 11 23 41 50 53 59 65
5 11 23 53 59 65 68 77
5 11 26 29 38 41 56 80
5 11 26 32 41 50 53 68
5 11 26 32 44 47 53 71
5 11 26 32 47 65 71 74
5 11 26 32 50 65 68 77
5 11 26 35 38 44 62 80
5 11 26 41 56 59 68 80
5 11 26 44 59 62 71 80
5 11 29 38 44 47 59 74
5 11 29 47 53 56 65 80
5 11 32 38 47 53 56 74
5 11 32 38 47 71 74 80
5 11 32 38 50 53 62 77
5 11 32 38 50 68 77 80
5 11 35 38 41 50 59 77
5 11 35 50 53 62 65 80
5 11 38 47 56 59 74 80
5 11 38 50 59 62 77 80
5 11 41 50 59 62 65 77
5 11 41 53 59 68 77 80
5 11 44 47 56 59 65 74
5 11 44 53 59 71 74 80
5 12 15 19 25 35 46 63
5 12 15 19 25 35 49 66
5 12 15 19 32 49 62 63
5 12 15 19 32 56 66 79
5 12 15 19 35 36 49 76
5 12 15 19 42 46 56 76
5 12 15 25 29 46 59 66
5 12 15 25 29 56 63 76
5 12 15 25 35 42 46 79
5 12 15 25 36 49 56 79
5 12 15 29 35 42 46 76
5 12 15 32 35 36 49 79
5 12 15 35 46 59 63 76
5 12 15 35 49 62 66 79
5 12 15 46 49 56 63 76
5 12 15 46 49 56 66 79
5 12 19 22 32 42 49 62
5 12 19 22 32 52 56 63
5 12 19 22 35 39 63 73
5 12 19 22 39 42 52 56
5 12 19 22 42 56 69 73
5 12 19 22 56 62 63 73
5 12 19 25 29 42 49 59
5 12 19 25 29 46 56 63
5 12 19 25 35 36 63 76
5 12 19 25 36 42 46 56
5 12 19 25 42 56 66 76
5 12 19 25 56 59 63 76
5 12 19 29 39 42 59 79
5 12 19 32 36 42 62 79
5 12 19 35 36 46 49 66
5 12 19 35 39 49 52 69
5 12 19 35 46 63 66 76
5 12 19 35 52 63 69 73
5 12 19 36 56 62 66 79
5 12 19 39 56 59 69 79
5 12 22 32 35 42 49 73
5 12 22 32 35 52 63 79
5 12 22 32 35 63 69 73
5 12 22 32 42 56 73 79
5 12 22 35 39 42 52 62
5 12 22 35 39 42 73 79
5 12 22 35 62 63 73 79
5 12 22 39 49 52 56 63
5 12 22 42 52 56 62 69
5 12 22 49 56 63 69 73
5 12 25 29 35 42 49 76
5 12 25 29 35 46 63 79
5 12 25 29 35 63 66 76
5 12 25 29 42 56 76 79
5 12 25 35 36 42 46 59
5 12 25 35 36 42 76 79
5 12 25 35 59 63 76 79
5 12 25 36 46 49 56 63
5 12 25 42 46 56 59 66
5 12 25 49 56 63 66 76
5 12 29 36 42 46 56 76
5 12 29 46 49 59 63 79
5 12 32 39 42 52 56 73
5 12 32 49 52 62 63 79
5 12 35 42 46 49 59 76
5 12 35 42 46 66 76 79
5 12 35 42 49 52 62 73
5 12 35 42 52 69 73 79
5 12 36 46 56 59 63 76
5 12 36 49 56 66 76 79
5 12 39 49 56 69 73 79
5 12 39 52 56 62 63 73
5 12 42 46 56 59 76 79
5 12 42 52 56 62 73 79
5 13 16 18 21 29 45 64
5 13 16 18 21 29 51 70
5 13 16 18 29 37 51 78
5 13 16 18 32 51 56 64
5 13 16 18 32 62 70 75
5 13 16 18 40 45 62 78
5 13 16 21 29 40 45 75
5 13 16 21 35 45 59 70
5 13 16 21 35 62 64 78
5 13 16 21 37 51 62 75
5 13 16 29 32 37 51 75
5 13 16 29 35 40 45 78
5 13 16 29 45 59 64 78
5 13 16 29 51 56 70 75
5 13 16 45 51 62 64 78
5 13 16 45 51 62 70 75
5 13 18 21 29 40 70 75
5 13 18 21 32 37 45 56
5 13 18 21 32 51 62 70
5 13 18 21 37 40 51 62
5 13 18 21 37 62 64 75
5 13 18 21 56 62 70 75
5 13 18 29 32 37 45 75
5 13 18 29 32 51 70 78
5 13 18 29 32 64 70 75
5 13 18 29 37 40 51 56
5 13 18 29 37 40 75 78
5 13 18 29 56 70 75 78
5 13 18 32 37 62 75 78
5 13 18 37 51 56 62 64
5 13 18 40 45 51 62 70
5 13 18 45 62 64 70 75
5 13 21 24 29 43 70 72
5 13 21 24 35 37 45 59
5 13 21 24 35 48 62 70
5 13 21 24 37 43 48 62
5 13 21 24 37 62 67 72
5 13 21 24 59 62 70 72
5 13 21 29 40 45 51 64
5 13 21 29 43 45 48 67
5 13 21 29 48 67 70 72
5 13 21 29 51 64 70 75
5 13 21 32 37 43 56 78
5 13 21 35 37 40 59 78
5 13 21 40 59 62 64 78
5 13 21 43 56 62 67 78
5 13 24 29 35 37 45 72
5 13 24 29 35 48 70 78
5 13 24 29 35 67 70 72
5 13 24 29 37 43 48 59
5 13 24 29 37 43 72 78
5 13 24 29 59 70 72 78
5 13 24 35 37 62 72 78
5 13 24 37 48 59 62 67
5 13 24 43 45 48 62 70
5 13 24 45 62 67 70 72
5 13 29 37 45 48 59 72
5 13 29 37 45 51 56 75
5 13 29 37 48 67 72 78
5 13 29 37 51 64 75 78
5 13 32 37 40 51 62 75
5 13 32 45 51 56 70 78
5 13 35 37 43 48 62 72
5 13 35 45 48 59 70 78
5 13 37 48 59 62 72 78
5 13 37 51 56 62 75 78
5 13 40 45 62 64 75 78
5 13 40 51 56 62 70 75
5 13 43 45 62 67 72 78
5 13 43 48 59 62 70 72
5 14 17 20 23 32 47 68
5 14 17 20 23 32 50 71
5 14 17 20 32 41 47 77
5 14 17 20 35 47 62 71
5 14 17 20 35 59 68 74
5 14 17 20 44 50 59 77
5 14 17 23 29 50 56 68
5 14 17 23 29 59 71 77
5 14 17 23 32 44 50 74
5 14 17 23 41 47 59 74
5 14 17 29 32 44 50 77
5 14 17 32 35 41 47 74
5 14 17 32 47 62 68 74
5 14 17 32 50 56 71 77
5 14 17 47 50 59 68 74
5 14 17 47 50 59 71 77
5 14 20 23 32 44 68 74
5 14 20 23 35 41 50 62
5 14 20 23 35 47 59 68
5 14 20 23 41 44 47 59
5 14 20 23 41 59 71 74
5 14 20 23 59 62 68 74
5 14 20 32 35 41 50 74
5 14 20 32 35 47 68 77
5 14 20 32 35 68 71 74
5 14 20 32 41 44 47 62
5 14 20 32 41 44 74 77
5 14 20 32 62 68 74 77
5 14 20 35 41 59 74 77
5 14 20 41 47 59 62 71
5 14 20 44 47 50 59 68
5 14 20 50 59 68 71 74
5 14 23 26 29 41 50 56
5 14 23 26 29 53 59 68
5 14 23 26 32 38 68 80
5 14 23 26 38 41 53 59
5 14 23 26 41 59 65 80
5 14 23 26 56 59 68 80
5 14 23 29 41 44 56 77
5 14 23 32 38 50 53 65
5 14 23 32 44 47 50 71
5 14 23 32 47 68 71 74
5 14 23 32 53 65 68 80
5 14 23 35 38 41 62 77
5 14 23 38 59 62 65 77
5 14 23 44 56 59 71 77
5 14 26 29 32 41 50 80
5 14 26 29 32 53 68 77
5 14 26 29 32 65 68 80
5 14 26 29 41 59 77 80
5 14 26 32 38 41 53 56
5 14 26 32 38 41 77 80
5 14 26 32 56 68 77 80
5 14 26 38 50 53 59 68
5 14 26 41 53 56 59 65
5 14 26 50 59 65 68 80
5 14 29 38 41 53 59 80
5 14 29 50 53 56 68 77
5 14 32 41 47 50 62 74
5 14 32 41 47 71 74 77
5 14 32 41 50 53 56 80
5 14 32 41 53 65 77 80
5 14 35 41 44 47 59 74
5 14 35 47 50 62 68 77
5 14 38 50 59 65 77 80
5 14 38 53 56 59 68 80
5 14 41 47 59 62 74 77
5 14 41 53 56 59 77 80
5 14 44 47 59 62 68 74
5 14 44 50 59 71 74 77
5 15 19 25 32 36 46 62
5 15 19 25 32 49 56 66
5 15 19 25 35 42 66 79
5 15 19 25 36 42 49 56
5 15 19 25 36 56 63 79
5 15 19 25 56 62 66 79
5 15 19 32 35 36 46 79
5 15 19 32 35 49 66 76
5 15 19 32 35 63 66 79
5 15 19 32 36 56 76 79
5 15 19 35 36 42 49 62
5 15 19 35 36 42 76 79
5 15 19 35 62 66 76 79
5 15 19 36 49 56 62 63
5 15 19 42 46 49 56 66
5 15 19 46 56 63 66 79
5 15 22 25 29 36 46 59
5 15 22 25 29 52 56 66
5 15 22 25 35 39 66 73
5 15 22 25 36 39 52 56
5 15 22 25 36 56 69 73
5 15 22 25 56 59 66 73
5 15 22 29 35 36 46 73
5 15 22 29 35 52 66 76
5 15 22 29 35 66 69 73
5 15 22 29 36 56 73 76
5 15 22 35 36 39 52 59
5 15 22 35 36 39 73 76
5 15 22 35 59 66 73 76
5 15 22 36 52 56 59 69
5 15 22 39 46 52 56 66
5 15 22 46 56 66 69 73
5 15 25 29 36 42 59 76
5 15 25 32 36 39 62 76
5 15 25 35 39 46 52 69
5 15 25 35 42 46 49 63
5 15 25 35 49 63 66 79
5 15 25 35 52 66 69 73
5 15 25 39 56 62 69 76
5 15 25 42 56 59 63 76
5 15 29 36 39 52 56 73
5 15 29 46 52 59 66 76
5 15 32 36 42 49 56 79
5 15 32 46 49 62 66 76
5 15 35 36 46 49 62 79
5 15 35 36 46 52 59 73
5 15 35 36 49 63 76 79
5 15 35 36 52 69 73 76
5 15 36 49 56 62 76 79
5 15 36 52 56 59 73 76
5 15 39 46 56 69 73 76
5 15 39 52 56 59 66 73
5 15 42 46 56 63 76 79
5 15 42 49 56 62 66 79
5 16 18 21 29 37 64 78
5 16 18 21 35 40 51 59
5 16 18 21 35 45 62 64
5 16 18 21 37 40 45 62
5 16 18 21 40 62 70 78
5 16 18 21 59 62 64 78
5 16 18 24 29 43 64 72
5 16 18 24 32 40 51 56
5 16 18 24 32 48 62 64
5 16 18 24 40 43 48 62
5 16 18 24 40 62 67 72
5 16 18 24 56 62 64 72
5 16 18 29 37 45 51 70
5 16 18 29 43 48 51 67
5 16 18 29 45 64 70 78
5 16 18 29 48 64 67 72
5 16 18 32 37 40 56 75
5 16 18 35 40 43 59 75
5 16 18 37 56 62 70 75
5 16 18 43 59 62 67 75
5 16 21 29 35 40 51 78
5 16 21 29 35 45 64 75
5 16 21 29 35 64 70 78
5 16 21 29 37 40 45 59
5 16 21 29 37 40 75 78
5 16 21 29 59 64 75 78
5 16 21 35 40 62 75 78
5 16 21 37 45 51 62 64
5 16 21 40 45 59 62 70
5 16 21 51 62 64 70 78
5 16 24 29 32 40 51 72
5 16 24 29 32 48 64 75
5 16 24 29 32 64 67 72
5 16 24 29 40 43 48 56
5 16 24 29 40 43 72 75
5 16 24 29 56 64 72 75
5 16 24 32 40 62 72 75
5 16 24 40 48 56 62 67
5 16 24 43 48 51 62 64
5 16 24 51 62 64 67 72
5 16 29 40 45 51 59 78
5 16 29 40 45 70 75 78
5 16 29 40 48 51 56 72
5 16 29 40 48 67 72 75
5 16 32 40 43 48 62 72
5 16 32 48 51 56 64 75
5 16 35 37 40 45 62 78
5 16 35 45 51 59 64 75
5 16 37 45 59 62 64 78
5 16 37 51 62 70 75 78
5 16 40 45 59 62 75 78
5 16 40 48 56 62 72 75
5 16 43 48 56 62 64 72
5 16 43 51 62 67 72 75
5 17 20 23 29 44 47 56
5 17 20 23 29 50 59 71
5 17 20 23 32 41 71 77
5 17 20 23 41 44 50 59
5 17 20 23 44 59 68 77
5 17 20 23 56 59 71 77
5 17 20 26 32 38 71 80
5 17 20 26 35 44 47 62
5 17 20 26 35 53 59 71
5 17 20 26 38 44 53 59
5 17 20 26 44 59 65 80
5 17 20 26 59 62 71 80
5 17 20 29 38 44 56 74
5 17 20 32 38 47 53 65
5 17 20 32 41 47 50 68
5 17 20 32 50 68 71 77
5 17 20 32 53 65 71 80
5 17 20 35 41 44 62 74
5 17 20 38 56 59 65 74
5 17 20 41 59 62 68 74
5 17 23 29 32 44 47 77
5 17 23 29 32 50 71 74
5 17 23 29 32 68 71 77
5 17 23 29 44 59 74 77
5 17 23 32 41 44 50 56
5 17 23 32 41 44 74 77
5 17 23 32 56 71 74 77
5 17 23 41 47 50 59 71
5 17 23 44 50 56 59 68
5 17 23 47 59 68 71 77
5 17 26 32 35 44 47 80
5 17 26 32 35 53 71 74
5 17 26 32 35 65 71 80
5 17 26 32 38 44 53 62
5 17 26 32 38 44 74 80
5 17 26 32 62 71 74 80
5 17 26 35 44 59 74 80
5 17 26 38 47 53 59 71
5 17 26 44 53 59 62 65
5 17 26 47 59 65 71 80
5 17 29 41 44 50 59 77
5 17 29 47 50 56 71 74
5 17 32 44 47 50 56 77
5 17 32 44 47 53 62 80
5 17 32 44 50 68 74 77
5 17 32 44 53 65 74 80
5 17 35 38 44 53 59 80
5 17 35 47 53 62 71 74
5 17 38 47 59 65 74 80
5 17 38 53 59 62 71 80
5 17 41 47 59 68 74 77
5 17 41 50 56 59 71 77
5 17 44 50 56 59 74 77
5 17 44 53 59 62 74 80
5 18 21 29 37 51 56 70
5 18 21 29 40 45 59 64
5 18 24 29 40 48 56 64
5 18 24 29 43 51 59 67
5 18 29 32 37 40 51 70
5 18 29 32 40 48 64 72
5 18 29 35 40 43 51 67
5 18 29 35 40 45 64 78
5 18 29 37 40 45 70 75
5 18 29 37 56 64 70 75
5 18 29 40 43 48 67 75
5 18 29 43 59 64 67 75
5 18 32 37 51 62 64 70
5 18 32 40 56 64 72 75
5 18 35 40 59 64 75 78
5 18 35 43 51 62 64 67
5 18 37 40 51 62 70 78
5 18 37 45 51 56 62 70
5 18 37 62 64 70 75 78
5 18 40 43 51 62 67 72
5 18 43 48 51 59 62 67
5 18 43 62 64 67 72 75
5 19 22 35 39 49 59 69
5 19 22 35 42 52 62 63
5 19 25 35 36 49 62 66
5 19 25 35 42 46 59 63
5 19 29 35 39 42 49 69
5 19 29 35 42 46 63 76
5 19 29 39 49 56 63 69
5 19 29 42 59 63 76 79
5 19 32 35 36 42 49 66
5 19 32 35 42 52 63 73
5 19 32 36 49 56 63 66
5 19 32 42 62 63 73 79
5 19 35 36 42 46 66 79
5 19 35 36 62 63 66 79
5 19 35 39 42 52 69 79
5 19 35 39 59 63 69 79
5 19 36 42 49 56 66 76
5 19 36 46 49 56 62 66
5 19 36 56 63 66 76 79
5 19 39 42 49 56 69 73
5 19 39 49 52 56 59 69
5 19 39 56 63 69 73 79
5 20 23 32 41 47 62 68
5 20 23 32 44 50 56 71
5 20 26 32 38 47 56 65
5 20 26 32 44 53 62 71
5 20 29 32 38 44 47 65
5 20 29 32 44 50 71 77
5 20 29 38 47 59 65 71
5 20 29 44 56 71 74 77
5 20 32 35 41 44 47 68
5 20 32 35 44 53 71 80
5 20 32 38 44 53 65 74
5 20 32 38 56 65 71 74
5 20 32 41 44 50 68 74
5 20 32 41 62 68 71 74
5 20 35 41 47 59 68 71
5 20 35 44 62 71 74 80
5 20 38 44 47 59 65 80
5 20 38 47 53 56 59 65
5 20 38 59 65 71 74 80
5 20 41 44 47 59 68 77
5 20 41 47 50 59 62 68
5 20 41 59 68 71 74 77
5 21 24 29 37 48 59 70
5 21 24 29 43 45 56 67
5 21 29 32 37 43 45 67
5 21 29 32 37 51 70 75
5 21 29 35 37 40 45 64
5 21 29 35 37 48 70 72
5 21 29 37 40 51 64 78
5 21 29 37 43 48 67 78
5 21 29 40 59 64 70 78
5 21 29 43 56 67 70 78
5 21 32 37 56 70 75 78
5 21 32 43 45 62 67 70
5 21 35 37 59 70 72 78
5 21 35 40 45 62 64 70
5 21 37 40 45 62 64 75
5 21 37 43 45 62 67 72
5 21 40 45 51 59 62 64
5 21 40 62 64 70 75 78
5 21 43 45 48 56 62 67
5 21 43 62 67 70 72 78
5 22 25 35 36 52 59 66
5 22 25 35 39 46 62 69
5 22 29 35 36 39 52 66
5 22 29 35 39 49 69 79
5 22 29 36 52 56 66 69
5 22 29 39 59 69 73 79
5 22 32 35 39 42 52 63
5 22 32 35 39 46 69 76
5 22 32 39 62 69 73 76
5 22 32 42 52 56 63 69
5 22 35 36 39 46 66 73
5 22 35 36 59 66 69 73
5 22 35 39 42 49 63 73
5 22 35 42 62 63 69 73
5 22 36 39 52 56 66 76
5 22 36 46 52 56 59 66
5 22 36 56 66 69 73 76
5 22 39 42 52 56 63 79
5 22 42 49 52 56 62 63
5 22 42 56 63 69 73 79
5 23 26 32 38 50 62 65
5 23 26 32 41 53 56 68
5 23 29 32 41 44 50 71
5 23 29 32 41 53 68 80
5 23 29 41 56 68 77 80
5 23 29 44 50 59 68 71
5 23 32 35 38 41 50 65
5 23 32 35 41 47 68 74
5 23 32 38 41 53 65 77
5 23 32 38 62 65 68 77
5 23 32 41 44 47 71 77
5 23 32 44 56 68 71 77
5 23 35 38 50 59 65 68
5 23 35 41 62 68 74 77
5 23 38 41 50 59 65 80
5 23 38 50 53 59 62 65
5 23 38 59 65 68 77 80
5 23 41 44 50 59 71 74
5 23 44 47 50 56 59 71
5 23 44 59 68 71 74 77
5 24 29 32 40 43 48 64
5 24 29 32 43 45 67 78
5 24 29 35 37 43 48 70
5 24 29 35 43 51 67 75
5 24 29 37 43 45 70 72
5 24 29 37 59 67 70 72
5 24 29 40 43 51 64 72
5 24 29 40 56 64 67 72
5 24 32 40 48 62 64 67
5 24 32 43 56 67 72 78
5 24 35 37 48 62 67 70
5 24 35 43 59 67 72 75
5 24 37 43 48 62 70 78
5 24 37 45 48 59 62 70
5 24 37 62 67 70 72 78
5 24 40 43 48 62 64 75
5 24 40 48 51 56 62 64
5 24 40 62 64 67 72 75
5 25 29 35 36 42 46 63
5 25 29 35 36 52 66 73
5 25 29 36 59 66 73 76
5 25 29 42 46 56 63 66
5 25 32 35 36 39 46 69
5 25 32 35 36 49 66 79
5 25 32 36 62 66 76 79
5 25 32 39 46 56 66 69
5 25 35 36 39 52 69 76
5 25 35 36 42 49 63 76
5 25 35 39 62 66 69 76
5 25 35 42 59 63 66 76
5 25 36 39 46 56 69 73
5 25 36 42 46 56 63 79
5 25 39 46 52 56 62 69
5 25 39 56 66 69 73 76
5 25 42 46 49 56 59 63
5 25 42 56 63 66 76 79
5 26 29 32 38 41 53 68
5 26 29 32 38 47 65 74
5 26 29 38 56 65 74 80
5 26 29 41 53 59 65 68
5 26 32 35 38 44 53 71
5 26 32 35 38 50 65 77
5 26 32 38 41 50 68 80
5 26 32 38 44 47 71 80
5 26 32 41 56 65 68 80
5 26 32 44 62 65 71 80
5 26 35 38 62 65 77 80
5 26 35 44 53 59 65 71
5 26 38 41 53 59 68 77
5 26 38 44 53 59 71 74
5 26 41 50 53 56 59 68
5 26 41 59 65 68 77 80
5 26 44 47 53 59 62 71
5 26 44 59 65 71 74 80
5 27 28 29 30 32 58 61
5 27 28 29 31 32 54 57
5 27 28 32 33 35 55 61
5 27 28 32 34 35 57 60
5 27 29 30 31 35 58 61
5 27 29 31 32 33 55 61
5 27 29 31 34 35 54 60
5 27 29 33 34 35 55 61
5 27 30 32 34 35 58 61
5 27 30 54 55 56 58 59
5 27 30 55 56 57 58 62
5 27 30 55 58 59 60 62
5 27 33 54 56 58 61 62
5 27 33 56 58 59 60 61
5 27 33 57 58 59 61 62
5 28 29 30 31 35 54 57
5 28 29 30 32 34 57 60
5 28 29 30 33 35 55 58
5 28 29 33 34 35 57 60
5 28 31 32 33 35 54 57
5 28 31 55 56 57 60 62
5 28 31 56 57 59 60 61
5 28 31 57 58 59 60 62
5 28 34 54 55 59 60 62
5 28 34 54 56 58 59 60
5 28 34 54 56 60 61 62
5 29 30 32 33 34 55 58
5 29 31 32 33 34 54 60
5 29 36 46 52 56 66 73
5 29 36 46 59 63 66 76
5 29 37 45 48 67 70 72
5 29 37 45 51 64 70 75
5 29 38 47 53 59 65 74
5 29 38 53 56 65 68 80
5 29 39 49 52 56 69 79
5 29 39 52 59 66 69 73
5 29 40 45 51 64 70 78
5 29 40 48 51 64 67 72
5 29 41 50 53 59 68 80
5 29 41 50 56 68 71 77
5 29 42 46 49 56 63 76
5 29 42 49 59 63 69 79
5 29 43 45 48 67 70 78
5 29 43 48 51 64 67 75
5 29 44 47 50 59 71 77
5 29 44 47 56 65 71 74
5 30 31 32 33 35 55 58
5 30 31 32 34 35 54 60
5 30 33 54 55 59 61 62
5 30 33 55 56 57 59 61
5 30 33 55 56 60 61 62
5 31 34 54 55 56 57 59
5 31 34 54 56 57 58 62
5 31 34 54 57 59 61 62
5 32 36 46 49 56 66 79
5 32 36 46 62 66 69 76
5 32 37 45 51 62 70 75
5 32 37 45 56 67 70 78
5 32 38 47 53 65 71 74
5 32 38 50 53 65 68 77
5 32 39 46 52 56 69 76
5 32 39 52 62 63 69 73
5 32 40 48 51 62 64 72
5 32 40 51 56 64 70 75
5 32 41 47 50 68 71 74
5 32 41 50 53 65 68 80
5 32 42 49 52 56 63 73
5 32 42 49 62 63 66 79
5 32 43 45 48 62 67 78
5 32 43 48 56 64 67 72
5 32 44 47 50 68 71 77
5 32 44 47 53 65 71 80
5 35 36 46 49 63 66 79
5 35 36 46 52 66 69 73
5 35 37 45 48 62 70 72
5 35 37 45 59 64 70 78
5 35 38 50 53 59 65 77
5 35 38 53 62 65 71 80
5 35 39 46 52 66 69 76
5 35 39 49 52 63 69 79
5 35 40 45 51 62 64 78
5 35 40 51 59 64 67 75
5 35 41 47 50 59 68 74
5 35 41 50 62 65 68 77
5 35 42 46 49 63 66 76
5 35 42 49 52 63 69 73
5 35 43 48 51 62 67 75
5 35 43 48 59 67 70 72
5 35 44 47 53 59 71 80
5 35 44 47 62 68 71 74
6 7 27 28 31 33 56 59
6 7 27 30 31 34 56 62
6 7 28 30 33 34 59 62
6 7 29 32 54 55 58 60
6 7 29 35 54 57 58 61
6 7 32 35 55 57 60 61
6 8 27 29 30 35 55 61
6 8 27 32 33 35 55 58
6 8 28 31 54 59 60 62
6 8 28 34 54 56 57 62
6 8 29 30 32 33 58 61
6 8 31 34 56 57 59 60
6 9 12 18 21 33 45 63
6 9 12 18 21 33 48 66
6 9 12 18 27 45 54 66
6 9 12 18 27 60 63 72
6 9 12 18 33 36 45 75
6 9 12 18 39 48 60 75
6 9 12 21 30 48 57 63
6 9 12 21 30 60 66 75
6 9 12 21 33 39 48 72
6 9 12 21 36 45 60 72
6 9 12 27 33 36 45 72
6 9 12 30 33 39 48 75
6 9 12 33 45 54 63 72
6 9 12 33 48 57 66 75
6 9 12 45 48 60 63 72
6 9 12 45 48 60 66 75
6 9 15 21 24 33 48 69
6 9 15 21 24 33 51 63
6 9 15 21 27 48 54 63
6 9 15 21 27 60 69 75
6 9 15 21 33 42 48 78
6 9 15 21 36 51 60 78
6 9 15 24 30 51 57 69
6 9 15 24 30 60 63 78
6 9 15 24 33 36 51 75
6 9 15 24 42 48 60 75
6 9 15 27 33 42 48 75
6 9 15 30 33 36 51 78
6 9 15 33 48 54 69 75
6 9 15 33 51 57 63 78
6 9 15 48 51 60 63 78
6 9 15 48 51 60 69 75
6 9 18 21 27 36 48 54
6 9 18 21 27 45 60 63
6 9 18 21 33 39 63 72
6 9 18 21 36 39 45 60
6 9 18 21 36 60 66 72
6 9 18 21 54 60 63 72
6 9 18 27 33 36 48 72
6 9 18 27 33 45 63 75
6 9 18 27 33 63 66 72
6 9 18 27 36 60 72 75
6 9 18 33 36 39 45 54
6 9 18 33 36 39 72 75
6 9 18 33 54 63 72 75
6 9 18 36 45 54 60 66
6 9 18 39 45 48 60 63
6 9 18 48 60 63 66 72
6 9 21 24 30 36 48 57
6 9 21 24 30 51 60 63
6 9 21 24 33 42 63 78
6 9 21 24 36 42 51 60
6 9 21 24 36 60 69 78
6 9 21 24 57 60 63 78
6 9 21 27 36 42 54 75
6 9 21 30 36 39 57 75
6 9 21 33 39 45 48 66
6 9 21 33 42 48 51 69
6 9 21 33 45 63 66 72
6 9 21 33 51 63 69 78
6 9 21 39 57 60 66 75
6 9 21 42 54 60 69 75
6 9 24 30 33 36 48 78
6 9 24 30 33 51 63 75
6 9 24 30 33 63 69 78
6 9 24 30 36 60 75 78
6 9 24 33 36 42 51 57
6 9 24 33 36 42 75 78
6 9 24 33 57 63 75 78
6 9 24 36 51 57 60 69
6 9 24 42 48 51 60 63
6 9 24 48 60 63 69 78
6 9 27 36 39 45 60 72
6 9 27 45 48 54 63 75
6 9 30 36 42 51 60 78
6 9 30 48 51 57 63 75
6 9 33 36 45 48 54 72
6 9 33 36 45 66 72 75
6 9 33 36 48 51 57 78
6 9 33 36 51 69 75 78
6 9 36 45 54 60 72 75
6 9 36 51 57 60 75 78
6 9 39 45 54 60 63 72
6 9 39 48 60 66 72 75
6 9 42 48 60 69 75 78
6 9 42 51 57 60 63 78
6 10 13 20 23 27 50 70
6 10 13 20 23 27 53 64
6 10 13 20 27 40 50 74
6 10 13 20 30 50 60 64
6 10 13 20 30 57 70 80
6 10 13 20 43 53 57 74
6 10 13 23 27 43 53 80
6 10 13 23 33 53 54 70
6 10 13 23 33 57 64 74
6 10 13 23 40 50 57 80
6 10 13 27 30 40 50 80
6 10 13 27 33 43 53 74
6 10 13 27 50 60 70 80
6 10 13 27 53 54 64 74
6 10 13 50 53 57 64 74
6 10 13 50 53 57 70 80
6 10 16 23 26 27 47 70
6 10 16 23 26 27 53 67
6 10 16 23 27 37 53 77
6 10 16 23 30 53 60 70
6 10 16 23 30 57 67 74
6 10 16 23 40 47 57 77
6 10 16 26 27 40 47 74
6 10 16 26 33 47 54 67
6 10 16 26 33 57 70 77
6 10 16 26 37 53 57 74
6 10 16 27 30 37 53 74
6 10 16 27 33 40 47 77
6 10 16 27 47 54 70 77
6 10 16 27 53 60 67 74
6 10 16 47 53 57 67 74
6 10 16 47 53 57 70 77
6 10 20 23 27 43 70 80
6 10 20 23 30 40 53 60
6 10 20 23 30 50 57 70
6 10 20 23 40 43 50 57
6 10 20 23 40 57 64 80
6 10 20 23 57 60 70 80
6 10 20 27 30 40 53 80
6 10 20 27 30 50 70 74
6 10 20 27 30 64 70 80
6 10 20 27 40 43 50 60
6 10 20 27 40 43 74 80
6 10 20 27 60 70 74 80
6 10 20 30 40 57 74 80
6 10 20 40 50 57 60 64
6 10 20 43 50 53 57 70
6 10 20 53 57 64 70 80
6 10 23 26 27 37 70 77
6 10 23 26 33 40 53 54
6 10 23 26 33 47 57 70
6 10 23 26 37 40 47 57
6 10 23 26 40 57 67 77
6 10 23 26 54 57 70 77
6 10 23 27 37 47 53 67
6 10 23 27 43 50 53 64
6 10 23 27 47 67 70 77
6 10 23 27 50 64 70 80
6 10 23 30 37 40 60 74
6 10 23 33 40 43 54 74
6 10 23 37 57 60 67 74
6 10 23 43 54 57 64 74
6 10 26 27 33 40 53 77
6 10 26 27 33 47 70 74
6 10 26 27 33 67 70 77
6 10 26 27 37 40 47 54
6 10 26 27 37 40 74 77
6 10 26 27 54 70 74 77
6 10 26 33 40 57 74 77
6 10 26 37 47 53 57 70
6 10 26 40 47 54 57 67
6 10 26 53 57 67 70 77
6 10 27 40 47 53 54 77
6 10 27 40 47 67 74 77
6 10 27 40 50 53 60 80
6 10 27 40 50 64 74 80
6 10 30 40 43 50 57 80
6 10 30 50 53 60 70 74
6 10 33 37 40 47 57 77
6 10 33 47 53 54 70 74
6 10 37 47 54 57 70 77
6 10 37 53 57 67 74 77
6 10 40 47 54 57 74 77
6 10 40 50 57 60 74 80
6 10 43 50 57 60 70 80
6 10 43 53 57 64 74 80
6 11 14 22 25 30 46 68
6 11 14 22 25 30 49 71
6 11 14 22 30 44 46 73
6 11 14 22 33 46 57 71
6 11 14 22 33 54 68 79
6 11 14 22 38 49 54 73
6 11 14 25 27 49 60 68
6 11 14 25 27 54 71 73
6 11 14 25 30 38 49 79
6 11 14 25 44 46 54 79
6 11 14 27 30 38 49 73
6 11 14 30 33 44 46 79
6 11 14 30 46 57 68 79
6 11 14 30 49 60 71 73
6 11 14 46 49 54 68 79
6 11 14 46 49 54 71 73
6 11 17 19 25 30 49 65
6 11 17 19 25 30 52 68
6 11 17 19 27 52 60 65
6 11 17 19 27 54 68 76
6 11 17 19 30 44 52 73
6 11 17 19 41 49 54 73
6 11 17 25 30 41 49 76
6 11 17 25 33 49 57 68
6 11 17 25 33 54 65 73
6 11 17 25 44 52 54 76
6 11 17 27 30 44 52 76
6 11 17 30 33 41 49 73
6 11 17 30 49 57 65 73
6 11 17 30 52 60 68 76
6 11 17 49 52 54 65 73
6 11 17 49 52 54 68 76
6 11 19 25 27 44 49 60
6 11 19 25 27 52 54 68
6 11 19 25 30 41 68 76
6 11 19 25 41 44 52 54
6 11 19 25 44 54 65 76
6 11 19 25 54 60 68 76
6 11 19 27 30 44 49 76
6 11 19 27 30 52 68 73
6 11 19 27 30 65 68 76
6 11 19 27 44 54 73 76
6 11 19 30 41 44 52 60
6 11 19 30 41 44 73 76
6 11 19 30 60 68 73 76
6 11 19 41 49 52 54 68
6 11 19 44 52 54 60 65
6 11 19 49 54 65 68 76
6 11 22 25 30 38 68 79
6 11 22 25 33 44 49 57
6 11 22 25 33 46 54 68
6 11 22 25 38 44 46 54
6 11 22 25 44 54 71 79
6 11 22 25 54 57 68 79
6 11 22 30 33 44 49 79
6 11 22 30 33 46 68 73
6 11 22 30 33 68 71 79
6 11 22 30 38 44 46 57
6 11 22 30 38 44 73 79
6 11 22 30 57 68 73 79
6 11 22 33 44 54 73 79
6 11 22 38 46 49 54 68
6 11 22 44 46 54 57 71
6 11 22 49 54 68 71 79
6 11 25 27 38 44 60 73
6 11 25 30 38 46 49 71
6 11 25 30 41 49 52 65
6 11 25 30 46 68 71 79
6 11 25 30 52 65 68 76
6 11 25 33 41 44 57 73
6 11 25 38 54 60 71 73
6 11 25 41 54 57 65 73
6 11 27 41 44 52 54 76
6 11 27 49 52 60 68 73
6 11 30 44 46 49 57 79
6 11 30 44 46 71 73 79
6 11 30 44 49 52 60 76
6 11 30 44 52 65 73 76
6 11 33 38 44 46 54 79
6 11 33 46 49 57 68 73
6 11 38 46 54 57 68 79
6 11 38 49 54 71 73 79
6 11 41 49 54 65 73 76
6 11 41 52 54 60 68 76
6 11 44 46 54 57 73 79
6 11 44 52 54 60 73 76
6 12 15 18 24 33 45 69
6 12 15 18 24 33 51 66
6 12 15 18 30 45 57 66
6 12 15 18 30 60 69 72
6 12 15 18 33 42 45 78
6 12 15 18 39 51 60 78
6 12 15 24 27 51 54 69
6 12 15 24 27 60 66 78
6 12 15 24 33 39 51 72
6 12 15 24 42 45 60 72
6 12 15 27 33 39 51 78
6 12 15 30 33 42 45 72
6 12 15 33 45 57 69 72
6 12 15 33 51 54 66 78
6 12 15 45 51 60 66 78
6 12 15 45 51 60 69 72
6 12 18 21 30 39 45 57
6 12 18 21 30 48 60 66
6 12 18 21 33 36 66 75
6 12 18 21 36 39 48 60
6 12 18 21 39 60 63 75
6 12 18 21 57 60 66 75
6 12 18 24 27 39 45 54
6 12 18 24 27 51 60 66
6 12 18 24 33 42 66 78
6 12 18 24 39 42 51 60
6 12 18 24 39 60 69 78
6 12 18 24 54 60 66 78
6 12 18 27 36 39 54 72
6 12 18 30 39 42 57 72
6 12 18 33 36 45 48 63
6 12 18 33 42 45 51 69
6 12 18 33 48 63 66 75
6 12 18 33 51 66 69 78
6 12 18 36 54 60 63 72
6 12 18 42 57 60 69 72
6 12 21 30 33 39 45 75
6 12 21 30 33 48 66 72
6 12 21 30 33 63 66 75
6 12 21 30 39 60 72 75
6 12 21 33 36 39 48 57
6 12 21 33 36 39 72 75
6 12 21 33 57 66 72 75
6 12 21 36 45 48 60 66
6 12 21 39 48 57 60 63
6 12 21 45 60 63 66 75
6 12 24 27 33 39 45 78
6 12 24 27 33 51 66 72
6 12 24 27 33 66 69 78
6 12 24 27 39 60 72 78
6 12 24 33 39 42 51 54
6 12 24 33 39 42 72 78
6 12 24 33 54 66 72 78
6 12 24 39 51 54 60 69
6 12 24 42 45 51 60 66
6 12 24 45 60 66 69 78
6 12 27 39 42 51 60 78
6 12 27 45 51 54 66 72
6 12 30 36 39 48 60 75
6 12 30 45 48 57 66 72
6 12 33 39 45 48 57 75
6 12 33 39 45 51 54 78
6 12 33 39 48 63 72 75
6 12 33 39 51 69 72 78
6 12 36 45 60 63 72 75
6 12 36 48 57 60 66 75
6 12 39 48 57 60 72 75
6 12 39 51 54 60 72 78
6 12 42 45 60 69 72 78
6 12 42 51 54 60 66 78
6 13 16 20 26 27 47 64
6 13 16 20 26 27 50 67
6 13 16 20 27 37 50 77
6 13 16 20 33 50 54 64
6 13 16 20 33 57 67 80
6 13 16 20 43 47 57 77
6 13 16 26 27 43 47 80
6 13 16 26 30 47 60 67
6 13 16 26 30 57 64 77
6 13 16 26 37 50 57 80
6 13 16 27 30 43 47 77
6 13 16 27 33 37 50 80
6 13 16 27 47 60 64 77
6 13 16 27 50 54 67 80
6 13 16 47 50 57 64 77
6 13 16 47 50 57 67 80
6 13 20 23 27 40 64 74
6 13 20 23 33 43 50 54
6 13 20 23 33 53 57 64
6 13 20 23 40 43 53 57
6 13 20 23 43 57 70 74
6 13 20 23 54 57 64 74
6 13 20 26 27 37 64 77
6 13 20 26 30 43 50 60
6 13 20 26 30 47 57 64
6 13 20 26 37 43 47 57
6 13 20 26 43 57 67 77
6 13 20 26 57 60 64 77
6 13 20 27 37 47 50 67
6 13 20 27 40 50 53 70
6 13 20 27 47 64 67 77
6 13 20 27 53 64 70 74
6 13 20 30 40 43 60 80
6 13 20 33 37 43 54 80
6 13 20 37 54 57 67 80
6 13 20 40 57 60 70 80
6 13 23 27 33 43 50 74
6 13 23 27 33 53 64 80
6 13 23 27 33 64 70 74
6 13 23 27 40 43 53 54
6 13 23 27 40 43 74 80
6 13 23 27 54 64 74 80
6 13 23 33 43 57 74 80
6 13 23 40 50 53 57 64
6 13 23 43 53 54 57 70
6 13 23 50 57 64 70 74
6 13 26 27 30 43 50 77
6 13 26 27 30 47 64 80
6 13 26 27 30 64 67 77
6 13 26 27 37 43 47 60
6 13 26 27 37 43 77 80
6 13 26 27 60 64 77 80
6 13 26 30 43 57 77 80
6 13 26 37 47 50 57 64
6 13 26 43 47 57 60 67
6 13 26 50 57 64 67 77
6 13 27 43 47 50 60 77
6 13 27 43 47 67 77 80
6 13 27 43 50 53 54 74
6 13 27 43 53 70 74 80
6 13 30 37 43 47 57 77
6 13 30 47 50 60 64 80
6 13 33 40 43 53 57 74
6 13 33 50 53 54 64 80
6 13 37 47 57 60 64 77
6 13 37 50 57 67 77 80
6 13 40 50 57 70 74 80
6 13 40 53 54 57 64 74
6 13 43 47 57 60 77 80
6 13 43 53 54 57 74 80
6 14 17 19 22 30 46 65
6 14 17 19 22 30 52 71
6 14 17 19 30 38 52 79
6 14 17 19 33 52 57 65
6 14 17 19 33 54 71 76
6 14 17 19 41 46 54 79
6 14 17 22 27 46 60 71
6 14 17 22 27 54 65 79
6 14 17 22 30 41 46 76
6 14 17 22 38 52 54 76
6 14 17 27 30 41 46 79
6 14 17 30 33 38 52 76
6 14 17 30 46 60 65 79
6 14 17 30 52 57 71 76
6 14 17 46 52 54 65 79
6 14 17 46 52 54 71 76
6 14 19 22 30 41 71 76
6 14 19 22 33 38 46 57
6 14 19 22 33 52 54 71
6 14 19 22 38 41 52 54
6 14 19 22 38 54 65 76
6 14 19 22 54 57 71 76
6 14 19 30 33 38 46 76
6 14 19 30 33 52 71 79
6 14 19 30 33 65 71 76
6 14 19 30 38 41 52 57
6 14 19 30 38 41 76 79
6 14 19 30 57 71 76 79
6 14 19 33 38 54 76 79
6 14 19 38 52 54 57 65
6 14 19 41 46 52 54 71
6 14 19 46 54 65 71 76
6 14 22 25 27 38 46 60
6 14 22 25 27 49 54 71
6 14 22 25 30 44 71 73
6 14 22 25 38 44 49 54
6 14 22 25 38 54 68 73
6 14 22 25 54 60 71 73
6 14 22 27 38 41 60 79
6 14 22 30 41 46 52 65
6 14 22 30 44 46 49 68
6 14 22 30 49 68 71 73
6 14 22 30 52 65 71 76
6 14 22 33 38 44 57 79
6 14 22 41 54 60 65 79
6 14 22 44 54 57 68 79
6 14 25 27 30 38 46 73
6 14 25 27 30 49 71 79
6 14 25 27 30 68 71 73
6 14 25 27 38 54 73 79
6 14 25 30 38 44 49 60
6 14 25 30 38 44 73 79
6 14 25 30 60 71 73 79
6 14 25 38 49 54 60 68
6 14 25 44 46 49 54 71
6 14 25 46 54 68 71 73
6 14 27 38 44 49 54 73
6 14 27 46 49 60 71 79
6 14 30 38 46 49 60 73
6 14 30 38 46 52 57 76
6 14 30 38 49 68 73 79
6 14 30 38 52 65 76 79
6 14 33 38 41 52 54 76
6 14 33 46 52 57 71 79
6 14 38 49 54 60 73 79
6 14 38 52 54 57 76 79
6 14 41 46 54 65 76 79
6 14 41 52 54 57 71 76
6 14 44 46 54 68 73 79
6 14 44 49 54 60 71 73
6 15 18 24 30 42 51 57
6 15 18 24 30 45 60 69
6 15 18 24 33 39 69 72
6 15 18 24 39 42 45 60
6 15 18 24 42 60 66 72
6 15 18 24 57 60 69 72
6 15 18 30 33 42 51 72
6 15 18 30 33 45 69 78
6 15 18 30 33 66 69 72
6 15 18 30 42 60 72 78
6 15 18 33 39 42 45 57
6 15 18 33 39 42 72 78
6 15 18 33 57 69 72 78
6 15 18 39 45 51 60 69
6 15 18 42 45 57 60 66
6 15 18 51 60 66 69 72
6 15 21 24 27 42 51 54
6 15 21 24 27 48 60 69
6 15 21 24 33 36 69 75
6 15 21 24 36 42 48 60
6 15 21 24 42 60 63 75
6 15 21 24 54 60 69 75
6 15 21 27 33 42 51 75
6 15 21 27 33 48 69 78
6 15 21 27 33 63 69 75
6 15 21 27 42 60 75 78
6 15 21 33 36 42 48 54
6 15 21 33 36 42 75 78
6 15 21 33 54 69 75 78
6 15 21 36 48 51 60 69
6 15 21 42 48 54 60 63
6 15 21 51 60 63 69 75
6 15 24 27 39 42 54 78
6 15 24 30 36 42 57 78
6 15 24 33 36 48 51 63
6 15 24 33 39 45 51 66
6 15 24 33 45 66 69 72
6 15 24 33 48 63 69 75
6 15 24 36 57 60 63 78
6 15 24 39 54 60 66 78
6 15 27 36 42 48 60 75
6 15 27 48 51 54 69 78
6 15 30 39 42 45 60 72
6 15 30 45 51 57 69 78
6 15 33 42 45 51 57 72
6 15 33 42 45 66 72 78
6 15 33 42 48 51 54 75
6 15 33 42 48 63 75 78
6 15 36 48 54 60 69 75
6 15 36 51 60 63 75 78
6 15 39 45 57 60 69 72
6 15 39 51 60 66 72 78
6 15 42 45 57 60 72 78
6 15 42 48 54 60 75 78
6 16 20 26 27 43 67 80
6 16 20 26 33 37 47 54
6 16 20 26 33 50 57 67
6 16 20 26 37 43 50 57
6 16 20 26 37 57 64 80
6 16 20 26 54 57 67 80
6 16 20 27 33 37 47 80
6 16 20 27 33 50 67 77
6 16 20 27 33 64 67 80
6 16 20 27 37 43 50 54
6 16 20 27 37 43 77 80
6 16 20 27 54 67 77 80
6 16 20 33 37 57 77 80
6 16 20 37 50 54 57 64
6 16 20 43 47 50 57 67
6 16 20 47 57 64 67 80
6 16 23 26 27 40 67 74
6 16 23 26 30 37 47 60
6 16 23 26 30 53 57 67
6 16 23 26 37 40 53 57
6 16 23 26 37 57 70 74
6 16 23 26 57 60 67 74
6 16 23 27 30 37 47 74
6 16 23 27 30 53 67 77
6 16 23 27 30 67 70 74
6 16 23 27 37 40 53 60
6 16 23 27 37 40 74 77
6 16 23 27 60 67 74 77
6 16 23 30 37 57 74 77
6 16 23 37 53 57 60 70
6 16 23 40 47 53 57 67
6 16 23 47 57 67 70 74
6 16 26 27 40 47 53 70
6 16 26 27 43 47 50 64
6 16 26 27 50 64 67 80
6 16 26 27 53 67 70 74
6 16 26 30 37 43 60 77
6 16 26 33 37 40 54 77
6 16 26 40 54 57 70 77
6 16 26 43 57 60 64 77
6 16 27 37 47 50 54 80
6 16 27 37 47 53 60 74
6 16 27 37 50 64 77 80
6 16 27 37 53 70 74 77
6 16 30 37 40 53 57 74
6 16 30 47 53 60 67 77
6 16 33 37 43 50 57 80
6 16 33 47 50 54 67 77
6 16 37 50 54 57 77 80
6 16 37 53 57 60 74 77
6 16 40 47 57 70 74 77
6 16 40 53 57 60 67 74
6 16 43 47 57 64 77 80
6 16 43 50 54 57 67 80
6 17 19 22 27 41 52 60
6 17 19 22 27 46 54 65
6 17 19 22 30 38 65 79
6 17 19 22 38 41 46 54
6 17 19 22 41 54 71 79
6 17 19 22 54 60 65 79
6 17 19 25 30 44 65 73
6 17 19 25 33 41 52 57
6 17 19 25 33 49 54 65
6 17 19 25 41 44 49 54
6 17 19 25 41 54 68 73
6 17 19 25 54 57 65 73
6 17 19 27 41 44 60 76
6 17 19 30 38 46 52 71
6 17 19 30 44 49 52 68
6 17 19 30 46 65 71 79
6 17 19 30 49 65 68 73
6 17 19 33 38 41 57 76
6 17 19 38 54 57 71 76
6 17 19 44 54 60 68 76
6 17 22 27 30 41 52 79
6 17 22 27 30 46 65 76
6 17 22 27 30 65 71 79
6 17 22 27 41 54 76 79
6 17 22 30 38 41 46 60
6 17 22 30 38 41 76 79
6 17 22 30 60 65 76 79
6 17 22 38 46 52 54 65
6 17 22 41 46 54 60 71
6 17 22 52 54 65 71 79
6 17 25 30 33 41 52 73
6 17 25 30 33 49 65 76
6 17 25 30 33 65 68 73
6 17 25 30 41 44 49 57
6 17 25 30 41 44 73 76
6 17 25 30 57 65 73 76
6 17 25 33 41 54 73 76
6 17 25 41 49 54 57 68
6 17 25 44 49 52 54 65
6 17 25 52 54 65 68 73
6 17 27 38 41 46 54 79
6 17 27 46 52 60 65 76
6 17 30 41 46 52 60 79
6 17 30 41 46 71 76 79
6 17 30 41 49 52 57 73
6 17 30 41 49 68 73 76
6 17 33 41 44 49 54 73
6 17 33 49 52 57 65 76
6 17 38 46 54 60 65 79
6 17 38 52 54 71 76 79
6 17 41 46 54 60 76 79
6 17 41 49 54 57 73 76
6 17 44 49 54 57 65 73
6 17 44 52 54 68 73 76
6 18 21 33 36 45 54 63
6 18 21 33 39 48 57 66
6 18 24 33 39 51 54 66
6 18 24 33 42 45 57 69
6 18 27 33 36 39 45 63
6 18 27 33 39 51 66 78
6 18 27 36 45 60 63 66
6 18 27 39 54 66 72 78
6 18 30 33 39 42 45 69
6 18 30 33 39 48 66 75
6 18 30 39 57 66 72 75
6 18 30 42 45 60 66 69
6 18 33 36 39 48 63 72
6 18 33 36 54 63 66 72
6 18 33 39 42 51 69 72
6 18 33 42 57 66 69 72
6 18 36 39 45 60 63 75
6 18 36 45 48 54 60 63
6 18 36 60 63 66 72 75
6 18 39 42 45 60 69 78
6 18 42 45 51 57 60 69
6 18 42 60 66 69 72 78
6 19 22 30 38 52 57 71
6 19 22 30 41 46 60 65
6 19 25 30 41 49 57 65
6 19 25 30 44 52 60 68
6 19 27 30 41 44 52 68
6 19 27 30 41 46 65 79
6 19 27 41 60 65 76 79
6 19 27 44 52 54 65 68
6 19 30 33 38 41 52 71
6 19 30 33 41 49 65 73
6 19 30 38 41 46 71 76
6 19 30 38 57 65 71 76
6 19 30 41 44 49 68 76
6 19 30 44 60 65 68 76
6 19 33 38 52 54 65 71
6 19 33 41 57 65 73 76
6 19 38 41 52 54 71 79
6 19 38 46 52 54 57 71
6 19 38 54 65 71 76 79
6 19 41 44 52 54 68 73
6 19 44 49 52 54 60 68
6 19 44 54 65 68 73 76
6 20 23 27 40 50 60 70
6 20 23 27 43 53 54 64
6 20 26 27 37 50 54 67
6 20 26 27 43 47 60 64
6 20 27 30 40 43 50 70
6 20 27 30 43 47 64 77
6 20 27 33 37 43 50 67
6 20 27 33 43 53 64 74
6 20 27 37 43 47 67 80
6 20 27 37 54 64 67 80
6 20 27 40 43 53 70 80
6 20 27 40 60 64 70 80
6 20 30 40 50 57 64 70
6 20 30 43 60 64 77 80
6 20 33 37 50 57 64 67
6 20 33 43 54 64 74 80
6 20 37 43 50 57 67 77
6 20 37 47 50 54 57 67
6 20 37 57 64 67 77 80
6 20 40 43 50 57 70 74
6 20 40 50 53 57 60 70
6 20 40 57 64 70 74 80
6 21 24 33 36 51 57 63
6 21 24 33 42 48 54 69
6 21 27 33 36 42 48 69
6 21 27 33 36 45 63 72
6 21 27 36 54 63 72 75
6 21 27 42 48 60 63 69
6 21 30 33 36 39 48 66
6 21 30 33 36 51 63 78
6 21 30 36 57 63 75 78
6 21 30 39 48 60 63 66
6 21 33 36 39 45 66 75
6 21 33 36 42 51 69 75
6 21 33 39 57 63 66 75
6 21 33 42 54 63 69 75
6 21 36 39 48 60 66 72
6 21 36 42 48 60 69 78
6 21 39 45 48 57 60 66
6 21 39 60 63 66 72 75
6 21 42 48 51 54 60 69
6 21 42 60 63 69 75 78
6 22 25 30 38 49 60 71
6 22 25 30 44 46 57 68
6 22 27 30 38 41 46 65
6 22 27 30 38 49 71 73
6 22 27 38 60 71 73 79
6 22 27 41 46 54 65 71
6 22 30 33 38 44 46 68
6 22 30 33 38 52 71 76
6 22 30 38 41 52 65 79
6 22 30 38 44 49 68 79
6 22 30 41 60 65 71 79
6 22 30 44 57 68 71 79
6 22 33 38 57 71 76 79
6 22 33 44 46 54 68 71
6 22 38 41 46 54 65 76
6 22 38 44 46 54 68 73
6 22 41 46 52 54 60 65
6 22 41 54 65 71 76 79
6 22 44 46 49 54 57 68
6 22 44 54 68 71 73 79
6 23 26 27 37 53 60 67
6 23 26 27 40 47 54 70
6 23 27 30 37 40 53 67
6 23 27 30 40 50 70 80
6 23 27 33 40 43 53 64
6 23 27 33 40 47 70 77
6 23 27 37 40 47 67 74
6 23 27 37 60 67 70 74
6 23 27 40 43 50 64 74
6 23 27 43 54 64 70 74
6 23 30 37 53 57 67 70
6 23 30 40 60 70 74 80
6 23 33 40 54 70 74 77
6 23 33 43 53 57 64 70
6 23 37 40 53 57 67 77
6 23 37 47 53 57 60 67
6 23 37 57 67 70 74 77
6 23 40 43 53 57 64 80
6 23 43 50 53 54 57 64
6 23 43 57 64 70 74 80
6 24 27 33 39 42 51 66
6 24 27 33 42 48 69 75
6 24 27 39 51 60 66 69
6 24 27 42 54 69 75 78
6 24 30 33 36 42 51 63
6 24 30 33 42 45 69 72
6 24 30 36 51 60 63 69
6 24 30 42 57 69 72 78
6 24 33 36 42 48 63 78
6 24 33 36 57 63 69 78
6 24 33 39 42 45 66 78
6 24 33 39 54 66 69 78
6 24 36 42 51 60 63 75
6 24 36 48 51 57 60 63
6 24 36 60 63 69 75 78
6 24 39 42 51 60 66 72
6 24 39 45 51 54 60 66
6 24 39 60 66 69 72 78
6 25 27 30 38 44 49 71
6 25 27 30 44 52 68 76
6 25 27 38 49 54 68 71
6 25 27 44 60 68 73 76
6 25 30 33 41 44 49 65
6 25 30 33 44 46 68 79
6 25 30 38 44 46 71 73
6 25 30 38 60 68 71 73
6 25 30 41 44 52 65 73
6 25 30 41 57 65 68 73
6 25 33 41 49 54 65 68
6 25 33 44 57 68 73 79
6 25 38 44 49 54 71 79
6 25 38 46 49 54 60 71
6 25 38 54 68 71 73 79
6 25 41 44 49 54 65 76
6 25 41 49 52 54 57 65
6 25 41 54 65 68 73 76
6 26 27 30 37 43 47 64
6 26 27 30 37 53 67 74
6 26 27 33 37 40 47 70
6 26 27 33 37 50 67 80
6 26 27 37 40 53 70 77
6 26 27 37 43 50 64 77
6 26 27 40 54 67 70 77
6 26 27 43 60 64 67 77
6 26 30 37 60 67 74 77
6 26 30 43 47 57 64 67
6 26 33 37 54 67 77 80
6 26 33 40 47 57 67 70
6 26 37 40 47 57 70 74
6 26 37 43 47 57 64 80
6 26 40 47 53 54 57 70
6 26 40 57 67 70 74 77
6 26 43 47 50 57 60 64
6 26 43 57 64 67 77 80
6 27 28 29 33 34 56 62
6 27 28 29 33 35 58 61
6 27 28 30 31 32 59 62
6 27 28 30 32 35 55 61
6 27 28 30 34 35 56 62
6 27 28 31 33 35 59 62
6 27 29 30 31 32 55 58
6 27 29 30 31 34 56 59
6 27 29 30 34 35 58 61
6 27 29 32 33 34 55 58
6 27 31 32 33 34 56 59
6 27 31 32 33 35 55 61
6 27 36 45 48 60 63 72
6 27 36 48 54 63 69 75
6 27 37 47 50 64 67 80
6 27 37 47 53 67 70 74
6 27 38 46 49 54 71 73
6 27 38 46 60 65 71 79
6 27 39 45 51 60 66 78
6 27 39 45 54 63 66 72
6 27 40 47 53 67 70 77
6 27 40 50 53 64 70 80
6 27 41 46 52 54 65 79
6 27 41 52 60 65 68 76
6 27 42 48 51 60 69 75
6 27 42 51 54 66 69 78
6 27 43 47 50 64 67 77
6 27 43 50 53 64 70 74
6 27 44 49 52 54 68 76
6 27 44 49 60 68 71 73
6 28 29 30 31 33 59 62
6 28 29 30 32 33 55 58
6 28 30 32 33 34 56 62
6 28 31 54 56 57 58 59
6 28 31 54 56 59 60 61
6 28 31 55 56 57 59 60
6 28 34 54 55 57 59 62
6 28 34 54 58 59 60 62
6 28 34 57 59 60 61 62
6 29 30 31 33 35 58 61
6 29 32 54 56 57 58 61
6 29 32 54 58 59 60 61
6 29 32 57 58 60 61 62
6 29 35 54 55 56 60 61
6 29 35 54 55 57 61 62
6 29 35 55 57 59 60 61
6 30 31 33 34 35 56 59
6 30 32 33 34 35 55 61
6 30 36 48 51 60 63 78
6 30 36 48 57 63 66 75
6 30 37 47 53 57 67 74
6 30 37 47 60 64 67 77
6 30 38 46 49 68 71 73
6 30 38 46 52 65 71 76
6 30 39 45 48 60 66 75
6 30 39 45 57 66 69 72
6 30 40 50 53 57 70 80
6 30 40 53 60 67 70 74
6 30 41 46 52 65 71 79
6 30 41 49 52 65 68 73
6 30 42 45 51 60 69 72
6 30 42 51 57 63 69 78
6 30 43 47 50 57 64 77
6 30 43 50 60 64 70 80
6 30 44 46 49 68 71 79
6 30 44 49 52 65 68 76
6 31 34 54 55 56 60 62
6 31 34 54 56 57 61 62
6 31 34 56 57 58 60 62
6 32 35 54 55 57 58 59
6 32 35 54 55 58 60 62
6 32 35 55 56 57 58 60
6 33 36 45 48 63 66 72
6 33 36 48 51 63 69 78
6 33 37 47 50 57 67 80
6 33 37 47 54 67 70 77
6 33 38 46 52 54 71 76
6 33 38 46 57 68 71 79
6 33 39 45 48 63 66 75
6 33 39 45 51 66 69 78
6 33 40 47 53 57 70 77
6 33 40 53 54 64 70 74
6 33 41 49 52 54 65 73
6 33 41 52 57 65 71 76
6 33 42 45 51 66 69 72
6 33 42 48 51 63 69 75
6 33 43 50 53 57 64 74
6 33 43 50 54 64 67 80
6 33 44 46 49 54 68 79
6 33 44 49 57 65 68 73
7 8 27 30 55 58 59 62
7 8 27 33 56 58 61 62
7 8 28 29 32 34 57 60
7 8 28 31 32 35 54 57
7 8 29 31 34 35 54 60
7 8 30 33 55 56 59 61
7 9 12 20 26 31 50 66
7 9 12 20 26 31 53 69
7 9 12 20 28 53 61 66
7 9 12 20 28 55 69 77
7 9 12 20 31 36 53 74
7 9 12 20 42 50 55 74
7 9 12 26 31 42 50 77
7 9 12 26 34 50 58 69
7 9 12 26 34 55 66 74
7 9 12 26 36 53 55 77
7 9 12 28 31 36 53 77
7 9 12 31 34 42 50 74
7 9 12 31 50 58 66 74
7 9 12 31 53 61 69 77
7 9 12 50 53 55 66 74
7 9 12 50 53 55 69 77
7 9 15 20 23 31 47 66
7 9 15 20 23 31 53 63
7 9 15 20 31 39 53 80
7 9 15 20 34 53 58 66
7 9 15 20 34 55 63 77
7 9 15 20 42 47 55 80
7 9 15 23 28 47 61 63
7 9 15 23 28 55 66 80
7 9 15 23 31 42 47 77
7 9 15 23 39 53 55 77
7 9 15 28 31 42 47 80
7 9 15 31 34 39 53 77
7 9 15 31 47 61 66 80
7 9 15 31 53 58 63 77
7 9 15 47 53 55 63 77
7 9 15 47 53 55 66 80
7 9 20 23 28 42 53 61
7 9 20 23 28 47 55 66
7 9 20 23 31 39 66 80
7 9 20 23 39 42 47 55
7 9 20 23 42 55 63 80
7 9 20 23 55 61 66 80
7 9 20 26 31 36 66 74
7 9 20 26 34 42 53 58
7 9 20 26 34 50 55 66
7 9 20 26 36 42 50 55
7 9 20 26 42 55 69 74
7 9 20 26 55 58 66 74
7 9 20 28 36 42 61 77
7 9 20 31 36 50 53 69
7 9 20 31 39 47 53 63
7 9 20 31 47 63 66 80
7 9 20 31 50 66 69 74
7 9 20 34 39 42 58 77
7 9 20 36 55 61 69 77
7 9 20 39 55 58 63 77
7 9 23 28 31 42 53 80
7 9 23 28 31 47 66 77
7 9 23 28 31 63 66 80
7 9 23 28 42 55 77 80
7 9 23 31 39 42 47 61
7 9 23 31 39 42 77 80
7 9 23 31 61 66 77 80
7 9 23 39 47 53 55 66
7 9 23 42 47 55 61 63
7 9 23 53 55 63 66 80
7 9 26 31 34 42 53 74
7 9 26 31 34 50 66 77
7 9 26 31 34 66 69 74
7 9 26 31 36 42 50 58
7 9 26 31 36 42 74 77
7 9 26 31 58 66 74 77
7 9 26 34 42 55 74 77
7 9 26 36 50 53 55 66
7 9 26 42 50 55 58 69
7 9 26 53 55 66 69 74
7 9 28 39 42 47 55 80
7 9 28 47 53 61 66 77
7 9 31 42 47 53 61 80
7 9 31 42 47 63 77 80
7 9 31 42 50 53 58 74
7 9 31 42 50 69 74 77
7 9 34 36 42 50 55 74
7 9 34 50 53 58 66 77
7 9 36 50 55 58 66 74
7 9 36 53 55 69 74 77
7 9 39 47 55 61 66 80
7 9 39 53 55 63 77 80
7 9 42 47 55 61 77 80
7 9 42 50 55 58 74 77
7 10 13 19 22 34 46 64
7 10 13 19 22 34 49 67
7 10 13 19 28 46 55 67
7 10 13 19 28 61 64 73
7 10 13 19 34 37 46 76
7 10 13 19 40 49 61 76
7 10 13 22 31 49 58 64
7 10 13 22 31 61 67 76
7 10 13 22 34 40 49 73
7 10 13 22 37 46 61 73
7 10 13 28 34 37 46 73
7 10 13 31 34 40 49 76
7 10 13 34 46 55 64 73
7 10 13 34 49 58 67 76
7 10 13 46 49 61 64 73
7 10 13 46 49 61 67 76
7 10 16 22 25 34 49 70
7 10 16 22 25 34 52 64
7 10 16 22 28 49 55 64
7 10 16 22 28 61 70 76
7 10 16 22 34 43 49 79
7 10 16 22 37 52 61 79
7 10 16 25 31 52 58 70
7 10 16 25 31 61 64 79
7 10 16 25 34 37 52 76
7 10 16 25 43 49 61 76
7 10 16 28 34 43 49 76
7 10 16 31 34 37 52 79
7 10 16 34 49 55 70 76
7 10 16 34 52 58 64 79
7 10 16 49 52 61 64 79
7 10 16 49 52 61 70 76
7 10 19 22 28 37 49 55
7 10 19 22 28 46 61 64
7 10 19 22 34 40 64 73
7 10 19 22 37 40 46 61
7 10 19 22 37 61 67 73
7 10 19 22 55 61 64 73
7 10 19 28 34 37 49 73
7 10 19 28 34 46 64 76
7 10 19 28 34 64 67 73
7 10 19 28 37 61 73 76
7 10 19 34 37 40 46 55
7 10 19 34 37 40 73 76
7 10 19 34 55 64 73 76
7 10 19 37 46 55 61 67
7 10 19 40 46 49 61 64
7 10 19 49 61 64 67 73
7 10 22 25 31 37 49 58
7 10 22 25 31 52 61 64
7 10 22 25 34 43 64 79
7 10 22 25 37 43 52 61
7 10 22 25 37 61 70 79
7 10 22 25 58 61 64 79
7 10 22 28 37 43 55 76
7 10 22 31 37 40 58 76
7 10 22 34 40 46 49 67
7 10 22 34 43 49 52 70
7 10 22 34 46 64 67 73
7 10 22 34 52 64 70 79
7 10 22 40 58 61 67 76
7 10 22 43 55 61 70 76
7 10 25 31 34 37 49 79
7 10 25 31 34 52 64 76
7 10 25 31 34 64 70 79
7 10 25 31 37 61 76 79
7 10 25 34 37 43 52 58
7 10 25 34 37 43 76 79
7 10 25 34 58 64 76 79
7 10 25 37 52 58 61 70
7 10 25 43 49 52 61 64
7 10 25 49 61 64 70 79
7 10 28 37 40 46 61 73
7 10 28 46 49 55 64 76
7 10 31 37 43 52 61 79
7 10 31 49 52 58 64 76
7 10 34 37 46 49 55 73
7 10 34 37 46 67 73 76
7 10 34 37 49 52 58 79
7 10 34 37 52 70 76 79
7 10 37 46 55 61 73 76
7 10 37 52 58 61 76 79
7 10 40 46 55 61 64 73
7 10 40 49 61 67 73 76
7 10 43 49 61 70 76 79
7 10 43 52 58 61 64 79
7 11 14 21 24 28 45 65
7 11 14 21 24 28 51 71
7 11 14 21 28 41 51 75
7 11 14 21 31 51 61 65
7 11 14 21 31 58 71 72
7 11 14 21 44 45 58 75
7 11 14 24 28 44 45 72
7 11 14 24 34 45 55 71
7 11 14 24 34 58 65 75
7 11 14 24 41 51 58 72
7 11 14 28 31 41 51 72
7 11 14 28 34 44 45 75
7 11 14 28 45 55 65 75
7 11 14 28 51 61 71 72
7 11 14 45 51 58 65 75
7 11 14 45 51 58 71 72
7 11 17 18 24 28 45 68
7 11 17 18 24 28 48 71
7 11 17 18 28 41 48 75
7 11 17 18 34 48 55 68
7 11 17 18 34 58 71 78
7 11 17 18 38 45 58 75
7 11 17 24 28 38 45 78
7 11 17 24 31 45 61 71
7 11 17 24 31 58 68 75
7 11 17 24 41 48 58 78
7 11 17 28 31 38 45 75
7 11 17 28 34 41 48 78
7 11 17 28 45 61 68 75
7 11 17 28 48 55 71 78
7 11 17 45 48 58 68 75
7 11 17 45 48 58 71 78
7 11 18 24 28 38 71 78
7 11 18 24 34 41 45 55
7 11 18 24 34 48 58 71
7 11 18 24 38 41 48 58
7 11 18 24 41 58 68 78
7 11 18 24 55 58 71 78
7 11 18 28 34 41 45 78
7 11 18 28 34 48 71 75
7 11 18 28 34 68 71 78
7 11 18 28 38 41 48 55
7 11 18 28 38 41 75 78
7 11 18 28 55 71 75 78
7 11 18 34 41 58 75 78
7 11 18 38 45 48 58 71
7 11 18 41 48 55 58 68
7 11 18 45 58 68 71 78
7 11 21 24 28 44 71 72
7 11 21 24 31 41 45 61
7 11 21 24 31 51 58 71
7 11 21 24 41 44 51 58
7 11 21 24 41 58 65 72
7 11 21 24 58 61 71 72
7 11 21 28 31 41 45 72
7 11 21 28 31 51 71 75
7 11 21 28 31 65 71 72
7 11 21 28 41 44 51 61
7 11 21 28 41 44 72 75
7 11 21 28 61 71 72 75
7 11 21 31 41 58 72 75
7 11 21 41 51 58 61 65
7 11 21 44 45 51 58 71
7 11 21 45 58 65 71 72
7 11 24 28 38 45 48 68
7 11 24 28 44 45 51 65
7 11 24 28 48 68 71 78
7 11 24 28 51 65 71 72
7 11 24 31 38 41 61 75
7 11 24 34 41 44 55 75
7 11 24 38 58 61 68 75
7 11 24 44 55 58 65 75
7 11 28 41 45 48 55 78
7 11 28 41 45 51 61 72
7 11 28 41 48 68 75 78
7 11 28 41 51 65 72 75
7 11 31 41 44 51 58 72
7 11 31 45 51 61 71 75
7 11 34 38 41 48 58 78
7 11 34 45 48 55 71 75
7 11 38 45 58 68 75 78
7 11 38 48 55 58 71 78
7 11 41 48 55 58 75 78
7 11 41 51 58 61 72 75
7 11 44 45 58 65 72 75
7 11 44 51 58 61 71 72
7 12 15 23 26 31 47 69
7 12 15 23 26 31 50 63
7 12 15 23 31 36 47 74
7 12 15 23 34 47 58 63
7 12 15 23 34 55 69 80
7 12 15 23 39 50 55 74
7 12 15 26 28 50 61 69
7 12 15 26 28 55 63 74
7 12 15 26 31 39 50 80
7 12 15 26 36 47 55 80
7 12 15 28 31 39 50 74
7 12 15 31 34 36 47 80
7 12 15 31 47 58 69 80
7 12 15 31 50 61 63 74
7 12 15 47 50 55 63 74
7 12 15 47 50 55 69 80
7 12 20 26 28 36 50 61
7 12 20 26 28 53 55 69
7 12 20 26 31 42 69 77
7 12 20 26 36 42 53 55
7 12 20 26 36 55 66 77
7 12 20 26 55 61 69 77
7 12 20 28 31 36 50 77
7 12 20 28 31 53 69 74
7 12 20 28 31 66 69 77
7 12 20 28 36 55 74 77
7 12 20 31 36 42 53 61
7 12 20 31 36 42 74 77
7 12 20 31 61 69 74 77
7 12 20 36 53 55 61 66
7 12 20 42 50 53 55 69
7 12 20 50 55 66 69 77
7 12 23 26 31 39 69 80
7 12 23 26 34 36 50 58
7 12 23 26 34 47 55 69
7 12 23 26 36 39 47 55
7 12 23 26 36 55 63 80
7 12 23 26 55 58 69 80
7 12 23 31 34 36 50 80
7 12 23 31 34 47 69 74
7 12 23 31 34 63 69 80
7 12 23 31 36 39 47 58
7 12 23 31 36 39 74 80
7 12 23 31 58 69 74 80
7 12 23 34 36 55 74 80
7 12 23 36 47 55 58 63
7 12 23 39 47 50 55 69
7 12 23 50 55 63 69 80
7 12 26 28 36 39 61 74
7 12 26 31 39 47 50 63
7 12 26 31 42 50 53 66
7 12 26 31 47 63 69 80
7 12 26 31 53 66 69 77
7 12 26 34 36 42 58 74
7 12 26 39 55 61 63 74
7 12 26 42 55 58 66 74
7 12 28 36 42 53 55 77
7 12 28 50 53 61 69 74
7 12 31 36 47 50 58 80
7 12 31 36 47 63 74 80
7 12 31 36 50 53 61 77
7 12 31 36 53 66 74 77
7 12 34 36 39 47 55 80
7 12 34 47 50 58 69 74
7 12 36 47 55 58 74 80
7 12 36 53 55 61 74 77
7 12 39 47 55 58 69 80
7 12 39 50 55 63 74 80
7 12 42 50 55 66 74 77
7 12 42 53 55 61 69 77
7 13 16 19 25 34 46 70
7 13 16 19 25 34 52 67
7 13 16 19 31 46 58 67
7 13 16 19 31 61 70 73
7 13 16 19 34 43 46 79
7 13 16 19 40 52 61 79
7 13 16 25 28 52 55 70
7 13 16 25 28 61 67 79
7 13 16 25 34 40 52 73
7 13 16 25 43 46 61 73
7 13 16 28 34 40 52 79
7 13 16 31 34 43 46 73
7 13 16 34 46 58 70 73
7 13 16 34 52 55 67 79
7 13 16 46 52 61 67 79
7 13 16 46 52 61 70 73
7 13 19 22 31 40 46 58
7 13 19 22 31 49 61 67
7 13 19 22 34 37 67 76
7 13 19 22 37 40 49 61
7 13 19 22 40 61 64 76
7 13 19 22 58 61 67 76
7 13 19 25 28 40 46 55
7 13 19 25 28 52 61 67
7 13 19 25 34 43 67 79
7 13 19 25 40 43 52 61
7 13 19 25 40 61 70 79
7 13 19 25 55 61 67 79
7 13 19 28 37 40 55 73
7 13 19 31 40 43 58 73
7 13 19 34 37 46 49 64
7 13 19 34 43 46 52 70
7 13 19 34 49 64 67 76
7 13 19 34 52 67 70 79
7 13 19 37 55 61 64 73
7 13 19 43 58 61 70 73
7 13 22 31 34 40 46 76
7 13 22 31 34 49 67 73
7 13 22 31 34 64 67 76
7 13 22 31 40 61 73 76
7 13 22 34 37 40 49 58
7 13 22 34 37 40 73 76
7 13 22 34 58 67 73 76
7 13 22 37 46 49 61 67
7 13 22 40 49 58 61 64
7 13 22 46 61 64 67 76
7 13 25 28 34 40 46 79
7 13 25 28 34 52 67 73
7 13 25 28 34 67 70 79
7 13 25 28 40 61 73 79
7 13 25 34 40 43 52 55
7 13 25 34 40 43 73 79
7 13 25 34 55 67 73 79
7 13 25 40 52 55 61 70
7 13 25 43 46 52 61 67
7 13 25 46 61 67 70 79
7 13 28 40 43 52 61 79
7 13 28 46 52 55 67 73
7 13 31 37 40 49 61 76
7 13 31 46 49 58 67 73
7 13 34 40 46 49 58 76
7 13 34 40 46 52 55 79
7 13 34 40 49 64 73 76
7 13 34 40 52 70 73 79
7 13 37 46 61 64 73 76
7 13 37 49 58 61 67 76
7 13 40 49 58 61 73 76
7 13 40 52 55 61 73 79
7 13 43 46 61 70 73 79
7 13 43 52 55 61 67 79
7 14 17 18 21 28 48 65
7 14 17 18 21 28 51 68
7 14 17 18 28 44 48 72
7 14 17 18 31 48 61 68
7 14 17 18 31 58 65 78
7 14 17 18 38 51 58 72
7 14 17 21 28 38 51 78
7 14 17 21 34 51 55 65
7 14 17 21 34 58 68 72
7 14 17 21 44 48 58 78
7 14 17 28 31 44 48 78
7 14 17 28 34 38 51 72
7 14 17 28 48 61 65 78
7 14 17 28 51 55 68 72
7 14 17 48 51 58 65 78
7 14 17 48 51 58 68 72
7 14 18 21 28 38 65 78
7 14 18 21 31 44 51 61
7 14 18 21 31 48 58 65
7 14 18 21 38 44 48 58
7 14 18 21 44 58 68 78
7 14 18 21 58 61 65 78
7 14 18 28 31 44 51 78
7 14 18 28 31 48 65 72
7 14 18 28 31 65 68 78
7 14 18 28 38 44 48 61
7 14 18 28 38 44 72 78
7 14 18 28 61 65 72 78
7 14 18 31 44 58 72 78
7 14 18 38 48 51 58 65
7 14 18 44 48 58 61 68
7 14 18 51 58 65 68 78
7 14 21 24 28 41 65 75
7 14 21 24 34 44 51 55
7 14 21 24 34 45 58 65
7 14 21 24 41 44 45 58
7 14 21 24 44 58 71 75
7 14 21 24 55 58 65 75
7 14 21 28 38 48 51 68
7 14 21 28 41 45 51 71
7 14 21 28 45 65 71 75
7 14 21 28 48 65 68 78
7 14 21 31 41 44 61 72
7 14 21 34 38 44 55 72
7 14 21 38 55 58 68 72
7 14 21 41 58 61 71 72
7 14 24 28 34 44 51 75
7 14 24 28 34 45 65 72
7 14 24 28 34 65 71 75
7 14 24 28 41 44 45 55
7 14 24 28 41 44 72 75
7 14 24 28 55 65 72 75
7 14 24 34 44 58 72 75
7 14 24 41 45 51 58 65
7 14 24 44 45 55 58 71
7 14 24 51 58 65 71 75
7 14 28 44 45 51 55 75
7 14 28 44 45 71 72 75
7 14 28 44 48 51 61 78
7 14 28 44 48 68 72 78
7 14 31 38 44 48 58 78
7 14 31 48 51 61 65 72
7 14 34 41 44 45 58 75
7 14 34 45 51 55 65 72
7 14 38 48 58 61 65 78
7 14 38 51 58 68 72 78
7 14 41 45 55 58 65 75
7 14 41 51 58 71 72 75
7 14 44 45 55 58 72 75
7 14 44 48 58 61 72 78
7 15 20 23 31 42 63 77
7 15 20 23 34 39 47 58
7 15 20 23 34 53 55 63
7 15 20 23 39 42 53 55
7 15 20 23 39 55 66 77
7 15 20 23 55 58 63 77
7 15 20 31 34 39 47 77
7 15 20 31 34 53 63 80
7 15 20 31 34 63 66 77
7 15 20 31 39 42 53 58
7 15 20 31 39 42 77 80
7 15 20 31 58 63 77 80
7 15 20 34 39 55 77 80
7 15 20 39 53 55 58 66
7 15 20 42 47 53 55 63
7 15 20 47 55 63 66 77
7 15 23 26 28 39 47 61
7 15 23 26 28 50 55 63
7 15 23 26 31 36 63 74
7 15 23 26 36 39 50 55
7 15 23 26 39 55 69 74
7 15 23 26 55 61 63 74
7 15 23 28 39 42 61 80
7 15 23 31 36 47 50 69
7 15 23 31 42 47 53 66
7 15 23 31 50 63 69 74
7 15 23 31 53 63 66 77
7 15 23 34 36 39 58 80
7 15 23 36 55 58 69 80
7 15 23 42 55 61 66 80
7 15 26 28 31 39 47 74
7 15 26 28 31 50 63 80
7 15 26 28 31 63 69 74
7 15 26 28 39 55 74 80
7 15 26 31 36 39 50 61
7 15 26 31 36 39 74 80
7 15 26 31 61 63 74 80
7 15 26 36 47 50 55 63
7 15 26 39 50 55 61 69
7 15 26 47 55 63 69 74
7 15 28 36 39 50 55 74
7 15 28 47 50 61 63 80
7 15 31 39 47 50 61 74
7 15 31 39 47 53 58 77
7 15 31 39 50 69 74 80
7 15 31 39 53 66 77 80
7 15 34 39 42 53 55 77
7 15 34 47 53 58 63 80
7 15 36 47 55 69 74 80
7 15 36 50 55 61 63 74
7 15 39 50 55 61 74 80
7 15 39 53 55 58 77 80
7 15 42 47 55 66 77 80
7 15 42 53 55 58 63 77
7 16 19 25 31 43 52 58
7 16 19 25 31 46 61 70
7 16 19 25 34 40 70 73
7 16 19 25 40 43 46 61
7 16 19 25 43 61 67 73
7 16 19 25 58 61 70 73
7 16 19 31 34 43 52 73
7 16 19 31 34 46 70 79
7 16 19 31 34 67 70 73
7 16 19 31 43 61 73 79
7 16 19 34 40 43 46 58
7 16 19 34 40 43 73 79
7 16 19 34 58 70 73 79
7 16 19 40 46 52 61 70
7 16 19 43 46 58 61 67
7 16 19 52 61 67 70 73
7 16 22 25 28 43 52 55
7 16 22 25 28 49 61 70
7 16 22 25 34 37 70 76
7 16 22 25 37 43 49 61
7 16 22 25 43 61 64 76
7 16 22 25 55 61 70 76
7 16 22 28 34 43 52 76
7 16 22 28 34 49 70 79
7 16 22 28 34 64 70 76
7 16 22 28 43 61 76 79
7 16 22 34 37 43 49 55
7 16 22 34 37 43 76 79
7 16 22 34 55 70 76 79
7 16 22 37 49 52 61 70
7 16 22 43 49 55 61 64
7 16 22 52 61 64 70 76
7 16 25 28 40 43 55 79
7 16 25 31 37 43 58 79
7 16 25 34 37 49 52 64
7 16 25 34 40 46 52 67
7 16 25 34 46 67 70 73
7 16 25 34 49 64 70 76
7 16 25 37 58 61 64 79
7 16 25 40 55 61 67 79
7 16 28 37 43 49 61 76
7 16 28 49 52 55 70 79
7 16 31 40 43 46 61 73
7 16 31 46 52 58 70 79
7 16 34 43 46 52 58 73
7 16 34 43 46 67 73 79
7 16 34 43 49 52 55 76
7 16 34 43 49 64 76 79
7 16 37 49 55 61 70 76
7 16 37 52 61 64 76 79
7 16 40 46 58 61 70 73
7 16 40 52 61 67 73 79
7 16 43 46 58 61 73 79
7 16 43 49 55 61 76 79
7 17 18 21 28 44 68 72
7 17 18 21 34 38 48 55
7 17 18 21 34 51 58 68
7 17 18 21 38 44 51 58
7 17 18 21 38 58 65 72
7 17 18 21 55 58 68 72
7 17 18 24 28 41 68 75
7 17 18 24 31 38 48 61
7 17 18 24 31 45 58 68
7 17 18 24 38 41 45 58
7 17 18 24 38 58 71 75
7 17 18 24 58 61 68 75
7 17 18 28 41 45 48 71
7 17 18 28 44 48 51 65
7 17 18 28 45 68 71 75
7 17 18 28 51 65 68 72
7 17 18 31 38 44 61 78
7 17 18 34 38 41 55 78
7 17 18 41 55 58 71 78
7 17 18 44 58 61 65 78
7 17 21 28 34 38 48 72
7 17 21 28 34 51 68 78
7 17 21 28 34 65 68 72
7 17 21 28 38 44 51 55
7 17 21 28 38 44 72 78
7 17 21 28 55 68 72 78
7 17 21 34 38 58 72 78
7 17 21 38 51 55 58 65
7 17 21 44 48 51 58 68
7 17 21 48 58 65 68 72
7 17 24 28 31 38 48 75
7 17 24 28 31 45 68 78
7 17 24 28 31 68 71 75
7 17 24 28 38 41 45 61
7 17 24 28 38 41 75 78
7 17 24 28 61 68 75 78
7 17 24 31 38 58 75 78
7 17 24 38 45 58 61 71
7 17 24 41 45 48 58 68
7 17 24 48 58 68 71 75
7 17 28 38 45 48 61 75
7 17 28 38 45 71 75 78
7 17 28 38 48 51 55 72
7 17 28 38 51 65 72 78
7 17 31 38 41 45 58 75
7 17 31 45 48 61 68 78
7 17 34 38 44 51 58 72
7 17 34 48 51 55 68 78
7 17 38 45 58 61 75 78
7 17 38 51 55 58 72 78
7 17 41 45 58 61 68 75
7 17 41 48 58 71 75 78
7 17 44 48 58 65 72 78
7 17 44 51 55 58 68 72
7 18 21 28 38 51 55 68
7 18 21 28 44 48 61 65
7 18 24 28 38 45 61 68
7 18 24 28 41 48 55 71
7 18 28 31 38 44 48 65
7 18 28 31 38 45 68 75
7 18 28 34 38 41 48 71
7 18 28 34 38 51 68 72
7 18 28 38 41 45 71 78
7 18 28 38 44 51 65 78
7 18 28 41 55 68 71 78
7 18 28 44 61 65 68 78
7 18 31 38 61 68 75 78
7 18 31 44 48 58 65 68
7 18 34 38 55 68 72 78
7 18 34 41 48 58 68 71
7 18 38 41 48 58 71 75
7 18 38 44 48 58 65 72
7 18 41 45 48 55 58 71
7 18 41 58 68 71 75 78
7 18 44 48 51 58 61 65
7 18 44 58 65 68 72 78
7 19 22 34 37 46 55 64
7 19 22 34 40 49 58 67
7 19 25 34 40 52 55 67
7 19 25 34 43 46 58 70
7 19 28 34 37 40 46 64
7 19 28 34 40 52 67 79
7 19 28 37 46 61 64 67
7 19 28 40 55 67 73 79
7 19 31 34 40 43 46 70
7 19 31 34 40 49 67 76
7 19 31 40 58 67 73 76
7 19 31 43 46 61 67 70
7 19 34 37 40 49 64 73
7 19 34 37 55 64 67 73
7 19 34 40 43 52 70 73
7 19 34 43 58 67 70 73
7 19 37 40 46 61 64 76
7 19 37 46 49 55 61 64
7 19 37 61 64 67 73 76
7 19 40 43 46 61 70 79
7 19 43 46 52 58 61 70
7 19 43 61 67 70 73 79
7 20 23 31 39 53 58 63
7 20 23 31 42 47 61 66
7 20 26 31 36 53 61 69
7 20 26 31 42 50 58 66
7 20 28 31 36 42 53 69
7 20 28 31 42 47 66 80
7 20 28 36 53 55 66 69
7 20 28 42 61 66 77 80
7 20 31 34 39 42 53 63
7 20 31 34 42 50 66 74
7 20 31 36 42 50 69 77
7 20 31 36 61 66 69 77
7 20 31 39 42 47 63 77
7 20 31 39 58 63 66 77
7 20 34 39 53 55 63 66
7 20 34 42 58 66 74 77
7 20 36 42 53 55 69 74
7 20 36 50 53 55 61 69
7 20 36 55 66 69 74 77
7 20 39 42 53 55 63 80
7 20 39 47 53 55 58 63
7 20 39 55 63 66 77 80
7 21 24 28 41 51 61 71
7 21 24 28 44 45 55 65
7 21 28 31 41 44 51 71
7 21 28 31 44 48 65 78
7 21 28 34 38 44 51 68
7 21 28 34 44 45 65 75
7 21 28 38 44 48 68 72
7 21 28 38 55 65 68 72
7 21 28 41 44 45 71 72
7 21 28 41 61 65 71 72
7 21 31 41 51 58 65 71
7 21 31 44 61 65 72 78
7 21 34 38 51 58 65 68
7 21 34 44 55 65 72 75
7 21 38 44 51 58 68 78
7 21 38 48 51 55 58 68
7 21 38 58 65 68 72 78
7 21 41 44 51 58 71 75
7 21 41 45 51 58 61 71
7 21 41 58 65 71 72 75
7 22 25 34 37 52 58 64
7 22 25 34 43 49 55 70
7 22 28 34 37 43 49 70
7 22 28 34 37 46 64 73
7 22 28 37 55 64 73 76
7 22 28 43 49 61 64 70
7 22 31 34 37 40 49 67
7 22 31 34 37 52 64 79
7 22 31 37 58 64 76 79
7 22 31 40 49 61 64 67
7 22 34 37 40 46 67 76
7 22 34 37 43 52 70 76
7 22 34 40 58 64 67 76
7 22 34 43 55 64 70 76
7 22 37 40 49 61 67 73
7 22 37 43 49 61 70 79
7 22 40 46 49 58 61 67
7 22 40 61 64 67 73 76
7 22 43 49 52 55 61 70
7 22 43 61 64 70 76 79
7 23 26 31 36 47 58 69
7 23 26 31 39 50 61 63
7 23 28 31 39 42 47 66
7 23 28 31 39 50 63 74
7 23 28 39 61 63 74 80
7 23 28 42 47 55 63 66
7 23 31 34 36 39 47 69
7 23 31 34 39 53 63 77
7 23 31 36 39 50 69 80
7 23 31 36 58 63 69 80
7 23 31 39 42 53 66 80
7 23 31 42 61 63 66 80
7 23 34 36 47 55 63 69
7 23 34 39 58 63 77 80
7 23 36 39 47 55 69 74
7 23 36 47 50 55 58 69
7 23 36 55 63 69 74 80
7 23 39 42 47 55 66 77
7 23 42 47 53 55 61 66
7 23 42 55 63 66 77 80
7 24 28 31 38 41 45 68
7 24 28 31 41 51 71 72
7 24 28 34 41 44 45 65
7 24 28 34 41 48 71 78
7 24 28 38 41 48 68 75
7 24 28 38 61 68 71 75
7 24 28 41 44 51 65 75
7 24 28 44 55 65 71 75
7 24 31 38 45 58 68 71
7 24 31 41 61 71 72 75
7 24 34 41 55 71 75 78
7 24 34 44 45 58 65 71
7 24 38 41 45 58 68 78
7 24 38 45 48 58 61 68
7 24 38 58 68 71 75 78
7 24 41 44 45 58 65 72
7 24 44 45 51 55 58 65
7 24 44 58 65 71 72 75
7 25 28 34 40 43 52 67
7 25 28 34 43 49 70 76
7 25 28 40 52 61 67 70
7 25 28 43 55 70 76 79
7 25 31 34 37 43 52 64
7 25 31 34 43 46 70 73
7 25 31 37 52 61 64 70
7 25 31 43 58 70 73 79
7 25 34 37 43 49 64 79
7 25 34 37 58 64 70 79
7 25 34 40 43 46 67 79
7 25 34 40 55 67 70 79
7 25 37 43 52 61 64 76
7 25 37 49 52 58 61 64
7 25 37 61 64 70 76 79
7 25 40 43 52 61 67 73
7 25 40 46 52 55 61 67
7 25 40 61 67 70 73 79
7 26 28 31 36 39 50 63
7 26 28 31 36 53 69 77
7 26 28 36 61 69 74 77
7 26 28 39 50 55 63 69
7 26 31 34 36 42 50 66
7 26 31 34 36 47 69 80
7 26 31 36 39 47 63 74
7 26 31 36 42 53 66 74
7 26 31 39 61 63 69 74
7 26 31 42 58 66 69 74
7 26 34 36 58 69 74 80
7 26 34 42 50 55 66 69
7 26 36 39 50 55 63 80
7 26 36 42 50 55 66 77
7 26 39 47 50 55 61 63
7 26 39 55 63 69 74 80
7 26 42 50 53 55 58 66
7 26 42 55 66 69 74 77
7 27 28 29 30 34 59 62
7 27 28 29 31 33 56 62
7 27 28 29 31 35 54 57
7 27 28 29 32 34 54 60
7 27 28 30 31 35 59 62
7 27 28 32 33 34 56 62
7 27 30 31 32 34 59 62
7 27 30 54 55 56 58 62
7 27 30 55 56 57 61 62
7 27 30 56 58 60 61 62
7 27 31 32 34 35 57 60
7 27 31 33 34 35 56 62
7 27 33 54 55 56 59 61
7 27 33 55 56 58 59 60
7 27 33 56 57 58 59 61
7 28 29 30 34 35 54 57
7 28 29 31 32 33 54 60
7 28 30 31 32 33 56 59
7 28 30 31 32 35 57 60
7 28 30 33 34 35 56 59
7 28 32 33 34 35 57 60
7 28 36 50 53 55 69 77
7 28 36 50 61 63 69 74
7 28 37 46 49 61 64 73
7 28 37 49 55 64 70 76
7 28 38 45 48 68 71 75
7 28 38 48 51 65 68 72
7 28 39 47 50 55 63 74
7 28 39 47 61 63 66 80
7 28 40 46 52 61 67 79
7 28 40 46 55 64 67 73
7 28 41 45 48 68 71 78
7 28 41 45 51 65 71 72
7 28 42 47 53 55 66 80
7 28 42 53 61 66 69 77
7 28 43 49 52 61 70 76
7 28 43 52 55 67 70 79
7 28 44 45 51 65 71 75
7 28 44 48 51 65 68 78
7 29 30 31 32 34 54 60
7 29 30 31 33 34 56 59
7 29 31 33 34 35 54 57
7 29 32 55 57 58 59 60
7 29 32 55 57 60 61 62
7 29 32 56 57 58 60 61
7 29 35 54 55 56 58 60
7 29 35 54 55 59 60 61
7 29 35 54 58 60 61 62
7 30 33 54 58 59 61 62
7 30 33 55 57 58 59 62
7 30 33 55 59 60 61 62
7 31 36 47 50 63 69 80
7 31 36 50 53 66 69 77
7 31 37 49 52 61 64 79
7 31 37 49 58 64 67 76
7 31 38 45 48 58 68 75
7 31 38 48 61 65 68 78
7 31 39 47 50 63 69 74
7 31 39 47 53 63 66 77
7 31 40 46 49 61 67 76
7 31 40 46 58 67 70 73
7 31 41 45 51 58 71 72
7 31 41 45 61 68 71 75
7 31 42 47 53 63 66 80
7 31 42 50 53 66 69 74
7 31 43 46 52 61 70 73
7 31 43 52 58 64 70 79
7 31 44 48 51 58 65 78
7 31 44 51 61 65 71 72
7 32 35 54 55 56 57 61
7 32 35 54 55 57 58 62
7 32 35 54 57 58 59 61
7 34 36 47 50 55 69 80
7 34 36 50 58 66 69 74
7 34 37 46 49 64 67 73
7 34 37 49 52 64 70 79
7 34 38 48 51 58 68 72
7 34 38 48 55 68 71 78
7 34 39 47 53 55 63 77
7 34 39 47 58 63 69 80
7 34 40 46 49 64 67 76
7 34 40 46 52 67 70 79
7 34 41 45 48 58 71 78
7 34 41 45 55 65 71 75
7 34 42 50 53 55 66 74
7 34 42 53 58 63 66 77
7 34 43 46 52 67 70 73
7 34 43 49 52 64 70 76
7 34 44 45 51 58 65 75
7 34 44 51 55 65 68 72
8 9 12 19 25 29 46 69
8 9 12 19 25 29 49 63
8 9 12 19 29 42 49 76
8 9 12 19 35 49 56 69
8 9 12 19 35 59 63 79
8 9 12 19 39 46 59 76
8 9 12 25 29 39 46 79
8 9 12 25 32 46 62 63
8 9 12 25 32 59 69 76
8 9 12 25 42 49 59 79
8 9 12 29 32 39 46 76
8 9 12 29 35 42 49 79
8 9 12 29 46 62 69 76
8 9 12 29 49 56 63 79
8 9 12 46 49 59 63 79
8 9 12 46 49 59 69 76
8 9 15 19 22 29 49 66
8 9 15 19 22 29 52 69
8 9 15 19 29 36 49 73
8 9 15 19 32 49 62 69
8 9 15 19 32 59 66 79
8 9 15 19 39 52 59 73
8 9 15 22 29 39 52 79
8 9 15 22 35 52 56 66
8 9 15 22 35 59 69 73
8 9 15 22 36 49 59 79
8 9 15 29 32 36 49 79
8 9 15 29 35 39 52 73
8 9 15 29 49 62 66 79
8 9 15 29 52 56 69 73
8 9 15 49 52 59 66 79
8 9 15 49 52 59 69 73
8 9 19 22 29 36 69 73
8 9 19 22 35 39 49 56
8 9 19 22 35 52 59 69
8 9 19 22 36 39 52 59
8 9 19 22 39 59 66 73
8 9 19 22 56 59 69 73
8 9 19 25 29 42 69 76
8 9 19 25 32 39 49 62
8 9 19 25 32 46 59 69
8 9 19 25 39 42 46 59
8 9 19 25 39 59 63 76
8 9 19 25 59 62 69 76
8 9 19 29 36 49 52 66
8 9 19 29 42 46 49 63
8 9 19 29 46 63 69 76
8 9 19 29 52 66 69 73
8 9 19 32 36 39 62 79
8 9 19 35 39 42 56 79
8 9 19 36 59 62 66 79
8 9 19 42 56 59 63 79
8 9 22 29 35 39 49 73
8 9 22 29 35 52 69 79
8 9 22 29 35 66 69 73
8 9 22 29 36 39 52 56
8 9 22 29 36 39 73 79
8 9 22 29 56 69 73 79
8 9 22 35 39 59 73 79
8 9 22 36 49 52 59 69
8 9 22 39 52 56 59 66
8 9 22 49 59 66 69 73
8 9 25 29 32 39 49 76
8 9 25 29 32 46 69 79
8 9 25 29 32 63 69 76
8 9 25 29 39 42 46 62
8 9 25 29 39 42 76 79
8 9 25 29 62 69 76 79
8 9 25 32 39 59 76 79
8 9 25 39 46 59 62 63
8 9 25 42 46 49 59 69
8 9 25 49 59 63 69 76
8 9 29 39 46 49 62 76
8 9 29 39 46 63 76 79
8 9 29 39 49 52 56 73
8 9 29 39 52 66 73 79
8 9 32 39 42 46 59 76
8 9 32 46 49 62 69 79
8 9 35 36 39 52 59 73
8 9 35 49 52 56 69 79
8 9 36 49 59 66 73 79
8 9 36 52 56 59 69 73
8 9 39 46 59 62 76 79
8 9 39 52 56 59 73 79
8 9 42 46 59 62 69 76
8 9 42 49 59 63 76 79
8 10 13 18 21 32 45 70
8 10 13 18 21 32 51 67
8 10 13 18 32 43 51 78
8 10 13 18 35 51 59 70
8 10 13 18 35 56 67 75
8 10 13 18 37 45 56 78
8 10 13 21 29 45 62 67
8 10 13 21 29 56 70 78
8 10 13 21 32 37 45 75
8 10 13 21 43 51 56 75
8 10 13 29 32 37 45 78
8 10 13 32 35 43 51 75
8 10 13 32 45 62 70 78
8 10 13 32 51 59 67 75
8 10 13 45 51 56 67 75
8 10 13 45 51 56 70 78
8 10 16 21 24 32 45 64
8 10 16 21 24 32 48 67
8 10 16 21 32 40 45 72
8 10 16 21 35 45 59 67
8 10 16 21 35 56 64 78
8 10 16 21 43 48 56 72
8 10 16 24 29 48 62 64
8 10 16 24 29 56 67 72
8 10 16 24 32 43 48 78
8 10 16 24 40 45 56 78
8 10 16 29 32 43 48 72
8 10 16 32 35 40 45 78
8 10 16 32 45 59 64 78
8 10 16 32 48 62 67 72
8 10 16 45 48 56 64 78
8 10 16 45 48 56 67 72
8 10 18 21 32 37 67 75
8 10 18 21 35 43 45 59
8 10 18 21 35 51 56 67
8 10 18 21 37 43 51 56
8 10 18 21 43 56 70 75
8 10 18 21 56 59 67 75
8 10 18 32 35 43 45 75
8 10 18 32 35 51 67 78
8 10 18 32 35 67 70 75
8 10 18 32 37 43 51 59
8 10 18 32 37 43 75 78
8 10 18 32 59 67 75 78
8 10 18 35 43 56 75 78
8 10 18 37 45 51 56 67
8 10 18 43 51 56 59 70
8 10 18 45 56 67 70 75
8 10 21 24 29 43 45 62
8 10 21 24 29 48 56 67
8 10 21 24 32 40 67 72
8 10 21 24 40 43 48 56
8 10 21 24 43 56 64 72
8 10 21 24 56 62 67 72
8 10 21 29 37 43 62 78
8 10 21 32 37 45 51 70
8 10 21 32 40 45 48 64
8 10 21 32 48 64 67 72
8 10 21 32 51 67 70 75
8 10 21 35 40 43 59 78
8 10 21 37 56 62 70 78
8 10 21 40 56 59 64 78
8 10 24 29 32 43 45 72
8 10 24 29 32 48 67 78
8 10 24 29 32 64 67 72
8 10 24 29 43 56 72 78
8 10 24 32 40 43 48 62
8 10 24 32 40 43 72 78
8 10 24 32 62 67 72 78
8 10 24 40 45 48 56 67
8 10 24 43 48 56 62 64
8 10 24 45 56 64 67 72
8 10 29 40 43 48 56 72
8 10 29 45 48 62 67 78
8 10 32 43 45 48 62 72
8 10 32 43 45 51 59 75
8 10 32 43 48 64 72 78
8 10 32 43 51 70 75 78
8 10 35 37 43 51 56 75
8 10 35 45 51 59 67 78
8 10 37 45 56 70 75 78
8 10 37 51 56 59 67 75
8 10 40 45 56 64 72 78
8 10 40 48 56 62 67 72
8 10 43 48 56 62 72 78
8 10 43 51 56 59 75 78
8 11 14 20 23 35 47 65
8 11 14 20 23 35 50 68
8 11 14 20 29 47 56 68
8 11 14 20 29 62 65 74
8 11 14 20 35 38 47 77
8 11 14 20 41 50 62 77
8 11 14 23 32 50 59 65
8 11 14 23 32 62 68 77
8 11 14 23 35 41 50 74
8 11 14 23 38 47 62 74
8 11 14 29 35 38 47 74
8 11 14 32 35 41 50 77
8 11 14 35 47 56 65 74
8 11 14 35 50 59 68 77
8 11 14 47 50 62 65 74
8 11 14 47 50 62 68 77
8 11 17 23 26 35 50 71
8 11 17 23 26 35 53 65
8 11 17 23 29 50 56 65
8 11 17 23 29 62 71 77
8 11 17 23 35 44 50 80
8 11 17 23 38 53 62 80
8 11 17 26 32 53 59 71
8 11 17 26 32 62 65 80
8 11 17 26 35 38 53 77
8 11 17 26 44 50 62 77
8 11 17 29 35 44 50 77
8 11 17 32 35 38 53 80
8 11 17 35 50 56 71 77
8 11 17 35 53 59 65 80
8 11 17 50 53 62 65 80
8 11 17 50 53 62 71 77
8 11 20 23 29 38 50 56
8 11 20 23 29 47 62 65
8 11 20 23 35 41 65 74
8 11 20 23 38 41 47 62
8 11 20 23 38 62 68 74
8 11 20 23 56 62 65 74
8 11 20 29 35 38 50 74
8 11 20 29 35 47 65 77
8 11 20 29 35 65 68 74
8 11 20 29 38 62 74 77
8 11 20 35 38 41 47 56
8 11 20 35 38 41 74 77
8 11 20 35 56 65 74 77
8 11 20 38 47 56 62 68
8 11 20 41 47 50 62 65
8 11 20 50 62 65 68 74
8 11 23 26 32 38 50 59
8 11 23 26 32 53 62 65
8 11 23 26 35 44 65 80
8 11 23 26 38 44 53 62
8 11 23 26 38 62 71 80
8 11 23 26 59 62 65 80
8 11 23 29 38 44 56 77
8 11 23 32 38 41 59 77
8 11 23 35 41 47 50 68
8 11 23 35 44 50 53 71
8 11 23 35 47 65 68 74
8 11 23 35 53 65 71 80
8 11 23 41 59 62 68 77
8 11 23 44 56 62 71 77
8 11 26 32 35 38 50 80
8 11 26 32 35 53 65 77
8 11 26 32 35 65 71 80
8 11 26 32 38 62 77 80
8 11 26 35 38 44 53 59
8 11 26 35 38 44 77 80
8 11 26 35 59 65 77 80
8 11 26 38 53 59 62 71
8 11 26 44 50 53 62 65
8 11 26 50 62 65 71 80
8 11 29 38 41 47 62 74
8 11 29 47 50 56 65 77
8 11 32 38 44 53 62 80
8 11 32 50 53 59 65 77
8 11 35 38 47 50 56 74
8 11 35 38 47 68 74 77
8 11 35 38 50 53 59 80
8 11 35 38 53 71 77 80
8 11 38 47 56 62 74 77
8 11 38 53 59 62 77 80
8 11 41 47 56 62 65 74
8 11 41 50 62 68 74 77
8 11 44 50 62 71 77 80
8 11 44 53 59 62 65 80
8 12 15 22 25 29 46 66
8 12 15 22 25 29 52 63
8 12 15 22 29 42 52 76
8 12 15 22 32 52 62 66
8 12 15 22 32 59 63 73
8 12 15 22 36 46 59 76
8 12 15 25 29 36 46 73
8 12 15 25 35 46 56 63
8 12 15 25 35 59 66 76
8 12 15 25 42 52 59 73
8 12 15 29 32 42 52 73
8 12 15 29 35 36 46 76
8 12 15 29 46 56 66 76
8 12 15 29 52 62 63 73
8 12 15 46 52 59 63 73
8 12 15 46 52 59 66 76
8 12 19 25 29 39 63 79
8 12 19 25 35 42 46 56
8 12 19 25 35 49 59 63
8 12 19 25 39 42 49 59
8 12 19 25 42 59 69 79
8 12 19 25 56 59 63 79
8 12 19 29 35 42 46 79
8 12 19 29 35 49 63 76
8 12 19 29 35 63 69 79
8 12 19 29 39 42 49 56
8 12 19 29 39 42 76 79
8 12 19 29 56 63 76 79
8 12 19 35 42 59 76 79
8 12 19 39 46 49 59 63
8 12 19 42 49 56 59 69
8 12 19 46 59 63 69 79
8 12 22 25 29 36 63 73
8 12 22 25 32 42 46 62
8 12 22 25 32 52 59 63
8 12 22 25 36 42 52 59
8 12 22 25 42 59 66 73
8 12 22 25 59 62 63 73
8 12 22 29 32 42 46 73
8 12 22 29 32 52 63 76
8 12 22 29 32 63 66 73
8 12 22 29 36 42 52 62
8 12 22 29 36 42 73 76
8 12 22 29 62 63 73 76
8 12 22 32 42 59 73 76
8 12 22 36 46 52 59 63
8 12 22 42 52 59 62 66
8 12 22 46 59 63 66 73
8 12 25 29 36 46 52 66
8 12 25 29 39 46 49 69
8 12 25 29 49 63 69 79
8 12 25 29 52 63 66 73
8 12 25 32 39 42 62 76
8 12 25 35 36 42 56 76
8 12 25 36 56 59 66 76
8 12 25 39 59 62 69 76
8 12 29 42 46 49 56 79
8 12 29 42 46 52 62 73
8 12 29 42 49 69 76 79
8 12 29 42 52 66 73 76
8 12 32 36 42 52 59 73
8 12 32 46 52 62 63 76
8 12 35 39 42 49 59 79
8 12 35 46 49 56 63 76
8 12 36 46 59 66 73 76
8 12 36 52 59 62 63 73
8 12 39 46 59 69 76 79
8 12 39 49 56 59 63 79
8 12 42 49 56 59 76 79
8 12 42 52 59 62 73 76
8 13 16 18 24 32 48 70
8 13 16 18 24 32 51 64
8 13 16 18 29 51 62 70
8 13 16 18 29 56 64 75
8 13 16 18 32 40 51 72
8 13 16 18 37 48 56 72
8 13 16 24 32 37 48 75
8 13 16 24 35 48 59 64
8 13 16 24 35 56 70 72
8 13 16 24 40 51 56 75
8 13 16 29 32 40 51 75
8 13 16 32 35 37 48 72
8 13 16 32 48 59 70 72
8 13 16 32 51 62 64 75
8 13 16 48 51 56 64 75
8 13 16 48 51 56 70 72
8 13 18 21 29 37 51 62
8 13 18 21 29 45 56 70
8 13 18 21 32 43 70 78
8 13 18 21 37 43 45 56
8 13 18 21 37 56 67 78
8 13 18 21 56 62 70 78
8 13 18 24 32 40 70 72
8 13 18 24 35 37 51 59
8 13 18 24 35 48 56 70
8 13 18 24 37 40 48 56
8 13 18 24 37 56 64 72
8 13 18 24 56 59 70 72
8 13 18 29 37 40 62 75
8 13 18 32 40 48 51 64
8 13 18 32 43 45 51 67
8 13 18 32 45 67 70 78
8 13 18 32 48 64 70 72
8 13 18 35 37 43 59 75
8 13 18 40 56 62 64 75
8 13 18 43 56 59 67 75
8 13 21 29 32 37 51 78
8 13 21 29 32 45 70 75
8 13 21 29 32 67 70 78
8 13 21 29 37 56 75 78
8 13 21 32 37 43 45 62
8 13 21 32 37 43 75 78
8 13 21 32 62 70 75 78
8 13 21 37 45 56 62 67
8 13 21 43 45 51 56 70
8 13 21 51 56 67 70 78
8 13 24 32 35 37 51 72
8 13 24 32 35 48 70 75
8 13 24 32 35 64 70 72
8 13 24 32 37 40 48 59
8 13 24 32 37 40 72 75
8 13 24 32 59 70 72 75
8 13 24 35 37 56 72 75
8 13 24 37 48 56 59 64
8 13 24 40 48 51 56 70
8 13 24 51 56 64 70 72
8 13 29 37 43 45 56 78
8 13 29 45 51 62 70 75
8 13 32 37 45 51 62 78
8 13 32 37 45 67 75 78
8 13 32 37 48 51 59 72
8 13 32 37 48 64 72 75
8 13 35 37 40 48 56 72
8 13 35 48 51 59 70 75
8 13 37 45 56 62 75 78
8 13 37 48 56 59 72 75
8 13 40 48 56 59 70 72
8 13 40 51 56 64 72 75
8 13 43 45 56 62 70 78
8 13 43 51 56 67 75 78
8 14 17 20 26 35 47 71
8 14 17 20 26 35 53 68
8 14 17 20 32 47 59 68
8 14 17 20 32 62 71 74
8 14 17 20 35 44 47 80
8 14 17 20 41 53 62 80
8 14 17 26 29 53 56 71
8 14 17 26 29 62 68 80
8 14 17 26 35 41 53 74
8 14 17 26 44 47 62 74
8 14 17 29 35 41 53 80
8 14 17 32 35 44 47 74
8 14 17 35 47 59 71 74
8 14 17 35 53 56 68 80
8 14 17 47 53 62 68 80
8 14 17 47 53 62 71 74
8 14 20 23 32 41 47 59
8 14 20 23 32 50 62 68
8 14 20 23 35 38 68 77
8 14 20 23 38 41 50 62
8 14 20 23 41 62 65 77
8 14 20 23 59 62 68 77
8 14 20 26 29 41 47 56
8 14 20 26 29 53 62 68
8 14 20 26 35 44 68 80
8 14 20 26 41 44 53 62
8 14 20 26 41 62 71 80
8 14 20 26 56 62 68 80
8 14 20 29 38 41 56 74
8 14 20 32 41 44 59 74
8 14 20 35 38 47 50 65
8 14 20 35 44 47 53 71
8 14 20 35 50 65 68 77
8 14 20 35 53 68 71 80
8 14 20 38 56 62 65 74
8 14 20 44 59 62 71 74
8 14 23 32 35 41 47 77
8 14 23 32 35 50 68 74
8 14 23 32 35 65 68 77
8 14 23 32 41 62 74 77
8 14 23 35 38 41 50 59
8 14 23 35 38 41 74 77
8 14 23 35 59 68 74 77
8 14 23 38 47 50 62 68
8 14 23 41 50 59 62 65
8 14 23 47 62 65 68 77
8 14 26 29 35 41 47 80
8 14 26 29 35 53 68 74
8 14 26 29 35 68 71 80
8 14 26 29 41 62 74 80
8 14 26 35 41 44 53 56
8 14 26 35 41 44 74 80
8 14 26 35 56 68 74 80
8 14 26 41 53 56 62 71
8 14 26 44 47 53 62 68
8 14 26 47 62 68 71 80
8 14 29 41 44 53 62 80
8 14 29 47 53 56 68 74
8 14 32 38 41 50 62 77
8 14 32 47 50 59 68 74
8 14 35 41 47 50 59 77
8 14 35 41 47 53 56 80
8 14 35 41 50 65 74 77
8 14 35 41 53 71 74 80
8 14 38 47 62 65 74 77
8 14 38 50 59 62 68 77
8 14 41 50 59 62 74 77
8 14 41 53 56 62 74 80
8 14 44 47 62 71 74 80
8 14 44 53 56 62 68 80
8 15 19 22 29 39 66 79
8 15 19 22 32 36 52 62
8 15 19 22 32 49 59 66
8 15 19 22 36 39 49 59
8 15 19 22 36 59 69 79
8 15 19 22 59 62 66 79
8 15 19 29 32 36 52 79
8 15 19 29 32 49 66 73
8 15 19 29 32 66 69 79
8 15 19 29 36 39 49 62
8 15 19 29 36 39 73 79
8 15 19 29 62 66 73 79
8 15 19 32 36 59 73 79
8 15 19 36 49 59 62 69
8 15 19 39 49 52 59 66
8 15 19 52 59 66 69 79
8 15 22 25 29 42 66 76
8 15 22 25 35 36 52 56
8 15 22 25 35 46 59 66
8 15 22 25 36 42 46 59
8 15 22 25 36 59 63 76
8 15 22 25 56 59 66 76
8 15 22 29 39 49 52 69
8 15 22 29 42 46 52 63
8 15 22 29 46 63 66 76
8 15 22 29 49 66 69 79
8 15 22 32 36 42 62 73
8 15 22 35 36 39 56 73
8 15 22 39 56 59 69 73
8 15 22 42 59 62 63 73
8 15 25 29 35 36 52 76
8 15 25 29 35 46 66 73
8 15 25 29 35 63 66 76
8 15 25 29 36 42 46 56
8 15 25 29 36 42 73 76
8 15 25 29 56 66 73 76
8 15 25 35 36 59 73 76
8 15 25 36 46 56 59 63
8 15 25 42 46 52 59 66
8 15 25 52 59 63 66 76
8 15 29 36 46 52 56 76
8 15 29 36 46 63 73 76
8 15 29 36 49 52 62 79
8 15 29 36 49 69 73 79
8 15 32 36 39 49 59 79
8 15 32 49 52 62 66 73
8 15 35 36 42 46 59 76
8 15 35 46 52 56 66 73
8 15 36 46 56 59 73 76
8 15 36 49 59 62 73 79
8 15 39 49 59 62 66 79
8 15 39 52 59 69 73 79
8 15 42 46 56 59 66 76
8 15 42 52 59 63 73 76
8 16 18 24 29 40 48 62
8 16 18 24 29 51 56 64
8 16 18 24 32 37 64 75
8 16 18 24 37 40 51 56
8 16 18 24 40 56 70 75
8 16 18 24 56 62 64 75
8 16 18 29 32 40 48 75
8 16 18 29 32 51 64 72
8 16 18 29 32 64 70 75
8 16 18 29 40 56 72 75
8 16 18 32 37 40 51 62
8 16 18 32 37 40 72 75
8 16 18 32 62 64 72 75
8 16 18 37 48 51 56 64
8 16 18 40 51 56 62 70
8 16 18 48 56 64 70 75
8 16 21 24 32 43 64 78
8 16 21 24 35 40 48 59
8 16 21 24 35 45 56 64
8 16 21 24 40 43 45 56
8 16 21 24 40 56 67 78
8 16 21 24 56 59 64 78
8 16 21 32 35 40 48 78
8 16 21 32 35 45 64 72
8 16 21 32 35 64 67 78
8 16 21 32 40 43 45 59
8 16 21 32 40 43 72 78
8 16 21 32 59 64 72 78
8 16 21 35 40 56 72 78
8 16 21 40 45 56 59 67
8 16 21 43 45 48 56 64
8 16 21 48 56 64 67 78
8 16 24 29 40 43 62 72
8 16 24 32 37 48 51 70
8 16 24 32 43 45 48 67
8 16 24 32 45 64 67 78
8 16 24 32 51 64 70 75
8 16 24 35 37 40 59 72
8 16 24 37 56 59 70 72
8 16 24 43 56 62 67 72
8 16 29 37 40 51 56 75
8 16 29 48 51 62 64 72
8 16 32 40 45 48 59 78
8 16 32 40 45 67 72 78
8 16 32 40 48 51 62 75
8 16 32 40 51 70 72 75
8 16 35 40 43 45 56 78
8 16 35 45 48 59 64 72
8 16 37 48 56 70 72 75
8 16 37 51 56 62 64 75
8 16 40 45 56 59 72 78
8 16 40 51 56 62 72 75
8 16 43 45 56 59 64 78
8 16 43 48 56 67 72 78
8 17 20 26 32 44 53 59
8 17 20 26 32 47 62 71
8 17 20 26 35 41 71 74
8 17 20 26 41 44 47 62
8 17 20 26 44 62 68 74
8 17 20 26 59 62 71 74
8 17 20 32 35 44 53 74
8 17 20 32 35 47 71 80
8 17 20 32 35 68 71 74
8 17 20 32 44 62 74 80
8 17 20 35 41 44 47 59
8 17 20 35 41 44 74 80
8 17 20 35 59 71 74 80
8 17 20 41 47 53 62 71
8 17 20 44 47 59 62 68
8 17 20 53 62 68 71 74
8 17 23 26 29 44 53 56
8 17 23 26 29 50 62 71
8 17 23 26 35 38 71 77
8 17 23 26 38 44 50 62
8 17 23 26 44 62 65 77
8 17 23 26 56 62 71 77
8 17 23 29 35 44 53 77
8 17 23 29 35 50 71 80
8 17 23 29 35 65 71 77
8 17 23 29 44 62 77 80
8 17 23 35 38 44 50 56
8 17 23 35 38 44 77 80
8 17 23 35 56 71 77 80
8 17 23 38 50 53 62 71
8 17 23 44 50 56 62 65
8 17 23 53 62 65 71 77
8 17 26 29 41 44 56 80
8 17 26 32 38 44 59 80
8 17 26 35 38 50 53 65
8 17 26 35 41 47 53 68
8 17 26 35 47 68 71 74
8 17 26 35 50 65 71 77
8 17 26 38 59 62 65 80
8 17 26 41 56 62 68 80
8 17 29 38 44 50 62 77
8 17 29 50 53 56 71 80
8 17 32 41 44 47 62 74
8 17 32 47 53 59 71 80
8 17 35 44 47 53 59 74
8 17 35 44 47 68 74 80
8 17 35 44 50 53 56 77
8 17 35 44 50 65 77 80
8 17 38 50 56 62 71 77
8 17 38 53 62 65 77 80
8 17 41 47 59 62 71 74
8 17 41 53 62 68 74 80
8 17 44 47 59 62 74 80
8 17 44 50 56 62 77 80
8 18 21 32 37 45 62 70
8 18 21 32 43 51 59 67
8 18 24 32 37 48 59 70
8 18 24 32 40 51 62 64
8 18 29 32 37 40 51 64
8 18 29 32 37 45 70 78
8 18 29 37 62 70 75 78
8 18 29 40 51 56 64 70
8 18 32 35 37 43 51 67
8 18 32 35 37 48 70 72
8 18 32 37 40 48 64 75
8 18 32 37 43 45 67 75
8 18 32 40 62 64 70 75
8 18 32 43 59 67 70 75
8 18 35 37 59 70 72 75
8 18 35 43 51 56 67 70
8 18 37 40 51 56 64 72
8 18 37 43 51 56 67 78
8 18 40 48 51 56 62 64
8 18 40 56 64 70 72 75
8 18 43 45 51 56 59 67
8 18 43 56 67 70 75 78
8 19 22 29 36 49 62 66
8 19 22 29 39 52 56 69
8 19 25 29 39 46 62 69
8 19 25 29 42 49 56 63
8 19 29 32 36 39 49 66
8 19 29 32 39 46 69 76
8 19 29 35 39 42 49 63
8 19 29 35 39 52 69 73
8 19 29 36 39 52 66 79
8 19 29 36 62 66 69 79
8 19 29 39 42 46 63 79
8 19 29 42 56 63 69 79
8 19 32 36 49 59 66 69
8 19 32 39 62 69 76 79
8 19 35 39 56 69 73 79
8 19 35 42 49 59 63 69
8 19 36 39 49 59 66 73
8 19 36 49 52 59 62 66
8 19 36 59 66 69 73 79
8 19 39 42 49 59 63 76
8 19 42 46 49 56 59 63
8 19 42 59 63 69 76 79
8 20 23 35 38 47 56 65
8 20 23 35 41 50 59 68
8 20 26 35 41 53 56 68
8 20 26 35 44 47 59 71
8 20 29 35 38 41 47 65
8 20 29 35 41 53 68 80
8 20 29 38 47 62 65 68
8 20 29 41 56 68 74 80
8 20 32 35 41 44 47 71
8 20 32 35 41 50 68 77
8 20 32 41 59 68 74 77
8 20 32 44 47 62 68 71
8 20 35 38 41 50 65 74
8 20 35 38 56 65 68 74
8 20 35 41 44 53 71 74
8 20 35 44 59 68 71 74
8 20 38 41 47 62 65 77
8 20 38 47 50 56 62 65
8 20 38 62 65 68 74 77
8 20 41 44 47 62 71 80
8 20 44 47 53 59 62 71
8 20 44 62 68 71 74 80
8 21 24 32 40 45 59 64
8 21 24 32 43 48 62 67
8 21 29 32 37 43 45 70
8 21 29 32 43 48 67 72
8 21 29 37 45 56 67 70
8 21 29 43 62 67 72 78
8 21 32 35 40 43 45 64
8 21 32 35 43 51 67 75
8 21 32 37 43 51 70 78
8 21 32 37 62 67 70 78
8 21 32 40 43 48 64 78
8 21 32 40 59 64 67 78
8 21 35 40 45 56 64 67
8 21 35 43 59 67 75 78
8 21 37 43 45 56 70 75
8 21 37 45 51 56 62 70
8 21 37 56 67 70 75 78
8 21 40 43 45 56 64 72
8 21 40 45 48 56 59 64
8 21 40 56 64 67 72 78
8 22 25 29 36 46 56 66
8 22 25 29 42 52 62 63
8 22 29 32 36 42 52 63
8 22 29 32 36 49 66 79
8 22 29 35 36 39 52 69
8 22 29 35 36 46 66 76
8 22 29 36 39 49 69 73
8 22 29 36 42 46 63 73
8 22 29 39 56 66 69 73
8 22 29 42 62 63 66 73
8 22 32 36 62 66 73 79
8 22 32 42 52 59 63 66
8 22 35 36 56 66 73 76
8 22 35 39 52 59 66 69
8 22 36 39 52 59 69 79
8 22 36 42 52 59 63 76
8 22 39 49 52 56 59 69
8 22 39 59 66 69 73 79
8 22 42 46 52 59 62 63
8 22 42 59 63 66 73 76
8 23 26 35 38 53 59 65
8 23 26 35 44 50 56 71
8 23 29 35 38 44 50 71
8 23 29 35 38 47 65 74
8 23 29 38 56 65 74 77
8 23 29 44 50 62 65 71
8 23 32 35 38 41 50 68
8 23 32 35 38 53 65 80
8 23 32 38 59 65 77 80
8 23 32 41 50 62 65 68
8 23 35 38 41 47 68 77
8 23 35 38 44 53 71 77
8 23 35 41 59 65 68 77
8 23 35 44 56 65 71 77
8 23 38 41 50 62 68 74
8 23 38 44 50 62 71 80
8 23 41 47 50 59 62 68
8 23 41 62 65 68 74 77
8 23 44 50 53 56 62 71
8 23 44 62 65 71 77 80
8 24 29 32 40 43 48 67
8 24 29 32 40 51 64 75
8 24 29 40 62 64 72 75
8 24 29 43 48 56 64 67
8 24 32 35 37 40 48 70
8 24 32 35 40 45 64 78
8 24 32 37 40 51 70 72
8 24 32 37 59 64 70 72
8 24 32 40 43 45 67 72
8 24 32 43 62 64 67 72
8 24 35 37 48 56 64 70
8 24 35 40 59 64 72 78
8 24 37 40 48 56 70 75
8 24 37 48 51 56 59 70
8 24 37 56 64 70 72 75
8 24 40 43 48 56 67 78
8 24 43 45 48 56 62 67
8 24 43 56 64 67 72 78
8 25 29 32 39 42 46 69
8 25 29 32 42 52 63 73
8 25 29 35 36 42 46 66
8 25 29 35 42 49 63 79
8 25 29 36 42 52 66 76
8 25 29 36 56 63 66 76
8 25 29 39 42 49 69 76
8 25 29 39 62 63 69 76
8 25 32 39 46 59 63 69
8 25 32 42 62 63 73 76
8 25 35 36 46 59 63 66
8 25 35 42 56 63 76 79
8 25 36 42 46 59 66 73
8 25 36 46 52 56 59 66
8 25 36 59 63 66 73 76
8 25 39 42 46 59 69 79
8 25 39 46 49 59 62 69
8 25 39 59 63 69 76 79
8 26 29 35 41 44 53 68
8 26 29 35 44 50 71 77
8 26 29 41 53 62 68 71
8 26 29 44 56 71 77 80
8 26 32 35 38 44 53 65
8 26 32 35 44 47 71 74
8 26 32 38 53 62 65 71
8 26 32 44 59 71 74 80
8 26 35 38 44 50 65 80
8 26 35 38 59 65 71 80
8 26 35 41 44 47 68 80
8 26 35 41 56 68 71 80
8 26 38 44 53 62 65 77
8 26 38 50 53 59 62 65
8 26 38 62 65 71 77 80
8 26 41 44 53 62 68 74
8 26 41 47 53 56 62 68
8 26 41 62 68 71 74 80
8 27 28 29 30 32 55 58
8 27 28 29 31 32 54 60
8 27 28 32 33 35 58 61
8 27 28 32 34 35 54 57
8 27 29 30 31 35 55 58
8 27 29 31 32 33 58 61
8 27 29 31 34 35 57 60
8 27 29 33 34 35 58 61
8 27 30 32 34 35 55 58
8 27 30 54 55 59 61 62
8 27 30 55 56 57 59 61
8 27 30 55 56 60 61 62
8 27 33 54 55 56 58 59
8 27 33 55 56 57 58 62
8 27 33 55 58 59 60 62
8 28 29 30 31 35 54 60
8 28 29 30 32 34 54 57
8 28 29 30 33 35 55 61
8 28 29 33 34 35 54 57
8 28 31 32 33 35 54 60
8 28 31 54 55 56 57 59
8 28 31 54 56 57 58 62
8 28 31 54 57 59 61 62
8 28 34 55 56 57 60 62
8 28 34 56 57 59 60 61
8 28 34 57 58 59 60 62
8 29 30 32 33 34 55 61
8 29 31 32 33 34 57 60
8 29 36 46 52 63 66 76
8 29 36 49 52 66 69 79
8 29 37 45 51 56 70 78
8 29 37 51 62 64 70 75
8 29 38 47 50 62 65 74
8 29 38 50 56 65 71 77
8 29 39 46 49 63 69 76
8 29 39 49 52 66 69 73
8 29 40 48 51 56 64 75
8 29 40 48 62 64 67 72
8 29 41 47 53 62 68 80
8 29 41 47 56 65 68 74
8 29 42 46 49 63 69 79
8 29 42 46 52 63 66 73
8 29 43 45 48 56 67 72
8 29 43 45 62 67 70 78
8 29 44 50 53 62 71 77
8 29 44 53 56 68 71 80
8 30 31 32 33 35 55 61
8 30 31 32 34 35 57 60
8 30 33 54 56 58 61 62
8 30 33 56 58 59 60 61
8 30 33 57 58 59 61 62
8 31 34 54 55 59 60 62
8 31 34 54 56 58 59 60
8 31 34 54 56 60 61 62
8 32 36 49 52 59 66 79
8 32 36 52 62 63 66 73
8 32 37 45 51 67 70 78
8 32 37 48 51 64 70 72
8 32 38 50 53 62 65 80
8 32 38 50 59 65 68 77
8 32 39 46 49 59 69 76
8 32 39 49 62 66 69 79
8 32 40 45 48 64 67 78
8 32 40 48 51 64 70 75
8 32 41 47 50 62 68 77
8 32 41 47 59 68 71 74
8 32 42 46 52 59 63 73
8 32 42 46 62 63 69 76
8 32 43 45 48 64 67 72
8 32 43 45 51 67 70 75
8 32 44 47 53 62 71 74
8 32 44 53 59 65 71 80
8 35 36 46 52 59 66 76
8 35 36 52 56 66 69 73
8 35 37 48 51 56 70 72
8 35 37 51 59 67 70 75
8 35 38 47 50 65 68 74
8 35 38 50 53 65 71 80
8 35 39 49 52 59 69 73
8 35 39 49 56 63 69 79
8 35 40 45 48 56 64 78
8 35 40 48 59 64 70 72
8 35 41 47 50 65 68 77
8 35 41 47 53 68 71 80
8 35 42 46 49 59 63 79
8 35 42 46 56 63 66 76
8 35 43 45 51 56 67 75
8 35 43 45 59 64 67 78
8 35 44 47 53 68 71 74
8 35 44 50 53 65 71 77
9 10 11 12 14 37 40 71
9 10 11 12 14 37 43 65
9 10 11 12 14 38 64 70
9 10 11 12 14 40 43 68
9 10 11 12 14 41 67 70
9 10 11 12 14 44 64 67
9 10 11 12 16 37 65 68
9 10 11 12 16 38 41 64
9 10 11 12 16 38 44 67
9 10 11 12 16 40 65 71
9 10 11 12 16 41 44 70
9 10 11 12 16 43 68 71
9 10 11 13 14 36 39 68
9 10 11 13 14 36 42 71
9 10 11 13 14 38 66 69
9 10 11 13 14 39 42 65
9 10 11 13 14 41 63 66
9 10 11 13 14 44 63 69
9 10 11 13 15 37 68 71
9 10 11 13 15 38 41 67
9 10 11 13 15 38 44 70
9 10 11 13 15 40 65 68
9 10 11 13 15 41 44 64
9 10 11 13 15 43 65 71
9 10 11 13 17 36 39 70
9 10 11 13 17 36 42 64
9 10 11 13 17 37 63 69
9 10 11 13 17 39 42 67
9 10 11 13 17 40 66 69
9 10 11 13 17 43 63 66
9 10 11 14 16 36 39 67
9 10 11 14 16 36 42 70
9 10 11 14 16 37 66 69
9 10 11 14 16 39 42 64
9 10 11 14 16 40 63 66
9 10 11 14 16 43 63 69
9 10 11 15 16 36 68 71
9 10 11 15 16 38 41 66
9 10 11 15 16 38 44 69
9 10 11 15 16 39 65 68
9 10 11 15 16 41 44 63
9 10 11 15 16 42 65 71
9 10 11 15 17 36 64 67
9 10 11 15 17 37 40 63
9 10 11 15 17 37 43 66
9 10 11 15 17 39 64 70
9 10 11 15 17 40 43 69
9 10 11 15 17 42 67 70
9 10 12 13 14 36 65 68
9 10 12 13 14 38 41 63
9 10 12 13 14 38 44 66
9 10 12 13 14 39 65 71
9 10 12 13 14 41 44 69
9 10 12 13 14 42 68 71
9 10 12 13 17 37 65 68
9 10 12 13 17 38 41 64
9 10 12 13 17 38 44 67
9 10 12 13 17 40 65 71
9 10 12 13 17 41 44 70
9 10 12 13 17 43 68 71
9 10 12 13 36 43 65 71
9 10 12 13 37 39 68 71
9 10 12 13 38 41 67 69
9 10 12 13 38 44 63 70
9 10 12 13 40 42 65 68
9 10 12 13 41 44 64 66
9 10 12 14 17 36 67 70
9 10 12 14 17 37 40 66
9 10 12 14 17 37 43 69
9 10 12 14 17 39 64 67
9 10 12 14 17 40 43 63
9 10 12 14 17 42 64 70
9 10 12 16 17 36 68 71
9 10 12 16 17 38 41 66
9 10 12 16 17 38 44 69
9 10 12 16 17 39 65 68
9 10 12 16 17 41 44 63
9 10 12 16 17 42 65 71
9 10 12 16 36 40 65 68
9 10 12 16 37 42 68 71
9 10 12 16 38 41 63 67
9 10 12 16 38 44 66 70
9 10 12 16 39 43 65 71
9 10 12 16 41 44 64 69
9 10 13 15 17 36 65 68
9 10 13 15 17 38 41 63
9 10 13 15 17 38 44 66
9 10 13 15 17 39 65 71
9 10 13 15 17 41 44 69
9 10 13 15 17 42 68 71
9 10 13 15 36 37 65 71
9 10 13 15 38 41 69 70
9 10 13 15 38 44 63 64
9 10 13 15 39 40 68 71
9 10 13 15 41 44 66 67
9 10 13 15 42 43 65 68
9 10 14 15 16 37 68 71
9 10 14 15 16 38 41 67
9 10 14 15 16 38 44 70
9 10 14 15 16 40 65 68
9 10 14 15 16 41 44 64
9 10 14 15 16 43 65 71
9 10 14 15 17 37 40 65
9 10 14 15 17 37 43 68
9 10 14 15 17 38 64 67
9 10 14 15 17 40 43 71
9 10 14 15 17 41 64 70
9 10 14 15 17 44 67 70
9 10 14 16 17 36 39 71
9 10 14 16 17 36 42 65
9 10 14 16 17 38 63 69
9 10 14 16 17 39 42 68
9 10 14 16 17 41 66 69
9 10 14 16 17 44 63 66
9 10 15 16 36 43 65 68
9 10 15 16 37 39 65 71
9 10 15 16 38 41 63 70
9 10 15 16 38 44 64 66
9 10 15 16 40 42 68 71
9 10 15 16 41 44 67 69
9 10 36 37 40 42 65 71
9 10 36 39 40 43 68 71
9 10 37 39 42 43 65 68
9 10 38 41 64 66 69 70
9 10 38 44 63 64 67 69
9 10 41 44 63 66 67 70
9 11 12 13 14 36 64 70
9 11 12 13 14 37 40 69
9 11 12 13 14 37 43 63
9 11 12 13 14 39 67 70
9 11 12 13 14 40 43 66
9 11 12 13 14 42 64 67
9 11 12 13 16 36 65 71
9 11 12 13 16 38 41 69
9 11 12 13 16 38 44 63
9 11 12 13 16 39 68 71
9 11 12 13 16 41 44 66
9 11 12 13 16 42 65 68
9 11 12 13 17 37 40 71
9 11 12 13 17 37 43 65
9 11 12 13 17 38 64 70
9 11 12 13 17 40 43 68
9 11 12 13 17 41 67 70
9 11 12 13 17 44 64 67
9 11 12 14 36 41 64 67
9 11 12 14 37 40 63 68
9 11 12 14 37 43 66 71
9 11 12 14 38 42 67 70
9 11 12 14 39 44 64 70
9 11 12 14 40 43 65 69
9 11 12 16 17 36 64 67
9 11 12 16 17 37 40 63
9 11 12 16 17 37 43 66
9 11 12 16 17 39 64 70
9 11 12 16 17 40 43 69
9 11 12 16 17 42 67 70
9 11 12 17 36 38 67 70
9 11 12 17 37 40 66 68
9 11 12 17 37 43 69 71
9 11 12 17 39 41 64 67
9 11 12 17 40 43 63 65
9 11 12 17 42 44 64 70
9 11 13 14 15 37 40 65
9 11 13 14 15 37 43 68
9 11 13 14 15 38 64 67
9 11 13 14 15 40 43 71
9 11 13 14 15 41 64 70
9 11 13 14 15 44 67 70
9 11 13 16 17 36 39 65
9 11 13 16 17 36 42 68
9 11 13 16 17 38 63 66
9 11 13 16 17 39 42 71
9 11 13 16 17 41 63 69
9 11 13 16 17 44 66 69
9 11 14 15 16 36 64 70
9 11 14 15 16 37 40 69
9 11 14 15 16 37 43 63
9 11 14 15 16 39 67 70
9 11 14 15 16 40 43 66
9 11 14 15 16 42 64 67
9 11 14 15 36 44 64 67
9 11 14 15 37 40 63 71
9 11 14 15 37 43 65 66
9 11 14 15 38 39 64 70
9 11 14 15 40 43 68 69
9 11 14 15 41 42 67 70
9 11 15 16 17 37 40 65
9 11 15 16 17 37 43 68
9 11 15 16 17 38 64 67
9 11 15 16 17 40 43 71
9 11 15 16 17 41 64 70
9 11 15 16 17 44 67 70
9 11 15 17 36 41 67 70
9 11 15 17 37 40 66 71
9 11 15 17 37 43 65 69
9 11 15 17 38 42 64 70
9 11 15 17 39 44 64 67
9 11 15 17 40 43 63 68
9 11 36 38 39 44 67 70
9 11 36 41 42 44 64 70
9 11 37 40 65 66 68 69
9 11 37 43 63 68 69 71
9 11 38 39 41 42 64 67
9 11 40 43 63 65 66 71
9 12 13 14 16 37 65 68
9 12 13 14 16 38 41 64
9 12 13 14 16 38 44 67
9 12 13 14 16 40 65 71
9 12 13 14 16 41 44 70
9 12 13 14 16 43 68 71
9 12 13 16 36 37 68 71
9 12 13 16 38 41 66 67
9 12 13 16 38 44 69 70
9 12 13 16 39 40 65 68
9 12 13 16 41 44 63 64
9 12 13 16 42 43 65 71
9 12 14 16 17 37 40 71
9 12 14 16 17 37 43 65
9 12 14 16 17 38 64 70
9 12 14 16 17 40 43 68
9 12 14 16 17 41 67 70
9 12 14 16 17 44 64 67
9 12 14 17 36 44 64 70
9 12 14 17 37 40 68 69
9 12 14 17 37 43 63 71
9 12 14 17 38 39 67 70
9 12 14 17 40 43 65 66
9 12 14 17 41 42 64 67
9 12 18 27 39 45 54 60
9 12 18 27 39 51 54 72
9 12 18 27 54 66 72 78
9 12 18 33 36 45 54 60
9 12 18 33 36 48 60 72
9 12 18 33 60 63 72 75
9 12 19 29 42 46 59 79
9 12 19 29 42 49 56 59
9 12 19 29 59 63 76 79
9 12 19 35 39 49 56 59
9 12 19 35 39 52 56 79
9 12 19 35 56 69 73 79
9 12 20 28 42 47 61 77
9 12 20 28 42 53 55 61
9 12 20 28 61 66 77 80
9 12 20 31 36 50 55 77
9 12 20 31 36 53 55 61
9 12 20 31 55 69 74 77
9 12 21 30 36 48 57 60
9 12 21 30 36 51 57 75
9 12 21 30 57 63 75 78
9 12 21 33 39 45 60 75
9 12 21 33 39 48 57 60
9 12 21 33 60 66 72 75
9 12 22 32 39 46 62 73
9 12 22 32 39 52 56 62
9 12 22 32 62 69 73 76
9 12 22 35 42 49 56 73
9 12 22 35 42 52 56 62
9 12 22 35 56 63 73 79
9 12 23 28 36 47 58 61
9 12 23 28 36 53 61 80
9 12 23 28 61 69 77 80
9 12 23 34 42 47 58 61
9 12 23 34 42 50 58 80
9 12 23 34 58 66 74 80
9 12 24 27 36 45 54 78
9 12 24 27 36 51 54 57
9 12 24 27 54 63 72 78
9 12 24 30 39 48 57 78
9 12 24 30 39 51 54 57
9 12 24 30 57 66 75 78
9 12 25 29 39 46 59 62
9 12 25 29 39 49 59 76
9 12 25 29 59 69 76 79
9 12 25 32 42 46 59 62
9 12 25 32 42 52 62 76
9 12 25 32 62 63 73 76
9 12 26 31 42 50 55 58
9 12 26 31 42 53 55 74
9 12 26 31 55 66 74 77
9 12 26 34 36 47 58 74
9 12 26 34 36 50 55 58
9 12 26 34 58 69 74 80
9 12 36 37 38 40 41 68
9 12 36 37 38 40 44 70
9 12 36 37 38 41 43 67
9 12 36 37 41 43 44 71
9 12 36 38 40 43 44 65
9 12 36 40 41 43 44 64
9 12 37 38 39 40 44 68
9 12 37 38 39 41 43 71
9 12 37 38 39 43 44 70
9 12 37 38 40 41 42 67
9 12 37 38 40 41 64 71
9 12 37 38 40 44 67 71
9 12 37 38 41 43 64 65
9 12 37 38 42 43 44 71
9 12 37 38 43 44 65 67
9 12 37 38 64 65 68 70
9 12 37 39 40 41 44 64
9 12 37 40 41 42 44 68
9 12 37 40 41 44 70 71
9 12 37 41 42 43 44 64
9 12 37 41 43 44 65 70
9 12 37 41 65 67 68 70
9 12 37 44 64 65 67 68
9 12 37 63 67 68 70 71
9 12 37 64 66 67 68 71
9 12 37 64 68 69 70 71
9 12 38 39 40 41 43 67
9 12 38 40 41 42 43 65
9 12 38 40 41 43 64 68
9 12 38 40 42 43 44 70
9 12 38 40 43 44 67 68
9 12 38 40 64 65 70 71
9 12 38 43 64 68 70 71
9 12 38 63 65 67 70 71
9 12 38 65 67 68 69 70
9 12 38 66 67 68 70 71
9 12 39 40 41 43 44 65
9 12 40 41 43 44 68 70
9 12 40 41 65 67 70 71
9 12 40 44 64 65 67 71
9 12 40 63 64 65 68 70
9 12 40 64 65 67 68 69
9 12 40 65 66 67 68 70
9 12 41 43 67 68 70 71
9 12 41 63 64 65 67 68
9 12 41 64 65 66 67 71
9 12 41 64 67 68 69 71
9 12 43 44 64 67 68 71
9 12 43 63 64 65 67 71
9 12 43 64 65 66 70 71
9 12 43 65 67 69 70 71
9 12 44 63 64 68 70 71
9 12 44 64 65 66 68 70
9 12 44 64 65 69 70 71
9 13 14 15 16 36 65 71
9 13 14 15 16 38 41 69
9 13 14 15 16 38 44 63
9 13 14 15 16 39 68 71
9 13 14 15 16 41 44 66
9 13 14 15 16 42 65 68
9 13 14 15 17 36 67 70
9 13 14 15 17 37 40 66
9 13 14 15 17 37 43 69
9 13 14 15 17 39 64 67
9 13 14 15 17 40 43 63
9 13 14 15 17 42 64 70
9 13 14 16 17 36 39 64
9 13 14 16 17 36 42 67
9 13 14 16 17 37 63 66
9 13 14 16 17 39 42 70
9 13 14 16 17 40 63 69
9 13 14 16 17 43 66 69
9 13 15 16 17 37 68 71
9 13 15 16 17 38 41 67
9 13 15 16 17 38 44 70
9 13 15 16 17 40 65 68
9 13 15 16 17 41 44 64
9 13 15 16 17 43 65 71
9 13 15 16 36 40 68 71
9 13 15 16 37 42 65 71
9 13 15 16 38 41 66 70
9 13 15 16 38 44 64 69
9 13 15 16 39 43 65 68
9 13 15 16 41 44 63 67
9 13 36 37 39 43 65 68
9 13 36 40 42 43 68 71
9 13 37 39 40 42 65 71
9 13 38 41 63 64 66 70
9 13 38 44 64 66 67 69
9 13 41 44 63 67 69 70
9 14 15 17 36 38 64 70
9 14 15 17 37 40 69 71
9 14 15 17 37 43 63 65
9 14 15 17 39 41 67 70
9 14 15 17 40 43 66 68
9 14 15 17 42 44 64 67
9 14 36 38 39 41 64 67
9 14 36 38 42 44 67 70
9 14 37 40 63 65 66 68
9 14 37 43 66 68 69 71
9 14 39 41 42 44 64 70
9 14 40 43 63 65 69 71
9 15 18 27 42 45 54 57
9 15 18 27 42 48 54 72
9 15 18 27 54 69 72 75
9 15 18 30 36 45 54 57
9 15 18 30 36 51 57 72
9 15 18 30 57 63 72 78
9 15 19 29 36 49 59 62
9 15 19 29 36 52 59 79
9 15 19 29 59 66 73 79
9 15 19 32 39 46 62 79
9 15 19 32 39 49 59 62
9 15 19 32 62 69 76 79
9 15 20 31 39 47 55 77
9 15 20 31 39 53 55 58
9 15 20 31 55 63 77 80
9 15 20 34 42 50 58 77
9 15 20 34 42 53 55 58
9 15 20 34 58 66 74 77
9 15 21 27 36 45 54 75
9 15 21 27 36 48 54 60
9 15 21 27 54 63 72 75
9 15 21 33 42 48 54 60
9 15 21 33 42 51 60 75
9 15 21 33 60 69 75 78
9 15 22 29 39 49 59 73
9 15 22 29 39 52 56 59
9 15 22 29 59 69 73 79
9 15 22 35 36 46 56 73
9 15 22 35 36 52 56 59
9 15 22 35 56 66 73 76
9 15 23 28 39 47 55 61
9 15 23 28 39 50 61 80
9 15 23 28 61 63 74 80
9 15 23 31 42 47 55 61
9 15 23 31 42 53 55 80
9 15 23 31 55 66 77 80
9 15 24 30 42 45 57 78
9 15 24 30 42 51 57 60
9 15 24 30 57 69 72 78
9 15 24 33 36 48 60 78
9 15 24 33 36 51 57 60
9 15 24 33 60 63 75 78
9 15 25 32 36 46 56 62
9 15 25 32 36 49 62 76
9 15 25 32 62 66 76 79
9 15 25 35 39 46 56 62
9 15 25 35 39 52 56 76
9 15 25 35 56 69 73 76
9 15 26 28 42 47 61 74
9 15 26 28 42 50 58 61
9 15 26 28 61 66 74 80
9 15 26 34 39 50 58 61
9 15 26 34 39 53 58 74
9 15 26 34 58 63 74 77
9 15 36 37 38 40 41 71
9 15 36 37 38 40 44 64
9 15 36 37 38 41 43 70
9 15 36 37 41 43 44 65
9 15 36 38 40 43 44 68
9 15 36 40 41 43 44 67
9 15 37 38 39 40 44 71
9 15 37 38 39 41 43 65
9 15 37 38 39 43 44 64
9 15 37 38 40 41 42 70
9 15 37 38 40 41 65 67
9 15 37 38 40 44 65 70
9 15 37 38 41 43 67 68
9 15 37 38 42 43 44 65
9 15 37 38 43 44 68 70
9 15 37 38 64 67 68 71
9 15 37 39 40 41 44 67
9 15 37 40 41 42 44 71
9 15 37 40 41 44 64 65
9 15 37 41 42 43 44 67
9 15 37 41 43 44 64 68
9 15 37 41 64 68 70 71
9 15 37 44 67 68 70 71
9 15 37 63 64 65 67 71
9 15 37 64 65 66 70 71
9 15 37 65 67 69 70 71
9 15 38 39 40 41 43 70
9 15 38 40 41 42 43 68
9 15 38 40 41 43 67 71
9 15 38 40 42 43 44 64
9 15 38 40 43 44 70 71
9 15 38 40 64 65 67 68
9 15 38 43 64 65 67 71
9 15 38 63 64 68 70 71
9 15 38 64 65 66 68 70
9 15 38 64 65 69 70 71
9 15 39 40 41 43 44 68
9 15 40 41 43 44 64 71
9 15 40 41 64 65 68 70
9 15 40 44 65 67 68 70
9 15 40 63 67 68 70 71
9 15 40 64 66 67 68 71
9 15 40 64 68 69 70 71
9 15 41 43 64 65 70 71
9 15 41 63 65 67 70 71
9 15 41 65 67 68 69 70
9 15 41 66 67 68 70 71
9 15 43 44 65 67 70 71
9 15 43 63 64 65 68 70
9 15 43 64 65 67 68 69
9 15 43 65 66 67 68 70
9 15 44 63 64 65 67 68
9 15 44 64 65 66 67 71
9 15 44 64 67 68 69 71
9 16 36 37 39 40 65 71
9 16 36 37 42 43 65 68
9 16 38 41 63 64 69 70
9 16 38 44 63 64 66 67
9 16 39 40 42 43 68 71
9 16 41 44 66 67 69 70
9 17 36 38 41 42 64 67
9 17 36 39 41 44 64 70
9 17 37 40 63 65 68 69
9 17 37 43 63 66 68 71
9 17 38 39 42 44 67 70
9 17 40 43 65 66 69 71
9 18 21 27 33 36 54 75
9 18 21 27 33 36 60 72
9 18 21 27 42 54 69 72
9 18 21 33 39 60 66 75
9 18 24 27 30 36 54 78
9 18 24 27 30 36 57 72
9 18 24 27 39 54 66 72
9 18 24 30 42 57 69 78
9 18 27 30 42 45 54 69
9 18 27 30 42 57 63 72
9 18 27 30 45 51 57 63
9 18 27 33 39 45 54 66
9 18 27 33 39 60 63 72
9 18 27 33 45 48 60 63
9 18 27 36 48 54 60 75
9 18 27 36 51 54 57 78
9 18 30 36 45 51 57 69
9 18 30 45 57 63 69 78
9 18 30 51 54 57 63 72
9 18 33 36 45 48 60 66
9 18 33 45 60 63 66 75
9 18 33 48 54 60 63 72
9 19 22 29 35 39 56 79
9 19 22 29 35 39 59 73
9 19 22 29 36 59 66 79
9 19 22 35 42 56 63 73
9 19 25 29 32 39 59 76
9 19 25 29 32 39 62 79
9 19 25 29 42 59 63 79
9 19 25 32 36 62 66 76
9 19 29 32 36 49 59 66
9 19 29 32 36 62 69 79
9 19 29 32 46 49 62 69
9 19 29 35 42 49 59 63
9 19 29 35 42 56 69 79
9 19 29 35 49 52 56 69
9 19 29 39 46 59 62 76
9 19 29 39 52 56 59 73
9 19 32 39 46 49 62 66
9 19 32 46 59 62 69 79
9 19 32 49 62 66 69 76
9 19 35 39 49 52 56 63
9 19 35 49 56 63 69 73
9 19 35 52 56 59 69 79
9 20 23 28 31 42 55 80
9 20 23 28 31 42 61 77
9 20 23 28 36 61 69 80
9 20 23 31 39 55 63 77
9 20 26 31 34 42 55 74
9 20 26 31 34 42 58 77
9 20 26 31 36 55 69 77
9 20 26 34 39 58 63 74
9 20 28 31 36 53 55 69
9 20 28 31 36 61 66 77
9 20 28 31 47 53 61 66
9 20 28 42 47 53 61 69
9 20 28 47 55 61 66 77
9 20 28 53 61 66 69 80
9 20 31 34 39 53 55 63
9 20 31 34 39 58 66 77
9 20 31 34 50 53 58 66
9 20 31 42 47 55 61 80
9 20 31 42 50 55 58 74
9 20 34 42 50 53 58 63
9 20 34 50 55 58 66 77
9 20 34 53 58 63 66 74
9 21 24 30 33 36 57 75
9 21 24 30 33 36 60 78
9 21 24 30 39 57 66 78
9 21 24 33 42 60 69 75
9 21 27 33 42 48 60 69
9 21 27 33 42 54 63 75
9 21 27 33 45 48 54 63
9 21 27 36 45 48 54 69
9 21 27 45 54 60 63 75
9 21 27 48 54 63 69 72
9 21 30 33 39 48 60 66
9 21 30 33 39 57 63 75
9 21 30 33 48 51 57 63
9 21 30 36 48 51 57 66
9 21 30 48 57 63 66 78
9 21 30 51 57 60 63 75
9 21 33 36 45 54 60 72
9 21 33 36 51 57 60 78
9 22 25 32 35 39 56 76
9 22 25 32 35 39 62 73
9 22 25 32 42 62 63 76
9 22 25 35 36 56 66 73
9 22 29 35 36 52 56 66
9 22 29 35 36 59 69 73
9 22 29 35 49 52 59 69
9 22 29 39 49 52 59 66
9 22 29 49 56 59 69 73
9 22 29 52 59 66 69 79
9 22 32 35 42 52 56 63
9 22 32 35 42 62 69 73
9 22 32 35 46 52 62 69
9 22 32 39 46 52 62 63
9 22 32 46 56 62 69 73
9 22 32 52 62 63 69 76
9 22 35 39 46 56 62 76
9 22 35 39 49 56 59 79
9 23 26 28 34 42 58 80
9 23 26 28 34 42 61 74
9 23 26 28 39 61 63 80
9 23 26 34 36 58 69 74
9 23 28 31 39 47 61 63
9 23 28 31 39 55 66 80
9 23 28 31 47 53 55 66
9 23 28 34 36 47 61 69
9 23 28 34 36 58 66 80
9 23 28 34 47 50 58 66
9 23 28 42 50 58 61 74
9 23 28 42 53 55 61 77
9 23 31 42 47 53 55 63
9 23 31 47 55 63 66 77
9 23 31 53 55 61 66 80
9 23 34 42 47 50 58 69
9 23 34 47 58 66 69 74
9 23 34 50 58 61 66 80
9 24 27 30 39 51 57 66
9 24 27 30 39 54 63 78
9 24 27 30 45 51 54 63
9 24 27 36 45 51 54 66
9 24 27 45 54 57 63 78
9 24 27 51 54 63 66 72
9 24 30 33 42 51 57 69
9 24 30 33 42 60 63 78
9 24 30 33 48 51 60 63
9 24 30 36 45 54 57 72
9 24 30 36 48 57 60 75
9 24 33 36 48 51 60 69
9 24 33 48 57 60 63 78
9 24 33 51 60 63 69 75
9 25 29 32 42 46 62 63
9 25 29 32 42 59 69 76
9 25 29 32 46 49 59 69
9 25 29 39 46 49 59 63
9 25 29 46 59 63 69 79
9 25 29 49 59 62 69 76
9 25 32 35 36 46 62 66
9 25 32 35 36 56 69 76
9 25 32 35 46 52 56 69
9 25 32 39 49 59 62 79
9 25 32 39 52 56 62 73
9 25 35 39 46 52 56 66
9 25 35 46 56 66 69 73
9 25 35 52 56 62 69 76
9 26 28 34 39 50 58 63
9 26 28 34 39 61 66 74
9 26 28 34 47 50 61 66
9 26 28 42 47 50 61 63
9 26 28 47 58 61 66 74
9 26 28 50 61 63 66 80
9 26 31 34 36 50 58 69
9 26 31 34 36 55 66 74
9 26 31 34 50 53 55 66
9 26 31 42 50 53 55 69
9 26 31 50 55 66 69 77
9 26 31 53 55 58 66 74
9 26 34 42 47 58 61 80
9 26 34 42 53 55 58 77
9 27 30 36 45 57 69 72
9 27 30 36 51 54 66 78
9 27 33 36 45 60 66 72
9 27 33 36 48 54 69 75
9 27 36 39 45 51 54 78
9 27 36 42 45 48 54 75
9 27 39 51 54 63 72 78
9 27 42 48 54 63 72 75
9 27 48 54 60 63 69 75
9 27 51 54 57 63 66 78
9 28 31 42 47 55 63 80
9 28 31 42 53 61 69 77
9 28 34 42 47 58 69 80
9 28 34 42 50 61 63 74
9 28 36 42 47 53 61 77
9 28 36 53 61 66 77 80
9 28 39 42 47 50 61 74
9 28 39 50 61 66 74 80
9 28 50 58 61 63 66 74
9 28 53 55 61 66 69 77
9 29 32 39 46 59 63 76
9 29 32 39 49 62 66 79
9 29 35 39 49 56 63 79
9 29 35 39 52 59 66 73
9 29 36 39 49 52 59 73
9 29 36 52 59 69 73 79
9 29 39 42 46 49 59 76
9 29 42 46 59 69 76 79
9 29 46 59 62 63 69 76
9 29 52 56 59 66 69 73
9 30 33 36 48 57 66 75
9 30 33 36 51 60 69 78
9 30 36 39 48 51 57 75
9 30 36 42 45 51 57 72
9 30 39 48 57 63 75 78
9 30 42 45 57 63 72 78
9 30 45 54 57 63 69 72
9 30 48 57 60 63 66 75
9 31 34 42 50 55 69 74
9 31 34 42 53 58 63 77
9 31 36 42 50 53 55 74
9 31 36 50 55 66 74 77
9 31 39 42 47 53 55 80
9 31 39 47 55 66 77 80
9 31 47 55 61 63 66 80
9 31 50 55 58 66 69 74
9 32 35 39 46 56 66 76
9 32 35 39 52 62 63 73
9 32 36 39 46 49 62 79
9 32 36 49 62 69 76 79
9 32 39 42 46 52 62 73
9 32 42 52 62 69 73 76
9 32 49 59 62 66 69 79
9 32 52 56 62 63 69 73
9 33 36 39 45 48 60 72
9 33 36 42 48 51 60 78
9 33 39 45 60 63 72 75
9 33 42 51 60 63 75 78
9 33 45 54 60 63 66 72
9 33 51 57 60 63 69 78
9 34 36 42 47 50 58 80
9 34 36 47 58 66 74 80
9 34 39 42 50 53 58 77
9 34 39 53 58 66 74 77
9 34 47 58 61 66 69 80
9 34 53 55 58 63 66 77
9 35 36 39 46 52 56 76
9 35 36 46 56 69 73 76
9 35 39 42 49 52 56 79
9 35 42 49 56 69 73 79
9 35 46 56 62 66 69 76
9 35 49 56 59 63 69 79
9 36 37 38 42 43 68 71
9 36 37 38 42 44 64 67
9 36 37 39 40 41 65 68
9 36 37 39 41 44 67 70
9 36 37 39 43 44 68 71
9 36 37 40 42 44 65 68
9 36 38 39 40 41 64 70
9 36 38 39 40 43 65 71
9 36 38 39 43 44 64 67
9 36 38 41 42 43 64 70
9 36 40 41 42 43 65 71
9 36 40 41 42 44 67 70
9 37 38 39 40 42 65 68
9 37 38 39 41 42 64 70
9 37 39 41 42 43 68 71
9 37 40 63 64 65 69 71
9 37 40 63 65 66 70 71
9 37 40 65 66 67 69 71
9 37 43 63 65 66 67 68
9 37 43 63 65 68 69 70
9 37 43 64 65 66 68 69
9 38 39 40 42 44 64 67
9 38 41 63 64 66 67 68
9 38 41 63 64 67 69 71
9 38 41 64 65 66 67 69
9 38 44 63 65 66 67 70
9 38 44 63 67 68 69 70
9 38 44 66 67 69 70 71
9 39 40 42 43 44 65 71
9 39 41 42 43 44 67 70
9 40 43 63 64 66 68 71
9 40 43 63 67 68 69 71
9 40 43 66 68 69 70 71
9 41 44 63 64 65 69 70
9 41 44 63 64 66 70 71
9 41 44 64 66 68 69 70
10 11 12 13 15 36 65 68
10 11 12 13 15 38 41 63
10 11 12 13 15 38 44 66
10 11 12 13 15 39 65 71
10 11 12 13 15 41 44 69
10 11 12 13 15 42 68 71
10 11 12 13 17 36 39 68
10 11 12 13 17 36 42 71
10 11 12 13 17 38 66 69
10 11 12 13 17 39 42 65
10 11 12 13 17 41 63 66
10 11 12 13 17 44 63 69
10 11 12 14 15 36 64 70
10 11 12 14 15 37 40 69
10 11 12 14 15 37 43 63
10 11 12 14 15 39 67 70
10 11 12 14 15 40 43 66
10 11 12 14 15 42 64 67
10 11 12 14 16 36 39 71
10 11 12 14 16 36 42 65
10 11 12 14 16 38 63 69
10 11 12 14 16 39 42 68
10 11 12 14 16 41 66 69
10 11 12 14 16 44 63 66
10 11 12 15 17 37 40 68
10 11 12 15 17 37 43 71
10 11 12 15 17 38 67 70
10 11 12 15 17 40 43 65
10 11 12 15 17 41 64 67
10 11 12 15 17 44 64 70
10 11 12 16 17 36 39 70
10 11 12 16 17 36 42 64
10 11 12 16 17 37 63 69
10 11 12 16 17 39 42 67
10 11 12 16 17 40 66 69
10 11 12 16 17 43 63 66
10 11 13 14 15 36 39 67
10 11 13 14 15 36 42 70
10 11 13 14 15 37 66 69
10 11 13 14 15 39 42 64
10 11 13 14 15 40 63 66
10 11 13 14 15 43 63 69
10 11 13 14 36 39 64 71
10 11 13 14 36 42 65 67
10 11 13 14 37 44 63 66
10 11 13 14 38 40 63 69
10 11 13 14 39 42 68 70
10 11 13 14 41 43 66 69
10 11 13 17 36 39 67 71
10 11 13 17 36 42 65 70
10 11 13 17 37 41 66 69
10 11 13 17 38 43 63 69
10 11 13 17 39 42 64 68
10 11 13 17 40 44 63 66
10 11 14 16 36 39 64 65
10 11 14 16 36 42 67 68
10 11 14 16 37 38 63 66
10 11 14 16 39 42 70 71
10 11 14 16 40 41 63 69
10 11 14 16 43 44 66 69
10 11 15 16 17 36 39 71
10 11 15 16 17 36 42 65
10 11 15 16 17 38 63 69
10 11 15 16 17 39 42 68
10 11 15 16 17 41 66 69
10 11 15 16 17 44 63 66
10 11 16 17 36 39 65 67
10 11 16 17 36 42 68 70
10 11 16 17 37 44 66 69
10 11 16 17 38 40 63 66
10 11 16 17 39 42 64 71
10 11 16 17 41 43 63 69
10 11 36 39 64 65 68 70
10 11 36 42 64 67 68 71
10 11 37 38 41 43 63 66
10 11 37 40 41 44 63 69
10 11 38 40 43 44 66 69
10 11 39 42 65 67 70 71
10 12 13 14 15 37 65 71
10 12 13 14 15 38 41 70
10 12 13 14 15 38 44 64
10 12 13 14 15 40 68 71
10 12 13 14 15 41 44 67
10 12 13 14 15 43 65 68
10 12 13 14 17 36 39 64
10 12 13 14 17 36 42 67
10 12 13 14 17 37 63 66
10 12 13 14 17 39 42 70
10 12 13 14 17 40 63 69
10 12 13 14 17 43 66 69
10 12 13 15 36 40 65 71
10 12 13 15 37 42 65 68
10 12 13 15 38 41 64 69
10 12 13 15 38 44 63 67
10 12 13 15 39 43 68 71
10 12 13 15 41 44 66 70
10 12 14 15 16 36 68 71
10 12 14 15 16 38 41 66
10 12 14 15 16 38 44 69
10 12 14 15 16 39 65 68
10 12 14 15 16 41 44 63
10 12 14 15 16 42 65 71
10 12 15 16 17 37 65 71
10 12 15 16 17 38 41 70
10 12 15 16 17 38 44 64
10 12 15 16 17 40 68 71
10 12 15 16 17 41 44 67
10 12 15 16 17 43 65 68
10 12 15 16 36 37 65 68
10 12 15 16 38 41 63 64
10 12 15 16 38 44 66 67
10 12 15 16 39 40 65 71
10 12 15 16 41 44 69 70
10 12 15 16 42 43 68 71
10 12 36 37 39 40 68 71
10 12 36 37 42 43 65 71
10 12 38 41 66 67 69 70
10 12 38 44 63 64 69 70
10 12 39 40 42 43 65 68
10 12 41 44 63 64 66 67
10 13 14 15 17 36 39 68
10 13 14 15 17 36 42 71
10 13 14 15 17 38 66 69
10 13 14 15 17 39 42 65
10 13 14 15 17 41 63 66
10 13 14 15 17 44 63 69
10 13 14 17 36 39 70 71
10 13 14 17 36 42 64 65
10 13 14 17 37 38 63 69
10 13 14 17 39 42 67 68
10 13 14 17 40 41 66 69
10 13 14 17 43 44 63 66
10 13 18 32 43 45 56 75
10 13 18 32 43 51 56 59
10 13 18 32 56 67 75 78
10 13 18 35 37 48 59 75
10 13 18 35 37 51 56 59
10 13 18 35 59 70 72 75
10 13 19 28 40 46 55 61
10 13 19 28 40 52 55 73
10 13 19 28 55 67 73 79
10 13 19 34 37 46 55 61
10 13 19 34 37 49 61 73
10 13 19 34 61 64 73 76
10 13 20 27 40 50 57 60
10 13 20 27 40 53 57 80
10 13 20 27 57 70 74 80
10 13 20 30 43 47 60 80
10 13 20 30 43 50 57 60
10 13 20 30 60 64 77 80
10 13 21 29 43 45 56 62
10 13 21 29 43 48 62 78
10 13 21 29 62 67 72 78
10 13 21 32 37 45 56 62
10 13 21 32 37 51 56 78
10 13 21 32 56 70 75 78
10 13 22 31 37 49 58 61
10 13 22 31 37 52 58 76
10 13 22 31 58 64 76 79
10 13 22 34 40 46 61 76
10 13 22 34 40 49 58 61
10 13 22 34 61 67 73 76
10 13 23 27 43 50 57 74
10 13 23 27 43 53 54 57
10 13 23 27 57 64 74 80
10 13 23 33 40 47 54 74
10 13 23 33 40 53 54 57
10 13 23 33 54 70 74 77
10 13 24 29 37 45 62 72
10 13 24 29 37 48 59 62
10 13 24 29 62 70 72 78
10 13 24 35 43 48 59 62
10 13 24 35 43 51 59 72
10 13 24 35 59 67 72 75
10 13 25 28 37 46 55 79
10 13 25 28 37 52 55 58
10 13 25 28 55 64 73 79
10 13 25 31 40 49 58 79
10 13 25 31 40 52 55 58
10 13 25 31 58 67 76 79
10 13 26 30 40 47 54 60
10 13 26 30 40 50 60 77
10 13 26 30 60 70 77 80
10 13 26 33 43 47 54 60
10 13 26 33 43 53 54 77
10 13 26 33 54 64 74 77
10 13 36 37 38 39 41 71
10 13 36 37 38 42 44 63
10 13 36 37 39 41 44 66
10 13 36 37 41 42 44 65
10 13 36 38 39 40 41 69
10 13 36 38 39 40 44 71
10 13 36 38 39 41 63 68
10 13 36 38 39 43 44 63
10 13 36 38 39 44 66 68
10 13 36 38 40 41 42 65
10 13 36 38 41 42 43 69
10 13 36 38 41 42 63 71
10 13 36 38 42 43 44 65
10 13 36 38 42 44 66 71
10 13 36 38 65 66 68 69
10 13 36 39 41 43 44 71
10 13 36 39 41 44 68 69
10 13 36 40 41 42 44 66
10 13 36 41 42 44 69 71
10 13 36 41 63 65 66 68
10 13 36 44 63 65 68 69
10 13 36 63 64 65 69 71
10 13 36 63 65 66 70 71
10 13 36 65 66 67 69 71
10 13 37 38 39 41 42 69
10 13 37 38 39 42 44 68
10 13 38 39 40 42 44 63
10 13 38 39 41 42 43 68
10 13 38 39 41 42 63 65
10 13 38 39 42 44 65 66
10 13 38 39 65 66 69 71
10 13 38 42 66 68 69 71
10 13 38 63 64 68 69 71
10 13 38 63 65 67 68 69
10 13 38 63 65 69 70 71
10 13 39 40 41 42 44 68
10 13 39 41 42 43 44 66
10 13 39 41 42 44 65 69
10 13 39 41 63 65 66 71
10 13 39 44 63 65 69 71
10 13 39 63 64 66 68 71
10 13 39 63 67 68 69 71
10 13 39 66 68 69 70 71
10 13 41 42 63 66 68 71
10 13 41 64 65 66 69 71
10 13 41 65 66 68 69 70
10 13 41 66 67 68 69 71
10 13 42 44 63 68 69 71
10 13 42 63 65 66 67 68
10 13 42 63 65 68 69 70
10 13 42 64 65 66 68 69
10 13 44 63 64 65 66 68
10 13 44 63 65 66 67 71
10 13 44 63 66 68 70 71
10 14 15 16 17 36 39 64
10 14 15 16 17 36 42 67
10 14 15 16 17 37 63 66
10 14 15 16 17 39 42 70
10 14 15 16 17 40 63 69
10 14 15 16 17 43 66 69
10 14 16 17 36 39 65 70
10 14 16 17 36 42 64 68
10 14 16 17 37 41 63 69
10 14 16 17 38 43 63 66
10 14 16 17 39 42 67 71
10 14 16 17 40 44 66 69
10 14 36 39 65 67 68 70
10 14 36 42 64 68 70 71
10 14 37 38 40 44 66 69
10 14 37 41 43 44 63 69
10 14 38 40 41 43 63 66
10 14 39 42 64 65 67 71
10 15 36 37 39 43 68 71
10 15 36 40 42 43 65 71
10 15 37 39 40 42 65 68
10 15 38 41 64 66 67 69
10 15 38 44 63 67 69 70
10 15 41 44 63 64 66 70
10 16 18 29 43 48 62 75
10 16 18 29 43 51 59 62
10 16 18 29 62 67 72 75
10 16 18 35 40 45 59 75
10 16 18 35 40 51 59 62
10 16 18 35 59 64 75 78
10 16 19 28 43 46 55 58
10 16 19 28 43 49 55 73
10 16 19 28 55 70 73 76
10 16 19 31 37 46 55 58
10 16 19 31 37 52 58 73
10 16 19 31 58 64 73 79
10 16 20 30 37 50 54 60
10 16 20 30 37 53 60 80
10 16 20 30 60 67 74 80
10 16 20 33 40 47 54 80
10 16 20 33 40 50 54 60
10 16 20 33 54 70 77 80
10 16 21 32 40 45 56 59
10 16 21 32 40 48 56 78
10 16 21 32 56 64 72 78
10 16 21 35 43 45 56 59
10 16 21 35 43 51 59 78
10 16 21 35 59 67 75 78
10 16 22 28 37 46 55 76
10 16 22 28 37 49 55 61
10 16 22 28 55 64 73 76
10 16 22 34 43 49 55 61
10 16 22 34 43 52 61 76
10 16 22 34 61 70 76 79
10 16 23 27 37 47 57 74
10 16 23 27 37 53 57 60
10 16 23 27 57 67 74 77
10 16 23 30 40 50 60 74
10 16 23 30 40 53 57 60
10 16 23 30 60 70 74 80
10 16 24 29 40 48 56 62
10 16 24 29 40 51 62 72
10 16 24 29 62 64 72 75
10 16 24 32 43 45 56 72
10 16 24 32 43 48 56 62
10 16 24 32 56 67 72 78
10 16 25 31 43 46 58 79
10 16 25 31 43 52 58 61
10 16 25 31 58 70 73 79
10 16 25 34 37 49 61 79
10 16 25 34 37 52 58 61
10 16 25 34 61 64 76 79
10 16 26 27 40 47 54 57
10 16 26 27 40 53 57 77
10 16 26 27 57 70 74 77
10 16 26 33 37 47 54 57
10 16 26 33 37 50 54 77
10 16 26 33 54 67 77 80
10 16 36 37 38 39 41 65
10 16 36 37 38 42 44 66
10 16 36 37 39 41 44 69
10 16 36 37 41 42 44 68
10 16 36 38 39 40 41 63
10 16 36 38 39 40 44 65
10 16 36 38 39 41 66 71
10 16 36 38 39 43 44 66
10 16 36 38 39 44 69 71
10 16 36 38 40 41 42 68
10 16 36 38 41 42 43 63
10 16 36 38 41 42 65 66
10 16 36 38 42 43 44 68
10 16 36 38 42 44 65 69
10 16 36 38 63 68 69 71
10 16 36 39 41 43 44 65
10 16 36 39 41 44 63 71
10 16 36 40 41 42 44 69
10 16 36 41 42 44 63 65
10 16 36 41 66 68 69 71
10 16 36 44 63 66 68 71
10 16 36 63 65 66 67 68
10 16 36 63 65 68 69 70
10 16 36 64 65 66 68 69
10 16 37 38 39 41 42 63
10 16 37 38 39 42 44 71
10 16 38 39 40 42 44 66
10 16 38 39 41 42 43 71
10 16 38 39 41 42 66 68
10 16 38 39 42 44 68 69
10 16 38 39 63 65 68 69
10 16 38 42 63 65 69 71
10 16 38 63 64 65 66 68
10 16 38 63 65 66 67 71
10 16 38 63 66 68 70 71
10 16 39 40 41 42 44 71
10 16 39 41 42 43 44 69
10 16 39 41 42 44 63 68
10 16 39 41 65 66 68 69
10 16 39 44 63 65 66 68
10 16 39 63 64 65 69 71
10 16 39 63 65 66 70 71
10 16 39 65 66 67 69 71
10 16 41 42 65 66 69 71
10 16 41 63 64 68 69 71
10 16 41 63 65 67 68 69
10 16 41 63 65 69 70 71
10 16 42 44 63 65 66 71
10 16 42 63 64 66 68 71
10 16 42 63 67 68 69 71
10 16 42 66 68 69 70 71
10 16 44 64 65 66 69 71
10 16 44 65 66 68 69 70
10 16 44 66 67 68 69 71
10 17 36 39 64 65 67 68
10 17 36 42 67 68 70 71
10 17 37 38 40 41 63 66
10 17 37 38 43 44 66 69
10 17 39 42 64 65 70 71
10 17 40 41 43 44 63 69
10 18 21 32 35 43 56 75
10 18 21 32 35 43 59 78
10 18 21 32 37 56 70 78
10 18 21 35 40 59 64 75
10 18 24 29 35 43 59 72
10 18 24 29 35 43 62 75
10 18 24 29 40 62 64 72
10 18 24 35 37 59 70 75
10 18 29 35 40 51 59 64
10 18 29 35 40 62 67 75
10 18 29 35 48 51 62 67
10 18 29 43 48 51 62 64
10 18 29 48 59 62 67 75
10 18 29 51 62 64 67 72
10 18 32 35 37 51 59 70
10 18 32 35 37 56 67 75
10 18 32 35 45 51 56 67
10 18 32 43 45 51 56 70
10 18 32 45 56 59 67 75
10 18 32 51 56 67 70 78
10 18 35 43 45 56 59 78
10 18 35 43 48 59 62 72
10 19 22 28 34 37 55 76
10 19 22 28 34 37 61 73
10 19 22 28 43 55 70 73
10 19 22 34 40 61 67 76
10 19 25 28 31 37 55 79
10 19 25 28 31 37 58 73
10 19 25 28 40 55 67 73
10 19 25 31 43 58 70 79
10 19 28 31 43 46 55 70
10 19 28 31 43 58 64 73
10 19 28 31 46 52 58 64
10 19 28 34 40 46 55 67
10 19 28 34 40 61 64 73
10 19 28 34 46 49 61 64
10 19 28 37 49 55 61 76
10 19 28 37 52 55 58 79
10 19 31 37 46 52 58 70
10 19 31 46 58 64 70 79
10 19 31 52 55 58 64 73
10 19 34 37 46 49 61 67
10 19 34 46 61 64 67 76
10 19 34 49 55 61 64 73
10 20 23 27 30 40 57 80
10 20 23 27 30 40 60 74
10 20 23 27 43 57 64 74
10 20 23 30 37 60 67 80
10 20 26 30 33 40 54 80
10 20 26 30 33 40 60 77
10 20 26 30 43 60 64 80
10 20 26 33 37 54 67 77
10 20 27 30 43 50 60 64
10 20 27 30 43 57 70 80
10 20 27 30 50 53 57 70
10 20 27 40 50 53 57 64
10 20 27 50 57 64 70 74
10 20 27 53 57 60 70 80
10 20 30 33 37 50 60 67
10 20 30 33 37 54 70 80
10 20 30 33 47 50 54 70
10 20 30 40 47 54 60 77
10 20 30 40 53 57 60 74
10 20 33 40 47 50 54 67
10 20 33 47 54 60 70 80
10 20 33 50 54 67 70 77
10 21 24 29 32 43 56 72
10 21 24 29 32 43 62 78
10 21 24 29 37 62 70 72
10 21 24 32 40 56 64 78
10 21 29 32 37 45 56 70
10 21 29 32 37 62 67 78
10 21 29 32 45 48 62 67
10 21 29 43 45 48 62 70
10 21 29 45 62 67 70 72
10 21 29 48 56 62 67 78
10 21 32 35 40 45 56 64
10 21 32 35 40 59 67 78
10 21 32 35 45 51 59 67
10 21 32 43 48 56 62 72
10 21 32 43 51 56 59 75
10 21 35 43 45 51 59 64
10 21 35 45 59 64 67 75
10 21 35 51 56 59 67 78
10 22 25 31 34 37 58 76
10 22 25 31 34 37 61 79
10 22 25 31 40 58 67 79
10 22 25 34 43 61 70 76
10 22 28 34 43 49 61 70
10 22 28 34 43 55 64 76
10 22 28 34 46 49 55 64
10 22 28 37 46 49 55 70
10 22 28 46 55 61 64 76
10 22 28 49 55 64 70 73
10 22 31 34 40 49 61 67
10 22 31 34 40 58 64 76
10 22 31 34 49 52 58 64
10 22 31 37 49 52 58 67
10 22 31 49 58 64 67 79
10 22 31 52 58 61 64 76
10 22 34 37 46 55 61 73
10 22 34 37 52 58 61 79
10 23 26 27 33 40 54 74
10 23 26 27 33 40 57 77
10 23 26 27 37 57 67 74
10 23 26 33 43 54 64 77
10 23 27 30 37 53 57 67
10 23 27 30 37 60 70 74
10 23 27 30 50 53 60 70
10 23 27 33 43 53 57 64
10 23 27 33 43 54 70 74
10 23 27 33 47 53 54 70
10 23 27 40 47 54 57 77
10 23 27 40 50 57 60 80
10 23 30 40 50 53 60 67
10 23 30 50 57 60 70 74
10 23 30 53 60 67 70 80
10 23 33 40 47 53 54 64
10 23 33 47 54 57 70 74
10 23 33 53 54 64 70 77
10 24 29 32 40 48 62 64
10 24 29 32 40 56 67 72
10 24 29 32 45 48 56 67
10 24 29 35 37 48 62 70
10 24 29 35 37 59 67 72
10 24 29 35 48 51 59 67
10 24 29 43 45 56 62 78
10 24 29 43 51 59 62 75
10 24 32 43 45 48 56 64
10 24 32 45 56 62 67 72
10 24 32 48 56 64 67 78
10 24 35 43 48 51 59 70
10 24 35 48 59 67 70 75
10 24 35 51 59 62 67 72
10 25 28 31 40 52 58 67
10 25 28 31 40 55 64 79
10 25 28 31 46 52 55 64
10 25 28 37 46 52 55 67
10 25 28 46 55 58 64 79
10 25 28 52 55 64 67 73
10 25 31 34 43 52 58 70
10 25 31 34 43 61 64 79
10 25 31 34 49 52 61 64
10 25 31 37 46 55 58 73
10 25 31 37 49 58 61 76
10 25 34 37 49 52 61 70
10 25 34 49 58 61 64 79
10 25 34 52 61 64 70 76
10 26 27 33 37 47 54 67
10 26 27 33 37 57 70 77
10 26 27 33 47 53 57 70
10 26 27 40 47 53 57 67
10 26 27 47 57 67 70 74
10 26 27 53 54 57 70 77
10 26 30 33 43 47 54 64
10 26 30 33 43 60 70 77
10 26 30 33 47 50 60 70
10 26 30 40 47 50 60 64
10 26 30 47 60 64 70 80
10 26 30 50 54 60 70 77
10 26 33 40 50 54 60 80
10 26 33 40 53 54 57 74
10 27 30 40 50 57 64 80
10 27 30 40 53 60 67 74
10 27 33 40 47 57 67 77
10 27 33 40 53 54 64 74
10 27 37 40 47 53 57 77
10 27 37 47 57 70 74 77
10 27 40 43 50 53 57 80
10 27 43 50 57 70 74 80
10 27 47 54 57 67 70 77
10 27 50 57 60 64 70 80
10 28 31 37 46 58 70 73
10 28 31 37 52 55 67 79
10 28 34 37 46 61 67 73
10 28 34 37 49 55 70 76
10 28 37 40 46 52 55 79
10 28 37 43 46 49 55 76
10 28 40 52 55 64 73 79
10 28 43 49 55 64 73 76
10 28 49 55 61 64 70 76
10 28 52 55 58 64 67 79
10 29 32 43 45 62 70 78
10 29 32 43 48 56 64 72
10 29 35 43 48 59 70 72
10 29 35 43 51 62 64 75
10 29 37 43 45 48 62 78
10 29 37 45 62 67 72 78
10 29 40 43 48 51 62 75
10 29 40 51 62 67 72 75
10 29 45 56 62 67 70 78
10 29 51 59 62 64 67 75
10 30 33 40 47 60 64 77
10 30 33 40 50 54 67 80
10 30 37 40 50 53 60 74
10 30 37 53 60 70 74 80
10 30 40 43 47 50 60 77
10 30 43 47 60 70 77 80
10 30 47 54 60 64 70 77
10 30 53 57 60 67 70 74
10 31 34 37 49 58 67 76
10 31 34 37 52 61 70 79
10 31 37 40 49 52 58 76
10 31 37 43 46 52 58 73
10 31 40 49 58 64 76 79
10 31 43 46 58 64 73 79
10 31 46 55 58 64 70 73
10 31 49 58 61 64 67 76
10 32 35 43 45 59 64 78
10 32 35 43 51 56 70 75
10 32 37 43 45 51 56 75
10 32 37 51 56 67 75 78
10 32 40 43 45 48 56 72
10 32 40 48 56 67 72 78
10 32 48 56 62 64 67 72
10 32 51 56 59 67 70 75
10 33 37 40 47 50 54 80
10 33 37 50 54 70 77 80
10 33 40 43 47 53 54 74
10 33 43 53 54 70 74 77
10 33 50 54 60 67 70 80
10 33 53 54 57 64 70 74
10 34 37 40 46 49 61 73
10 34 37 43 49 52 61 79
10 34 40 46 61 64 73 76
10 34 43 52 61 64 76 79
10 34 46 55 61 64 67 73
10 34 52 58 61 64 70 79
10 35 37 43 48 51 59 72
10 35 37 48 59 67 72 75
10 35 40 43 45 51 59 78
10 35 40 45 59 67 75 78
10 35 45 56 59 64 67 78
10 35 48 59 62 67 70 72
10 36 37 38 39 43 65 68
10 36 37 38 40 42 68 71
10 36 37 38 40 44 63 69
10 36 37 38 41 43 66 69
10 36 37 39 40 44 65 68
10 36 37 41 42 43 68 71
10 36 39 40 41 43 65 68
10 36 39 63 67 68 70 71
10 36 39 64 66 67 68 71
10 36 39 64 68 69 70 71
10 36 40 41 43 44 63 66
10 36 40 42 43 44 68 71
10 36 42 63 64 65 67 71
10 36 42 64 65 66 70 71
10 36 42 65 67 69 70 71
10 37 38 39 43 44 63 69
10 37 38 40 41 42 66 69
10 37 39 40 41 42 65 71
10 37 39 40 41 44 63 66
10 37 39 42 43 44 65 71
10 37 41 42 43 44 63 66
10 38 39 40 41 43 66 69
10 38 39 40 42 43 65 71
10 38 40 42 43 44 63 69
10 38 41 63 64 65 66 70
10 38 41 63 64 66 67 71
10 38 41 63 66 67 68 70
10 38 44 64 66 67 68 69
10 38 44 64 66 69 70 71
10 38 44 65 66 67 69 70
10 39 42 63 64 65 68 70
10 39 42 64 65 67 68 69
10 39 42 65 66 67 68 70
10 41 44 63 64 65 67 69
10 41 44 63 64 68 69 70
10 41 44 63 67 69 70 71
11 12 13 14 16 36 39 67
11 12 13 14 16 36 42 70
11 12 13 14 16 37 66 69
11 12 13 14 16 39 42 64
11 12 13 14 16 40 63 66
11 12 13 14 16 43 63 69
11 12 13 15 16 37 65 71
11 12 13 15 16 38 41 70
11 12 13 15 16 38 44 64
11 12 13 15 16 40 68 71
11 12 13 15 16 41 44 67
11 12 13 15 16 43 65 68
11 12 13 15 17 36 64 67
11 12 13 15 17 37 40 63
11 12 13 15 17 37 43 66
11 12 13 15 17 39 64 70
11 12 13 15 17 40 43 69
11 12 13 15 17 42 67 70
11 12 14 15 16 37 40 68
11 12 14 15 16 37 43 71
11 12 14 15 16 38 67 70
11 12 14 15 16 40 43 65
11 12 14 15 16 41 64 67
11 12 14 15 16 44 64 70
11 12 14 15 36 38 64 67
11 12 14 15 37 40 63 65
11 12 14 15 37 43 66 68
11 12 14 15 39 41 64 70
11 12 14 15 40 43 69 71
11 12 14 15 42 44 67 70
11 12 15 17 36 44 67 70
11 12 15 17 37 40 65 66
11 12 15 17 37 43 68 69
11 12 15 17 38 39 64 67
11 12 15 17 40 43 63 71
11 12 15 17 41 42 64 70
11 12 36 38 41 42 64 70
11 12 36 39 41 44 67 70
11 12 37 40 65 66 69 71
11 12 37 43 63 65 68 69
11 12 38 39 42 44 64 67
11 12 40 43 63 66 68 71
11 13 14 15 16 36 39 65
11 13 14 15 16 36 42 68
11 13 14 15 16 38 63 66
11 13 14 15 16 39 42 71
11 13 14 15 16 41 63 69
11 13 14 15 16 44 66 69
11 13 14 16 36 39 64 68
11 13 14 16 36 42 67 71
11 13 14 16 37 41 63 66
11 13 14 16 38 43 66 69
11 13 14 16 39 42 65 70
11 13 14 16 40 44 63 69
11 13 15 16 17 36 39 70
11 13 15 16 17 36 42 64
11 13 15 16 17 37 63 69
11 13 15 16 17 39 42 67
11 13 15 16 17 40 66 69
11 13 15 16 17 43 63 66
11 13 16 17 36 39 67 68
11 13 16 17 36 42 70 71
11 13 16 17 37 38 66 69
11 13 16 17 39 42 64 65
11 13 16 17 40 41 63 66
11 13 16 17 43 44 63 69
11 13 36 39 64 65 70 71
11 13 36 42 64 65 67 68
11 13 37 38 40 41 63 69
11 13 37 38 43 44 63 66
11 13 39 42 67 68 70 71
11 13 40 41 43 44 66 69
11 14 18 31 41 48 55 61
11 14 18 31 41 51 61 78
11 14 18 31 61 71 72 78
11 14 18 34 44 45 55 78
11 14 18 34 44 48 55 61
11 14 18 34 55 65 75 78
11 14 19 27 38 49 60 76
11 14 19 27 38 52 57 60
11 14 19 27 60 71 73 76
11 14 19 33 44 46 57 76
11 14 19 33 44 52 57 60
11 14 19 33 57 68 76 79
11 14 20 29 41 47 56 62
11 14 20 29 41 53 56 74
11 14 20 29 56 68 74 80
11 14 20 35 38 47 56 62
11 14 20 35 38 50 62 74
11 14 20 35 62 65 74 77
11 14 21 28 41 45 58 72
11 14 21 28 41 51 58 61
11 14 21 28 58 71 72 75
11 14 21 31 44 48 61 72
11 14 21 31 44 51 58 61
11 14 21 31 61 65 72 78
11 14 22 30 44 46 54 57
11 14 22 30 44 49 54 79
11 14 22 30 54 68 73 79
11 14 22 33 38 46 54 57
11 14 22 33 38 52 57 79
11 14 22 33 57 71 76 79
11 14 23 32 38 50 59 62
11 14 23 32 38 53 59 77
11 14 23 32 59 65 77 80
11 14 23 35 41 47 62 77
11 14 23 35 41 50 59 62
11 14 23 35 62 68 74 77
11 14 24 28 44 45 55 58
11 14 24 28 44 51 58 75
11 14 24 28 58 65 72 75
11 14 24 34 41 45 55 58
11 14 24 34 41 48 55 75
11 14 24 34 55 71 75 78
11 14 25 27 44 49 54 60
11 14 25 27 44 52 60 73
11 14 25 27 60 68 73 76
11 14 25 30 38 46 54 73
11 14 25 30 38 49 54 60
11 14 25 30 54 71 73 79
11 14 26 29 38 47 56 80
11 14 26 29 38 53 56 59
11 14 26 29 56 65 74 80
11 14 26 32 41 50 59 80
11 14 26 32 41 53 56 59
11 14 26 32 59 68 77 80
11 14 36 37 38 39 43 64
11 14 36 37 38 40 42 67
11 14 36 37 38 42 43 66
11 14 36 37 39 40 41 63
11 14 36 37 39 40 44 64
11 14 36 37 39 40 67 69
11 14 36 37 39 43 44 66
11 14 36 37 39 43 63 67
11 14 36 37 40 42 44 63
11 14 36 37 40 42 69 70
11 14 36 37 41 42 43 67
11 14 36 37 42 43 63 70
11 14 36 37 64 66 69 70
11 14 36 38 39 40 43 69
11 14 36 39 40 41 43 64
11 14 36 39 40 43 66 67
11 14 36 40 41 42 43 69
11 14 36 40 42 43 44 67
11 14 36 40 42 43 66 70
11 14 36 40 63 64 66 70
11 14 36 43 63 64 69 70
11 14 36 63 64 66 67 68
11 14 36 63 64 67 69 71
11 14 36 64 65 66 67 69
11 14 37 38 39 40 42 63
11 14 37 39 40 41 42 70
11 14 37 39 40 42 64 69
11 14 37 39 41 42 43 66
11 14 37 39 42 43 44 70
11 14 37 39 42 43 63 64
11 14 37 39 66 67 69 70
11 14 37 42 64 66 67 69
11 14 37 63 64 65 66 70
11 14 37 63 64 66 67 71
11 14 37 63 66 67 68 70
11 14 38 39 40 42 43 70
11 14 39 40 42 43 44 69
11 14 39 40 42 43 64 66
11 14 39 40 63 66 67 70
11 14 39 43 63 67 69 70
11 14 39 63 64 65 69 70
11 14 39 63 64 66 70 71
11 14 39 64 66 68 69 70
11 14 40 42 63 64 66 67
11 14 40 63 64 65 67 69
11 14 40 63 64 68 69 70
11 14 40 63 67 69 70 71
11 14 42 43 63 64 67 69
11 14 42 63 65 66 67 70
11 14 42 63 67 68 69 70
11 14 42 66 67 69 70 71
11 14 43 64 66 67 68 69
11 14 43 64 66 69 70 71
11 14 43 65 66 67 69 70
11 15 36 38 39 41 67 70
11 15 36 38 42 44 64 70
11 15 37 40 66 68 69 71
11 15 37 43 63 65 69 71
11 15 39 41 42 44 64 67
11 15 40 43 63 65 66 68
11 16 36 39 64 68 70 71
11 16 36 42 64 65 67 71
11 16 37 38 40 44 63 69
11 16 37 41 43 44 63 66
11 16 38 40 41 43 66 69
11 16 39 42 65 67 68 70
11 17 18 28 41 45 58 78
11 17 18 28 41 48 55 58
11 17 18 28 58 71 75 78
11 17 18 34 38 48 55 58
11 17 18 34 38 51 55 78
11 17 18 34 55 68 72 78
11 17 19 27 41 46 60 76
11 17 19 27 41 52 54 60
11 17 19 27 60 65 76 79
11 17 19 30 44 49 54 76
11 17 19 30 44 52 54 60
11 17 19 30 54 68 73 76
11 17 20 29 44 47 56 59
11 17 20 29 44 50 56 74
11 17 20 29 56 71 74 77
11 17 20 32 38 47 56 59
11 17 20 32 38 53 59 74
11 17 20 32 59 65 74 80
11 17 21 31 38 45 61 72
11 17 21 31 38 51 55 61
11 17 21 31 61 68 72 75
11 17 21 34 41 48 55 72
11 17 21 34 41 51 55 61
11 17 21 34 55 71 72 78
11 17 22 27 44 46 57 60
11 17 22 27 44 52 60 79
11 17 22 27 60 68 76 79
11 17 22 33 41 46 57 60
11 17 22 33 41 49 57 79
11 17 22 33 57 65 73 79
11 17 23 29 38 47 56 77
11 17 23 29 38 50 56 62
11 17 23 29 56 65 74 77
11 17 23 35 44 50 56 62
11 17 23 35 44 53 62 77
11 17 23 35 62 71 77 80
11 17 24 28 38 45 58 61
11 17 24 28 38 48 58 75
11 17 24 28 58 68 75 78
11 17 24 31 41 45 58 61
11 17 24 31 41 51 61 75
11 17 24 31 61 71 72 75
11 17 25 30 41 49 54 57
11 17 25 30 41 52 54 73
11 17 25 30 54 65 73 76
11 17 25 33 44 46 57 73
11 17 25 33 44 49 54 57
11 17 25 33 57 68 73 79
11 17 26 32 44 47 59 80
11 17 26 32 44 53 59 62
11 17 26 32 59 71 74 80
11 17 26 35 38 50 62 80
11 17 26 35 38 53 59 62
11 17 26 35 62 65 77 80
11 17 36 37 38 39 43 67
11 17 36 37 38 40 42 70
11 17 36 37 38 42 43 69
11 17 36 37 39 40 41 66
11 17 36 37 39 40 44 67
11 17 36 37 39 40 63 70
11 17 36 37 39 43 44 69
11 17 36 37 39 43 66 70
11 17 36 37 40 42 44 66
11 17 36 37 40 42 63 64
11 17 36 37 41 42 43 70
11 17 36 37 42 43 64 66
11 17 36 37 63 64 67 69
11 17 36 38 39 40 43 63
11 17 36 39 40 41 43 67
11 17 36 39 40 43 69 70
11 17 36 40 41 42 43 63
11 17 36 40 42 43 44 70
11 17 36 40 42 43 64 69
11 17 36 40 64 66 67 69
11 17 36 43 63 64 66 67
11 17 36 63 65 66 67 70
11 17 36 63 67 68 69 70
11 17 36 66 67 69 70 71
11 17 37 38 39 40 42 66
11 17 37 39 40 41 42 64
11 17 37 39 40 42 63 67
11 17 37 39 41 42 43 69
11 17 37 39 42 43 44 64
11 17 37 39 42 43 66 67
11 17 37 39 63 64 69 70
11 17 37 42 63 67 69 70
11 17 37 64 66 67 68 69
11 17 37 64 66 69 70 71
11 17 37 65 66 67 69 70
11 17 38 39 40 42 43 64
11 17 39 40 42 43 44 63
11 17 39 40 42 43 67 69
11 17 39 40 64 66 69 70
11 17 39 43 63 64 66 70
11 17 39 63 64 66 67 68
11 17 39 63 64 67 69 71
11 17 39 64 65 66 67 69
11 17 40 42 66 67 69 70
11 17 40 63 64 65 66 70
11 17 40 63 64 66 67 71
11 17 40 63 66 67 68 70
11 17 42 43 63 66 67 70
11 17 42 63 64 65 69 70
11 17 42 63 64 66 70 71
11 17 42 64 66 68 69 70
11 17 43 63 64 65 67 69
11 17 43 63 64 68 69 70
11 17 43 63 67 69 70 71
11 18 21 31 34 41 55 72
11 18 21 31 34 41 61 78
11 18 21 31 44 61 65 72
11 18 21 34 38 55 68 78
11 18 24 28 34 41 55 75
11 18 24 28 34 41 58 78
11 18 24 28 38 58 68 75
11 18 24 34 44 55 65 78
11 18 28 34 38 48 55 68
11 18 28 34 38 58 71 78
11 18 28 34 45 48 58 71
11 18 28 41 45 48 58 68
11 18 28 45 55 58 71 78
11 18 28 48 58 68 71 75
11 18 31 34 44 48 55 65
11 18 31 34 44 61 71 78
11 18 31 34 48 51 61 71
11 18 31 41 48 51 61 65
11 18 31 48 61 65 71 72
11 18 31 51 55 61 71 78
11 18 34 41 45 55 58 75
11 18 34 41 51 55 61 72
11 19 22 27 33 44 57 76
11 19 22 27 33 44 60 79
11 19 22 27 41 60 65 76
11 19 22 33 38 57 71 79
11 19 25 27 30 44 54 76
11 19 25 27 30 44 60 73
11 19 25 27 38 60 71 76
11 19 25 30 41 54 65 73
11 19 27 30 41 52 60 65
11 19 27 30 41 54 68 76
11 19 27 30 49 52 54 68
11 19 27 33 38 52 60 71
11 19 27 33 38 57 68 76
11 19 27 33 46 52 57 68
11 19 27 44 46 57 60 79
11 19 27 44 49 54 60 73
11 19 30 44 49 52 54 65
11 19 30 49 54 60 68 76
11 19 30 52 54 65 68 73
11 19 33 44 46 52 57 71
11 19 33 46 57 60 68 76
11 19 33 52 57 68 71 79
11 20 23 29 35 38 56 77
11 20 23 29 35 38 62 74
11 20 23 29 44 56 71 74
11 20 23 35 41 62 68 77
11 20 26 29 32 38 56 80
11 20 26 29 32 38 59 74
11 20 26 29 41 56 68 74
11 20 26 32 44 59 71 80
11 20 29 32 44 47 56 71
11 20 29 32 44 59 65 74
11 20 29 32 47 53 59 65
11 20 29 35 41 47 56 68
11 20 29 35 41 62 65 74
11 20 29 35 47 50 62 65
11 20 29 38 50 56 62 77
11 20 29 38 53 56 59 80
11 20 32 38 47 53 59 71
11 20 32 47 59 65 71 80
11 20 32 53 56 59 65 74
11 20 35 38 47 50 62 68
11 20 35 47 62 65 68 77
11 20 35 50 56 62 65 74
11 21 24 28 31 41 58 72
11 21 24 28 31 41 61 75
11 21 24 28 44 58 65 75
11 21 24 31 38 61 68 72
11 21 28 31 44 51 61 65
11 21 28 31 44 58 71 72
11 21 28 31 45 51 58 71
11 21 28 41 45 51 58 65
11 21 28 45 58 61 71 72
11 21 28 51 58 65 71 75
11 21 31 34 38 51 61 68
11 21 31 34 38 55 71 72
11 21 31 34 48 51 55 71
11 21 31 41 45 58 61 75
11 21 31 41 48 55 61 78
11 21 34 41 48 51 55 68
11 21 34 48 55 61 71 72
11 21 34 51 55 68 71 78
11 22 25 30 33 44 54 79
11 22 25 30 33 44 57 73
11 22 25 30 38 54 71 73
11 22 25 33 41 57 65 79
11 22 27 33 41 46 57 65
11 22 27 33 41 60 68 79
11 22 27 33 46 52 60 68
11 22 27 44 46 52 60 65
11 22 27 46 60 65 68 76
11 22 27 52 57 60 68 79
11 22 30 33 38 46 57 71
11 22 30 33 38 54 68 79
11 22 30 33 46 49 54 68
11 22 30 44 46 49 54 71
11 22 30 46 54 68 71 73
11 22 30 49 54 57 68 79
11 22 33 44 49 54 57 73
11 22 33 44 52 57 60 76
11 23 26 32 35 38 59 77
11 23 26 32 35 38 62 80
11 23 26 32 41 59 68 80
11 23 26 35 44 62 71 77
11 23 29 35 44 50 62 71
11 23 29 35 44 56 65 77
11 23 29 35 47 50 56 65
11 23 29 38 47 50 56 71
11 23 29 47 56 62 65 77
11 23 29 50 56 65 71 74
11 23 32 35 41 50 62 68
11 23 32 35 41 59 65 77
11 23 32 35 50 53 59 65
11 23 32 38 50 53 59 68
11 23 32 50 59 65 68 80
11 23 32 53 59 62 65 77
11 23 35 38 47 56 62 74
11 23 35 38 53 59 62 80
11 24 28 31 38 45 58 68
11 24 28 31 38 61 71 75
11 24 28 31 45 51 61 71
11 24 28 34 44 45 58 65
11 24 28 34 44 55 71 75
11 24 28 34 45 48 55 71
11 24 28 41 48 55 58 78
11 24 28 41 51 58 61 72
11 24 31 41 45 51 61 68
11 24 31 45 61 68 71 72
11 24 31 51 58 61 71 75
11 24 34 41 45 48 55 65
11 24 34 45 55 65 71 78
11 24 34 48 55 58 71 75
11 25 27 30 38 49 54 71
11 25 27 30 38 60 68 73
11 25 27 30 49 52 60 68
11 25 27 44 49 52 60 71
11 25 27 49 60 68 71 76
11 25 27 52 54 60 68 73
11 25 30 33 41 49 54 65
11 25 30 33 41 57 68 73
11 25 30 33 46 49 57 68
11 25 30 44 46 54 57 79
11 25 30 44 52 54 60 76
11 25 33 44 46 49 57 65
11 25 33 46 54 57 68 73
11 25 33 49 57 65 68 79
11 26 29 32 41 53 59 68
11 26 29 32 41 56 65 80
11 26 29 32 47 53 56 65
11 26 29 38 47 53 56 68
11 26 29 47 56 59 65 80
11 26 29 53 56 65 68 74
11 26 32 35 44 53 59 71
11 26 32 35 44 62 65 80
11 26 32 35 50 53 62 65
11 26 32 38 47 56 59 74
11 26 32 38 50 59 62 77
11 26 35 38 50 53 62 71
11 26 35 50 59 62 65 80
11 26 35 53 62 65 71 77
11 27 30 44 49 60 71 73
11 27 30 44 52 54 65 76
11 27 33 44 46 60 65 79
11 27 33 44 52 57 71 76
11 27 38 44 49 52 60 73
11 27 38 49 60 68 73 76
11 27 41 44 46 52 60 79
11 27 41 46 60 68 76 79
11 27 46 57 60 65 68 79
11 27 49 54 60 68 71 73
11 28 31 41 45 61 68 75
11 28 31 41 51 58 65 72
11 28 34 41 45 55 65 75
11 28 34 41 48 58 68 78
11 28 38 41 45 48 58 78
11 28 38 48 58 71 75 78
11 28 41 44 45 51 58 72
11 28 44 51 58 71 72 75
11 28 48 55 58 68 71 78
11 28 51 58 61 65 71 72
11 29 32 38 47 59 71 74
11 29 32 38 53 56 68 80
11 29 35 38 47 62 68 74
11 29 35 38 50 56 71 77
11 29 38 41 47 53 56 80
11 29 38 44 47 50 56 77
11 29 41 53 56 65 74 80
11 29 44 50 56 65 74 77
11 29 50 56 62 65 71 77
11 29 53 56 59 65 68 80
11 30 33 44 46 54 71 79
11 30 33 44 49 57 65 73
11 30 38 44 46 49 54 79
11 30 38 46 54 68 73 79
11 30 41 44 49 52 54 76
11 30 41 52 54 68 73 76
11 30 46 54 57 68 71 79
11 30 52 54 60 65 68 76
11 31 34 41 48 61 65 78
11 31 34 41 51 55 68 72
11 31 38 41 45 51 61 75
11 31 38 45 61 71 72 75
11 31 41 44 48 51 61 78
11 31 44 48 61 71 72 78
11 31 45 58 61 68 71 75
11 31 48 55 61 65 71 78
11 32 35 38 50 59 68 77
11 32 35 38 53 62 71 80
11 32 38 41 50 53 59 77
11 32 38 44 47 53 59 74
11 32 41 50 59 65 77 80
11 32 44 47 59 65 74 80
11 32 47 56 59 65 71 74
11 32 50 59 62 65 68 77
11 33 38 44 46 52 57 76
11 33 38 52 57 68 76 79
11 33 41 44 46 49 57 73
11 33 41 49 57 68 73 79
11 33 49 54 57 65 68 73
11 33 52 57 60 68 71 76
11 34 38 41 48 51 55 72
11 34 38 51 55 71 72 78
11 34 41 44 45 48 55 75
11 34 44 45 55 71 75 78
11 34 45 55 58 65 71 75
11 34 51 55 61 68 71 72
11 35 38 41 47 50 62 74
11 35 38 44 50 53 62 80
11 35 41 47 62 65 74 77
11 35 44 53 62 65 77 80
11 35 47 56 62 65 68 74
11 35 53 59 62 65 71 80
11 36 37 38 39 41 64 70
11 36 37 38 40 41 66 69
11 36 37 41 42 44 64 67
11 36 37 41 43 44 63 69
11 36 38 39 40 44 64 70
11 36 38 40 41 42 64 67
11 36 38 40 43 44 63 66
11 36 38 42 43 44 64 67
11 36 39 41 43 44 64 70
11 36 39 63 65 67 70 71
11 36 39 65 67 68 69 70
11 36 39 66 67 68 70 71
11 36 42 63 64 68 70 71
11 36 42 64 65 66 68 70
11 36 42 64 65 69 70 71
11 37 38 39 40 44 66 69
11 37 38 39 41 43 63 69
11 37 38 39 42 44 67 70
11 37 38 42 43 44 63 69
11 37 40 41 42 44 66 69
11 37 40 63 64 68 69 71
11 37 40 63 65 67 68 69
11 37 40 63 65 69 70 71
11 37 43 63 64 65 66 68
11 37 43 63 65 66 67 71
11 37 43 63 66 68 70 71
11 38 39 41 42 43 67 70
11 38 40 41 42 43 63 66
11 39 40 41 42 44 67 70
11 39 40 41 43 44 63 66
11 39 42 63 64 65 67 68
11 39 42 64 65 66 67 71
11 39 42 64 67 68 69 71
11 40 43 64 65 66 69 71
11 40 43 65 66 68 69 70
11 40 43 66 67 68 69 71
12 13 14 15 17 37 40 68
12 13 14 15 17 37 43 71
12 13 14 15 17 38 67 70
12 13 14 15 17 40 43 65
12 13 14 15 17 41 64 67
12 13 14 15 17 44 64 70
12 13 14 16 17 36 39 65
12 13 14 16 17 36 42 68
12 13 14 16 17 38 63 66
12 13 14 16 17 39 42 71
12 13 14 16 17 41 63 69
12 13 14 16 17 44 66 69
12 13 15 16 17 36 65 71
12 13 15 16 17 38 41 69
12 13 15 16 17 38 44 63
12 13 15 16 17 39 68 71
12 13 15 16 17 41 44 66
12 13 15 16 17 42 65 68
12 13 15 16 36 43 68 71
12 13 15 16 37 39 65 68
12 13 15 16 38 41 64 66
12 13 15 16 38 44 67 69
12 13 15 16 40 42 65 71
12 13 15 16 41 44 63 70
12 13 36 37 40 42 68 71
12 13 36 39 40 43 65 68
12 13 37 39 42 43 65 71
12 13 38 41 63 66 67 70
12 13 38 44 64 66 69 70
12 13 41 44 63 64 67 69
12 14 15 16 17 36 67 70
12 14 15 16 17 37 40 66
12 14 15 16 17 37 43 69
12 14 15 16 17 39 64 67
12 14 15 16 17 40 43 63
12 14 15 16 17 42 64 70
12 14 15 17 36 41 64 70
12 14 15 17 37 40 65 69
12 14 15 17 37 43 63 68
12 14 15 17 38 42 64 67
12 14 15 17 39 44 67 70
12 14 15 17 40 43 66 71
12 14 36 38 39 44 64 67
12 14 36 41 42 44 67 70
12 14 37 40 63 65 66 71
12 14 37 43 65 66 68 69
12 14 38 39 41 42 64 70
12 14 40 43 63 68 69 71
12 15 18 30 39 45 57 60
12 15 18 30 39 48 57 72
12 15 18 30 57 66 72 75
12 15 18 33 42 45 57 60
12 15 18 33 42 51 60 72
12 15 18 33 60 69 72 78
12 15 19 32 42 49 56 62
12 15 19 32 42 52 62 79
12 15 19 32 62 63 73 79
12 15 19 35 36 46 56 79
12 15 19 35 36 49 56 62
12 15 19 35 56 66 76 79
12 15 20 28 39 50 61 77
12 15 20 28 39 53 58 61
12 15 20 28 61 63 74 77
12 15 20 34 36 47 58 77
12 15 20 34 36 53 58 61
12 15 20 34 58 69 77 80
12 15 21 27 39 48 54 57
12 15 21 27 39 51 54 75
12 15 21 27 54 66 75 78
12 15 21 30 42 45 57 75
12 15 21 30 42 48 54 57
12 15 21 30 57 69 72 75
12 15 22 29 42 46 59 73
12 15 22 29 42 52 59 62
12 15 22 29 59 63 73 76
12 15 22 32 36 49 62 73
12 15 22 32 36 52 59 62
12 15 22 32 62 66 73 79
12 15 23 31 36 47 55 58
12 15 23 31 36 50 55 80
12 15 23 31 55 69 74 80
12 15 23 34 39 47 55 58
12 15 23 34 39 53 58 80
12 15 23 34 58 63 77 80
12 15 24 27 42 48 54 78
12 15 24 27 42 51 54 60
12 15 24 27 54 69 75 78
12 15 24 33 39 45 60 78
12 15 24 33 39 51 54 60
12 15 24 33 60 66 72 78
12 15 25 29 36 46 56 59
12 15 25 29 36 52 59 76
12 15 25 29 59 66 73 76
12 15 25 35 42 46 56 59
12 15 25 35 42 49 56 76
12 15 25 35 56 63 76 79
12 15 26 28 36 50 55 61
12 15 26 28 36 53 61 74
12 15 26 28 61 69 74 77
12 15 26 31 39 47 55 74
12 15 26 31 39 50 55 61
12 15 26 31 55 63 74 80
12 15 36 37 38 40 41 65
12 15 36 37 38 40 44 67
12 15 36 37 38 41 43 64
12 15 36 37 41 43 44 68
12 15 36 38 40 43 44 71
12 15 36 40 41 43 44 70
12 15 37 38 39 40 44 65
12 15 37 38 39 41 43 68
12 15 37 38 39 43 44 67
12 15 37 38 40 41 42 64
12 15 37 38 40 41 68 70
12 15 37 38 40 44 64 68
12 15 37 38 41 43 70 71
12 15 37 38 42 43 44 68
12 15 37 38 43 44 64 71
12 15 37 38 65 67 70 71
12 15 37 39 40 41 44 70
12 15 37 40 41 42 44 65
12 15 37 40 41 44 67 68
12 15 37 41 42 43 44 70
12 15 37 41 43 44 67 71
12 15 37 41 64 65 67 71
12 15 37 44 64 65 70 71
12 15 37 63 64 65 68 70
12 15 37 64 65 67 68 69
12 15 37 65 66 67 68 70
12 15 38 39 40 41 43 64
12 15 38 40 41 42 43 71
12 15 38 40 41 43 65 70
12 15 38 40 42 43 44 67
12 15 38 40 43 44 64 65
12 15 38 40 67 68 70 71
12 15 38 43 65 67 68 70
12 15 38 63 64 65 67 68
12 15 38 64 65 66 67 71
12 15 38 64 67 68 69 71
12 15 39 40 41 43 44 71
12 15 40 41 43 44 65 67
12 15 40 41 64 67 68 71
12 15 40 44 64 68 70 71
12 15 40 63 64 65 67 71
12 15 40 64 65 66 70 71
12 15 40 65 67 69 70 71
12 15 41 43 64 65 67 68
12 15 41 63 64 68 70 71
12 15 41 64 65 66 68 70
12 15 41 64 65 69 70 71
12 15 43 44 64 65 68 70
12 15 43 63 67 68 70 71
12 15 43 64 66 67 68 71
12 15 43 64 68 69 70 71
12 15 44 63 65 67 70 71
12 15 44 65 67 68 69 70
12 15 44 66 67 68 70 71
12 16 36 37 39 43 65 71
12 16 36 40 42 43 65 68
12 16 37 39 40 42 68 71
12 16 38 41 63 67 69 70
12 16 38 44 63 64 66 70
12 16 41 44 64 66 67 69
12 17 36 38 39 41 64 70
12 17 36 38 42 44 64 67
12 17 37 40 63 65 69 71
12 17 37 43 63 65 66 68
12 17 39 41 42 44 67 70
12 17 40 43 66 68 69 71
12 18 21 30 33 39 57 72
12 18 21 30 33 39 60 75
12 18 21 30 42 57 69 75
12 18 21 33 36 60 63 72
12 18 24 27 33 39 54 72
12 18 24 27 33 39 60 78
12 18 24 27 36 54 63 78
12 18 24 33 42 60 69 72
12 18 27 33 36 45 60 63
12 18 27 33 36 54 66 72
12 18 27 33 45 51 54 66
12 18 27 39 45 51 54 63
12 18 27 45 54 63 66 78
12 18 27 51 54 60 66 72
12 18 30 33 42 45 60 69
12 18 30 33 42 57 66 72
12 18 30 33 45 48 57 66
12 18 30 39 45 48 57 69
12 18 30 45 57 66 69 75
12 18 30 48 57 60 66 72
12 18 33 39 48 57 60 75
12 18 33 39 51 54 60 78
12 19 22 32 35 42 56 73
12 19 22 32 35 42 62 79
12 19 22 32 36 62 66 73
12 19 22 35 39 56 69 79
12 19 25 29 35 42 56 76
12 19 25 29 35 42 59 79
12 19 25 29 39 59 69 76
12 19 25 35 36 56 66 79
12 19 29 35 39 49 56 69
12 19 29 35 39 59 63 79
12 19 29 35 46 49 59 63
12 19 29 42 46 49 59 69
12 19 29 46 56 59 63 79
12 19 29 49 59 63 69 76
12 19 32 35 36 49 56 66
12 19 32 35 36 62 63 79
12 19 32 35 49 52 62 63
12 19 32 42 49 52 62 66
12 19 32 49 62 63 66 73
12 19 32 52 56 62 63 79
12 19 35 42 46 56 59 76
12 19 35 42 52 56 62 73
12 20 23 28 34 36 58 77
12 20 23 28 34 36 61 80
12 20 23 28 42 61 66 77
12 20 23 34 39 58 63 80
12 20 26 28 31 36 55 77
12 20 26 28 31 36 61 74
12 20 26 28 39 61 63 77
12 20 26 31 42 55 66 74
12 20 28 31 42 53 61 66
12 20 28 31 42 55 69 77
12 20 28 31 50 53 55 69
12 20 28 34 39 53 61 63
12 20 28 34 39 58 69 77
12 20 28 34 47 53 58 69
12 20 28 36 47 58 61 80
12 20 28 36 50 55 61 74
12 20 31 36 50 53 55 66
12 20 31 50 55 61 69 77
12 20 31 53 55 66 69 74
12 20 34 36 47 53 58 63
12 20 34 47 58 61 69 77
12 20 34 53 58 63 69 80
12 21 24 27 30 39 54 75
12 21 24 27 30 39 57 78
12 21 24 27 42 54 69 78
12 21 24 30 36 57 63 75
12 21 27 30 42 48 57 69
12 21 27 30 42 54 66 75
12 21 27 30 48 51 54 66
12 21 27 39 48 51 54 69
12 21 27 48 54 66 69 78
12 21 27 51 54 57 66 75
12 21 30 33 36 48 57 63
12 21 30 33 36 60 66 75
12 21 30 33 45 48 60 66
12 21 30 39 45 57 60 72
12 21 30 39 51 54 57 78
12 21 33 39 45 48 60 63
12 21 33 45 57 60 66 75
12 21 33 48 60 63 66 72
12 22 25 29 32 42 59 73
12 22 25 29 32 42 62 76
12 22 25 29 36 59 66 76
12 22 25 32 39 62 69 73
12 22 29 32 36 52 62 66
12 22 29 32 36 59 63 73
12 22 29 32 46 52 59 63
12 22 29 42 46 52 59 66
12 22 29 46 59 62 63 73
12 22 29 52 59 63 66 76
12 22 32 35 39 52 62 69
12 22 32 35 39 56 63 73
12 22 32 35 49 52 56 63
12 22 32 42 46 59 62 76
12 22 32 42 49 56 62 79
12 22 35 42 49 52 56 69
12 22 35 49 56 62 63 73
12 22 35 52 56 63 69 79
12 23 26 31 34 36 55 80
12 23 26 31 34 36 58 74
12 23 26 31 39 55 63 74
12 23 26 34 42 58 66 80
12 23 28 34 42 47 58 66
12 23 28 34 42 61 69 80
12 23 28 34 47 53 61 69
12 23 28 36 47 53 61 66
12 23 28 47 61 66 69 77
12 23 28 53 58 61 69 80
12 23 31 34 39 47 58 63
12 23 31 34 39 55 69 80
12 23 31 34 47 50 55 69
12 23 31 36 47 50 55 63
12 23 31 47 55 63 69 74
12 23 31 50 55 58 69 80
12 23 34 36 50 55 58 74
12 23 34 36 53 58 61 77
12 24 27 30 36 51 54 63
12 24 27 30 36 57 66 78
12 24 27 30 48 51 57 66
12 24 27 33 42 51 54 69
12 24 27 33 42 60 66 78
12 24 27 33 45 51 60 66
12 24 27 39 45 54 60 72
12 24 27 39 48 54 57 75
12 24 30 39 48 51 57 63
12 24 30 48 54 57 66 78
12 24 30 51 57 63 66 75
12 24 33 39 45 51 60 69
12 24 33 45 54 60 66 78
12 24 33 51 60 66 69 72
12 25 29 32 39 46 59 69
12 25 29 32 39 62 63 76
12 25 29 32 46 52 62 63
12 25 29 35 36 46 59 66
12 25 29 35 36 56 63 76
12 25 29 35 46 49 56 63
12 25 29 42 49 56 59 79
12 25 29 42 52 59 62 73
12 25 32 42 46 52 62 69
12 25 32 46 62 63 69 73
12 25 32 52 59 62 63 76
12 25 35 42 46 49 56 66
12 25 35 46 56 63 66 79
12 25 35 49 56 59 63 76
12 26 28 31 39 50 55 63
12 26 28 31 39 61 69 74
12 26 28 31 50 53 61 69
12 26 28 36 50 53 61 63
12 26 28 50 61 63 69 77
12 26 28 53 55 61 69 74
12 26 31 34 42 50 55 66
12 26 31 34 42 58 69 74
12 26 31 34 47 50 58 69
12 26 31 36 47 55 58 80
12 26 31 36 53 55 61 77
12 26 34 36 47 50 58 66
12 26 34 47 55 58 69 74
12 26 34 50 58 66 69 80
12 27 30 39 48 54 69 75
12 27 30 39 51 57 63 78
12 27 33 39 45 54 63 72
12 27 33 39 51 60 69 78
12 27 36 39 45 51 54 72
12 27 36 45 54 66 72 78
12 27 39 42 48 51 54 75
12 27 42 48 54 66 75 78
12 27 45 54 60 63 66 72
12 27 48 54 57 66 69 75
12 28 31 36 50 61 63 74
12 28 31 36 53 55 66 77
12 28 34 36 47 61 66 80
12 28 34 36 53 58 63 77
12 28 36 39 50 53 61 74
12 28 36 42 47 53 61 80
12 28 39 50 61 69 74 77
12 28 42 47 61 69 77 80
12 28 47 58 61 66 69 80
12 28 50 55 61 63 69 74
12 29 32 42 46 62 69 76
12 29 32 42 52 59 66 73
12 29 35 42 46 56 66 76
12 29 35 42 49 59 69 79
12 29 36 42 46 52 59 73
12 29 36 52 59 63 73 76
12 29 39 42 46 49 59 79
12 29 39 49 59 63 76 79
12 29 49 56 59 63 69 79
12 29 52 59 62 63 66 73
12 30 33 39 45 57 69 72
12 30 33 39 48 60 63 75
12 30 36 39 48 51 57 78
12 30 36 51 57 66 75 78
12 30 39 42 45 48 57 72
12 30 42 45 57 66 72 75
12 30 45 57 60 66 69 72
12 30 51 54 57 63 66 78
12 31 34 36 47 55 63 80
12 31 34 36 50 58 66 74
12 31 36 39 47 50 55 80
12 31 36 42 50 53 55 77
12 31 39 47 55 69 74 80
12 31 42 53 55 69 74 77
12 31 47 55 58 63 69 80
12 31 53 55 61 66 69 77
12 32 35 42 49 62 66 79
12 32 35 42 52 56 69 73
12 32 36 42 49 52 62 79
12 32 36 49 62 63 73 79
12 32 39 42 46 52 62 76
12 32 39 46 62 63 73 76
12 32 46 59 62 63 69 76
12 32 49 56 62 63 66 79
12 33 36 39 45 48 60 75
12 33 36 48 60 66 72 75
12 33 39 42 45 51 60 78
12 33 42 51 60 66 72 78
12 33 48 57 60 63 66 75
12 33 51 54 60 66 69 78
12 34 36 39 47 53 58 77
12 34 36 42 47 50 58 74
12 34 39 53 58 69 77 80
12 34 42 50 58 69 74 80
12 34 50 55 58 66 69 74
12 34 53 58 61 63 69 77
12 35 36 42 46 49 56 76
12 35 36 46 56 63 76 79
12 35 39 42 49 52 56 73
12 35 39 52 56 63 73 79
12 35 46 56 59 63 66 76
12 35 52 56 62 63 69 73
12 36 37 38 42 43 65 68
12 36 37 38 42 44 64 70
12 36 37 39 40 41 65 71
12 36 37 39 41 44 64 67
12 36 37 39 43 44 65 68
12 36 37 40 42 44 65 71
12 36 38 39 40 41 67 70
12 36 38 39 40 43 68 71
12 36 38 39 43 44 64 70
12 36 38 41 42 43 67 70
12 36 40 41 42 43 68 71
12 36 40 41 42 44 64 67
12 37 38 39 40 42 65 71
12 37 38 39 41 42 67 70
12 37 39 41 42 43 65 68
12 37 40 63 64 66 68 71
12 37 40 63 67 68 69 71
12 37 40 66 68 69 70 71
12 37 43 63 64 65 69 71
12 37 43 63 65 66 70 71
12 37 43 65 66 67 69 71
12 38 39 40 42 44 64 70
12 38 41 63 64 65 69 70
12 38 41 63 64 66 70 71
12 38 41 64 66 68 69 70
12 38 44 63 64 66 67 68
12 38 44 63 64 67 69 71
12 38 44 64 65 66 67 69
12 39 40 42 43 44 68 71
12 39 41 42 43 44 64 67
12 40 43 63 65 66 67 68
12 40 43 63 65 68 69 70
12 40 43 64 65 66 68 69
12 41 44 63 65 66 67 70
12 41 44 63 67 68 69 70
12 41 44 66 67 69 70 71
13 14 16 17 36 39 68 70
13 14 16 17 36 42 64 71
13 14 16 17 37 44 63 69
13 14 16 17 38 40 66 69
13 14 16 17 39 42 65 67
13 14 16 17 41 43 63 66
13 14 36 39 65 67 70 71
13 14 36 42 64 65 68 70
13 14 37 38 41 43 63 69
13 14 37 40 41 44 66 69
13 14 38 40 43 44 63 66
13 14 39 42 64 67 68 71
13 15 36 37 39 40 65 68
13 15 36 37 42 43 68 71
13 15 38 41 63 64 66 67
13 15 38 44 66 67 69 70
13 15 39 40 42 43 65 71
13 15 41 44 63 64 69 70
13 16 18 29 37 45 62 75
13 16 18 29 37 51 56 62
13 16 18 29 62 70 75 78
13 16 18 32 40 48 56 75
13 16 18 32 40 51 56 62
13 16 18 32 56 64 72 75
13 16 19 31 40 46 58 61
13 16 19 31 40 49 58 73
13 16 19 31 58 67 73 76
13 16 19 34 43 46 58 61
13 16 19 34 43 52 61 73
13 16 19 34 61 70 73 79
13 16 20 27 37 47 57 80
13 16 20 27 37 50 54 57
13 16 20 27 57 67 77 80
13 16 20 33 43 50 54 57
13 16 20 33 43 53 54 80
13 16 20 33 54 64 74 80
13 16 21 29 40 45 59 62
13 16 21 29 40 51 62 78
13 16 21 29 62 64 75 78
13 16 21 35 37 45 59 62
13 16 21 35 37 48 59 78
13 16 21 35 59 70 72 78
13 16 22 28 40 49 55 58
13 16 22 28 40 52 55 76
13 16 22 28 55 67 76 79
13 16 22 31 43 46 58 76
13 16 22 31 43 49 55 58
13 16 22 31 58 70 73 76
13 16 23 30 43 47 60 74
13 16 23 30 43 53 54 60
13 16 23 30 60 64 74 77
13 16 23 33 37 50 54 74
13 16 23 33 37 53 54 60
13 16 23 33 54 67 74 80
13 16 24 32 37 48 56 59
13 16 24 32 37 51 56 72
13 16 24 32 56 70 72 75
13 16 24 35 40 45 59 72
13 16 24 35 40 48 56 59
13 16 24 35 59 64 72 78
13 16 25 28 43 49 55 79
13 16 25 28 43 52 55 61
13 16 25 28 55 70 76 79
13 16 25 34 40 46 61 79
13 16 25 34 40 52 55 61
13 16 25 34 61 67 73 79
13 16 26 27 43 47 57 60
13 16 26 27 43 50 57 77
13 16 26 27 57 64 77 80
13 16 26 30 37 47 57 60
13 16 26 30 37 53 60 77
13 16 26 30 60 67 74 77
13 16 36 37 38 39 41 68
13 16 36 37 38 42 44 69
13 16 36 37 39 41 44 63
13 16 36 37 41 42 44 71
13 16 36 38 39 40 41 66
13 16 36 38 39 40 44 68
13 16 36 38 39 41 65 69
13 16 36 38 39 43 44 69
13 16 36 38 39 44 63 65
13 16 36 38 40 41 42 71
13 16 36 38 41 42 43 66
13 16 36 38 41 42 68 69
13 16 36 38 42 43 44 71
13 16 36 38 42 44 63 68
13 16 36 38 63 65 66 71
13 16 36 39 41 43 44 68
13 16 36 39 41 44 65 66
13 16 36 40 41 42 44 63
13 16 36 41 42 44 66 68
13 16 36 41 63 65 69 71
13 16 36 44 65 66 69 71
13 16 36 63 64 66 68 71
13 16 36 63 67 68 69 71
13 16 36 66 68 69 70 71
13 16 37 38 39 41 42 66
13 16 37 38 39 42 44 65
13 16 38 39 40 42 44 69
13 16 38 39 41 42 43 65
13 16 38 39 41 42 69 71
13 16 38 39 42 44 63 71
13 16 38 39 63 66 68 71
13 16 38 42 63 65 66 68
13 16 38 64 65 66 69 71
13 16 38 65 66 68 69 70
13 16 38 66 67 68 69 71
13 16 39 40 41 42 44 65
13 16 39 41 42 43 44 63
13 16 39 41 42 44 66 71
13 16 39 41 63 68 69 71
13 16 39 44 66 68 69 71
13 16 39 63 65 66 67 68
13 16 39 63 65 68 69 70
13 16 39 64 65 66 68 69
13 16 41 42 63 65 68 69
13 16 41 63 64 65 66 68
13 16 41 63 65 66 67 71
13 16 41 63 66 68 70 71
13 16 42 44 65 66 68 69
13 16 42 63 64 65 69 71
13 16 42 63 65 66 70 71
13 16 42 65 66 67 69 71
13 16 44 63 64 68 69 71
13 16 44 63 65 67 68 69
13 16 44 63 65 69 70 71
13 17 36 39 64 65 67 71
13 17 36 42 65 67 68 70
13 17 37 38 40 44 63 66
13 17 37 41 43 44 66 69
13 17 38 40 41 43 63 69
13 17 39 42 64 68 70 71
13 18 21 29 32 37 56 78
13 18 21 29 32 37 62 75
13 18 21 29 40 62 64 78
13 18 21 32 43 56 67 75
13 18 24 32 35 37 56 72
13 18 24 32 35 37 59 75
13 18 24 32 40 56 64 75
13 18 24 35 43 59 67 72
13 18 29 32 40 51 56 64
13 18 29 32 40 62 70 75
13 18 29 32 45 51 62 70
13 18 29 37 45 51 62 64
13 18 29 45 56 62 70 75
13 18 29 51 62 64 70 78
13 18 32 35 43 51 56 67
13 18 32 35 43 59 70 75
13 18 32 35 48 51 59 70
13 18 32 37 45 56 62 78
13 18 32 37 48 56 59 72
13 18 35 37 48 51 59 67
13 18 35 48 56 59 70 75
13 18 35 51 59 67 70 72
13 19 22 31 34 40 58 73
13 19 22 31 34 40 61 76
13 19 22 31 43 58 70 76
13 19 22 34 37 61 64 73
13 19 25 28 34 40 55 73
13 19 25 28 34 40 61 79
13 19 25 28 37 55 64 79
13 19 25 34 43 61 70 73
13 19 28 34 37 46 61 64
13 19 28 34 37 55 67 73
13 19 28 34 46 52 55 67
13 19 28 40 46 52 55 64
13 19 28 46 55 64 67 79
13 19 28 52 55 61 67 73
13 19 31 34 43 46 61 70
13 19 31 34 43 58 67 73
13 19 31 34 46 49 58 67
13 19 31 40 46 49 58 70
13 19 31 46 58 67 70 76
13 19 31 49 58 61 67 73
13 19 34 40 49 58 61 76
13 19 34 40 52 55 61 79
13 20 23 27 33 43 54 80
13 20 23 27 33 43 57 74
13 20 23 27 40 57 70 80
13 20 23 33 37 54 67 74
13 20 26 27 30 43 57 77
13 20 26 27 30 43 60 80
13 20 26 27 37 57 67 80
13 20 26 30 40 60 70 77
13 20 27 30 40 50 57 70
13 20 27 30 40 60 64 80
13 20 27 30 47 50 60 64
13 20 27 33 37 50 57 67
13 20 27 33 37 54 64 80
13 20 27 33 50 53 54 64
13 20 27 43 47 57 60 77
13 20 27 43 53 54 57 74
13 20 30 43 47 50 60 70
13 20 30 47 57 60 64 80
13 20 30 50 60 64 70 77
13 20 33 43 50 53 54 67
13 20 33 50 54 64 67 74
13 20 33 53 54 57 64 80
13 21 24 29 35 37 59 78
13 21 24 29 35 37 62 72
13 21 24 29 43 62 67 78
13 21 24 35 40 59 64 72
13 21 29 32 43 45 62 67
13 21 29 32 43 56 70 78
13 21 29 32 45 51 56 70
13 21 29 35 40 45 62 64
13 21 29 35 40 59 70 78
13 21 29 35 45 48 59 70
13 21 29 37 48 59 62 72
13 21 29 37 51 56 62 75
13 21 32 37 45 51 56 67
13 21 32 45 56 67 70 75
13 21 32 51 56 62 70 78
13 21 35 37 45 48 59 64
13 21 35 45 59 64 70 72
13 21 35 48 59 62 70 78
13 22 25 28 31 40 55 76
13 22 25 28 31 40 58 79
13 22 25 28 43 55 70 79
13 22 25 31 37 58 64 76
13 22 28 31 43 49 58 70
13 22 28 31 43 55 67 76
13 22 28 31 49 52 55 67
13 22 28 40 49 52 55 70
13 22 28 49 55 67 70 79
13 22 28 52 55 58 67 76
13 22 31 34 37 49 58 64
13 22 31 34 37 61 67 76
13 22 31 34 46 49 61 67
13 22 31 40 46 58 61 73
13 22 31 40 52 55 58 79
13 22 34 40 46 49 61 64
13 22 34 46 58 61 67 76
13 22 34 49 61 64 67 73
13 23 26 30 33 43 54 77
13 23 26 30 33 43 60 74
13 23 26 30 37 60 67 77
13 23 26 33 40 54 70 74
13 23 27 33 40 53 54 70
13 23 27 33 40 57 64 74
13 23 27 33 50 53 57 64
13 23 27 43 50 53 57 70
13 23 27 50 54 57 64 74
13 23 27 53 57 64 70 80
13 23 30 33 37 53 54 67
13 23 30 33 37 60 64 74
13 23 30 33 47 53 60 64
13 23 30 43 47 53 60 67
13 23 30 47 54 60 64 74
13 23 30 53 60 64 67 77
13 23 33 43 47 54 60 77
13 23 33 43 50 54 57 80
13 24 29 35 43 48 59 67
13 24 29 35 43 62 70 72
13 24 29 35 45 48 62 70
13 24 29 37 45 48 62 67
13 24 29 45 59 62 70 72
13 24 29 48 62 67 70 78
13 24 32 35 40 48 59 64
13 24 32 35 40 56 70 72
13 24 32 35 48 51 56 70
13 24 32 37 48 51 56 64
13 24 32 48 56 64 70 75
13 24 32 51 56 59 70 72
13 24 35 37 45 59 62 78
13 24 35 37 51 56 59 75
13 25 28 31 37 52 55 64
13 25 28 31 37 58 67 79
13 25 28 31 49 52 58 67
13 25 28 34 43 52 55 70
13 25 28 34 43 61 67 79
13 25 28 34 46 52 61 67
13 25 28 40 46 55 61 73
13 25 28 40 49 55 58 76
13 25 31 40 49 52 58 64
13 25 31 49 55 58 67 79
13 25 31 52 58 64 67 76
13 25 34 40 46 52 61 70
13 25 34 46 55 61 67 79
13 25 34 52 61 67 70 73
13 26 27 30 37 47 60 67
13 26 27 30 37 57 64 77
13 26 27 30 47 50 57 64
13 26 27 43 47 50 57 67
13 26 27 47 57 64 67 80
13 26 27 50 57 60 64 77
13 26 30 33 40 47 60 70
13 26 30 33 40 54 64 77
13 26 30 33 47 53 54 64
13 26 30 43 50 57 60 80
13 26 30 43 53 54 60 74
13 26 33 43 47 53 54 70
13 26 33 47 54 64 70 74
13 26 33 53 54 60 64 77
13 27 30 43 47 57 67 77
13 27 30 43 50 60 70 80
13 27 33 43 50 54 67 80
13 27 33 43 53 57 70 74
13 27 37 43 47 50 57 77
13 27 37 47 57 64 77 80
13 27 40 43 50 53 57 74
13 27 40 53 57 64 74 80
13 27 47 57 60 64 67 77
13 27 53 54 57 64 70 74
13 28 31 40 49 55 70 76
13 28 31 40 52 58 64 79
13 28 34 40 46 55 64 73
13 28 34 40 52 61 70 79
13 28 37 40 46 52 55 73
13 28 37 46 55 67 73 79
13 28 40 43 49 52 55 76
13 28 43 49 55 67 76 79
13 28 46 55 61 64 67 73
13 28 49 55 58 67 70 76
13 29 32 37 45 56 67 78
13 29 32 37 51 62 64 75
13 29 35 37 45 59 64 78
13 29 35 37 48 62 67 72
13 29 37 40 45 51 62 75
13 29 37 43 45 48 62 72
13 29 40 51 62 70 75 78
13 29 43 48 62 70 72 78
13 29 48 59 62 67 70 72
13 29 51 56 62 64 70 75
13 30 33 43 47 54 70 77
13 30 33 43 53 60 67 74
13 30 37 43 47 53 60 74
13 30 37 53 60 64 74 77
13 30 40 43 47 50 60 80
13 30 40 50 60 64 77 80
13 30 50 57 60 64 70 80
13 30 53 54 60 64 67 74
13 31 34 40 46 58 70 73
13 31 34 40 49 61 64 76
13 31 37 40 49 52 58 79
13 31 37 52 58 67 76 79
13 31 40 43 46 49 58 73
13 31 43 46 58 67 73 76
13 31 46 58 61 67 70 73
13 31 52 55 58 64 67 79
13 32 35 37 48 56 64 72
13 32 35 37 51 59 67 75
13 32 37 40 48 51 56 72
13 32 37 43 45 51 56 78
13 32 40 48 56 70 72 75
13 32 43 45 56 70 75 78
13 32 45 56 62 67 70 78
13 32 48 56 59 64 70 72
13 33 37 43 50 53 54 80
13 33 37 50 54 64 74 80
13 33 40 43 47 53 54 77
13 33 40 47 54 64 74 77
13 33 47 54 60 64 70 77
13 33 50 54 57 64 67 80
13 34 37 40 46 49 61 76
13 34 37 49 61 67 73 76
13 34 40 43 46 52 61 79
13 34 43 52 61 67 73 79
13 34 49 58 61 64 67 76
13 34 52 55 61 67 70 79
13 35 37 40 45 48 59 78
13 35 37 43 48 51 59 75
13 35 40 45 59 70 72 78
13 35 43 51 59 70 72 75
13 35 45 59 62 64 70 78
13 35 51 56 59 67 70 75
13 36 37 38 39 43 65 71
13 36 37 38 40 42 65 68
13 36 37 38 40 44 66 69
13 36 37 38 41 43 63 66
13 36 37 39 40 44 65 71
13 36 37 41 42 43 65 68
13 36 39 40 41 43 65 71
13 36 39 63 64 65 68 70
13 36 39 64 65 67 68 69
13 36 39 65 66 67 68 70
13 36 40 41 43 44 63 69
13 36 40 42 43 44 65 68
13 36 42 63 67 68 70 71
13 36 42 64 66 67 68 71
13 36 42 64 68 69 70 71
13 37 38 39 43 44 66 69
13 37 38 40 41 42 63 66
13 37 39 40 41 42 68 71
13 37 39 40 41 44 63 69
13 37 39 42 43 44 68 71
13 37 41 42 43 44 63 69
13 38 39 40 41 43 63 66
13 38 39 40 42 43 68 71
13 38 40 42 43 44 66 69
13 38 41 63 64 65 67 69
13 38 41 63 64 68 69 70
13 38 41 63 67 69 70 71
13 38 44 63 64 65 66 70
13 38 44 63 64 66 67 71
13 38 44 63 66 67 68 70
13 39 42 63 64 65 67 71
13 39 42 64 65 66 70 71
13 39 42 65 67 69 70 71
13 41 44 64 66 67 68 69
13 41 44 64 66 69 70 71
13 41 44 65 66 67 69 70
14 15 36 38 41 42 67 70
14 15 36 39 41 44 64 67
14 15 37 40 63 66 68 71
14 15 37 43 65 66 69 71
14 15 38 39 42 44 64 70
14 15 40 43 63 65 68 69
14 16 36 39 67 68 70 71
14 16 36 42 64 65 70 71
14 16 37 38 40 41 66 69
14 16 37 38 43 44 63 69
14 16 39 42 64 65 67 68
14 16 40 41 43 44 63 66
14 17 18 28 44 48 58 61
14 17 18 28 44 51 58 78
14 17 18 28 58 65 72 78
14 17 18 31 38 45 61 78
14 17 18 31 38 48 58 61
14 17 18 31 61 68 75 78
14 17 19 30 38 46 54 76
14 17 19 30 38 52 54 57
14 17 19 30 54 71 76 79
14 17 19 33 41 49 57 76
14 17 19 33 41 52 54 57
14 17 19 33 57 65 73 76
14 17 20 32 41 47 59 62
14 17 20 32 41 50 59 74
14 17 20 32 59 68 74 77
14 17 20 35 44 47 59 62
14 17 20 35 44 53 62 74
14 17 20 35 62 71 74 80
14 17 21 28 38 48 58 72
14 17 21 28 38 51 55 58
14 17 21 28 58 68 72 78
14 17 21 34 44 45 55 72
14 17 21 34 44 51 55 58
14 17 21 34 55 65 72 75
14 17 22 27 38 46 54 60
14 17 22 27 38 49 60 79
14 17 22 27 60 71 73 79
14 17 22 30 41 46 54 60
14 17 22 30 41 52 54 79
14 17 22 30 54 65 76 79
14 17 23 29 41 50 56 59
14 17 23 29 41 53 56 77
14 17 23 29 56 68 77 80
14 17 23 32 44 47 59 77
14 17 23 32 44 50 56 59
14 17 23 32 59 71 74 77
14 17 24 31 44 45 55 61
14 17 24 31 44 48 61 75
14 17 24 31 61 65 75 78
14 17 24 34 38 45 55 61
14 17 24 34 38 51 55 75
14 17 24 34 55 68 72 75
14 17 25 27 41 46 60 73
14 17 25 27 41 49 57 60
14 17 25 27 60 65 73 79
14 17 25 33 38 49 57 60
14 17 25 33 38 52 57 73
14 17 25 33 57 71 73 76
14 17 26 29 44 50 56 80
14 17 26 29 44 53 56 62
14 17 26 29 56 71 77 80
14 17 26 35 41 47 62 80
14 17 26 35 41 53 56 62
14 17 26 35 62 68 74 80
14 17 36 37 38 39 43 70
14 17 36 37 38 40 42 64
14 17 36 37 38 42 43 63
14 17 36 37 39 40 41 69
14 17 36 37 39 40 44 70
14 17 36 37 39 40 64 66
14 17 36 37 39 43 44 63
14 17 36 37 39 43 64 69
14 17 36 37 40 42 44 69
14 17 36 37 40 42 66 67
14 17 36 37 41 42 43 64
14 17 36 37 42 43 67 69
14 17 36 37 63 66 67 70
14 17 36 38 39 40 43 66
14 17 36 39 40 41 43 70
14 17 36 39 40 43 63 64
14 17 36 40 41 42 43 66
14 17 36 40 42 43 44 64
14 17 36 40 42 43 63 67
14 17 36 40 63 67 69 70
14 17 36 43 66 67 69 70
14 17 36 63 64 65 69 70
14 17 36 63 64 66 70 71
14 17 36 64 66 68 69 70
14 17 37 38 39 40 42 69
14 17 37 39 40 41 42 67
14 17 37 39 40 42 66 70
14 17 37 39 41 42 43 63
14 17 37 39 42 43 44 67
14 17 37 39 42 43 69 70
14 17 37 39 63 64 66 67
14 17 37 42 63 64 66 70
14 17 37 63 64 65 67 69
14 17 37 63 64 68 69 70
14 17 37 63 67 69 70 71
14 17 38 39 40 42 43 67
14 17 39 40 42 43 44 66
14 17 39 40 42 43 63 70
14 17 39 40 63 64 67 69
14 17 39 43 64 66 67 69
14 17 39 63 65 66 67 70
14 17 39 63 67 68 69 70
14 17 39 66 67 69 70 71
14 17 40 42 63 64 69 70
14 17 40 64 66 67 68 69
14 17 40 64 66 69 70 71
14 17 40 65 66 67 69 70
14 17 42 43 64 66 69 70
14 17 42 63 64 66 67 68
14 17 42 63 64 67 69 71
14 17 42 64 65 66 67 69
14 17 43 63 64 65 66 70
14 17 43 63 64 66 67 71
14 17 43 63 66 67 68 70
14 18 21 28 31 44 58 78
14 18 21 28 31 44 61 72
14 18 21 28 38 58 68 72
14 18 21 31 41 61 71 78
14 18 24 31 34 44 55 78
14 18 24 31 34 44 61 75
14 18 24 31 38 61 68 78
14 18 24 34 41 55 71 75
14 18 28 31 38 48 61 68
14 18 28 31 38 58 65 78
14 18 28 31 48 51 58 65
14 18 28 44 48 51 58 68
14 18 28 48 58 65 68 72
14 18 28 51 58 61 65 78
14 18 31 34 41 48 61 71
14 18 31 34 41 55 65 78
14 18 31 34 45 48 55 65
14 18 31 44 45 55 61 75
14 18 31 44 51 58 61 72
14 18 34 44 45 48 55 71
14 18 34 45 55 61 65 78
14 18 34 48 55 65 71 75
14 19 22 30 33 38 54 76
14 19 22 30 33 38 57 79
14 19 22 30 41 54 65 79
14 19 22 33 44 57 68 76
14 19 25 27 33 38 57 73
14 19 25 27 33 38 60 76
14 19 25 27 44 60 68 73
14 19 25 33 41 57 65 76
14 19 27 33 44 52 57 68
14 19 27 33 44 60 71 76
14 19 27 33 49 52 60 71
14 19 27 38 49 52 60 68
14 19 27 49 57 60 71 76
14 19 27 52 60 68 71 73
14 19 30 33 41 52 57 65
14 19 30 33 41 54 71 76
14 19 30 33 46 52 54 71
14 19 30 38 46 52 54 65
14 19 30 46 54 57 71 76
14 19 30 52 54 65 71 79
14 19 33 38 46 54 57 79
14 19 33 38 49 57 60 73
14 20 23 32 35 41 59 74
14 20 23 32 35 41 62 77
14 20 23 32 44 59 71 77
14 20 23 35 38 62 65 74
14 20 26 29 35 41 56 74
14 20 26 29 35 41 62 80
14 20 26 29 38 56 65 80
14 20 26 35 44 62 71 74
14 20 29 35 38 47 62 65
14 20 29 35 38 56 68 74
14 20 29 35 47 53 56 68
14 20 29 41 47 53 56 65
14 20 29 47 56 65 68 80
14 20 29 53 56 62 68 74
14 20 32 35 44 47 62 71
14 20 32 35 44 59 68 74
14 20 32 35 47 50 59 68
14 20 32 41 47 50 59 71
14 20 32 47 59 68 71 77
14 20 32 50 59 62 68 74
14 20 35 41 50 59 62 77
14 20 35 41 53 56 62 80
14 21 24 28 34 44 55 72
14 21 24 28 34 44 58 75
14 21 24 28 41 58 71 72
14 21 24 34 38 55 68 75
14 21 28 31 41 51 58 71
14 21 28 31 41 61 65 72
14 21 28 31 48 51 61 65
14 21 28 34 38 51 58 68
14 21 28 34 38 55 65 72
14 21 28 34 45 51 55 65
14 21 28 44 45 55 58 75
14 21 28 44 48 58 61 78
14 21 31 44 48 51 61 71
14 21 31 48 58 61 65 72
14 21 31 51 61 65 71 78
14 21 34 44 45 51 55 68
14 21 34 45 55 58 65 72
14 21 34 51 55 65 68 75
14 22 25 27 30 38 54 73
14 22 25 27 30 38 60 79
14 22 25 27 41 60 65 73
14 22 25 30 44 54 68 79
14 22 27 30 41 46 54 65
14 22 27 30 41 60 71 79
14 22 27 30 46 49 60 71
14 22 27 38 46 49 60 65
14 22 27 46 60 65 71 73
14 22 27 49 54 60 71 79
14 22 30 33 44 46 54 68
14 22 30 33 44 57 71 79
14 22 30 33 46 52 57 71
14 22 30 38 49 54 60 73
14 22 30 38 52 54 57 76
14 22 33 38 46 52 57 68
14 22 33 46 57 68 71 76
14 22 33 52 54 57 71 79
14 23 26 29 32 41 56 77
14 23 26 29 32 41 59 80
14 23 26 29 44 56 71 80
14 23 26 32 38 59 65 77
14 23 29 32 44 50 59 71
14 23 29 32 44 56 68 77
14 23 29 32 50 53 56 68
14 23 29 41 50 53 56 71
14 23 29 50 56 68 71 80
14 23 29 53 56 59 68 77
14 23 32 35 38 50 59 65
14 23 32 35 38 62 68 77
14 23 32 35 47 50 62 68
14 23 32 41 47 59 62 74
14 23 32 41 53 56 59 80
14 23 35 41 47 50 62 65
14 23 35 47 59 62 68 77
14 23 35 50 62 65 68 74
14 24 28 34 41 45 55 71
14 24 28 34 41 58 65 75
14 24 28 34 45 51 58 65
14 24 28 44 45 51 58 71
14 24 28 45 58 65 71 72
14 24 28 51 55 58 65 75
14 24 31 34 38 45 55 68
14 24 31 34 38 61 65 75
14 24 31 34 45 48 61 65
14 24 31 44 45 48 61 68
14 24 31 45 61 65 68 78
14 24 31 48 55 61 65 75
14 24 34 44 48 55 61 78
14 24 34 44 51 55 58 72
14 25 27 30 44 49 60 68
14 25 27 30 44 54 71 73
14 25 27 30 46 49 54 71
14 25 27 33 41 49 60 65
14 25 27 33 41 57 71 73
14 25 27 33 49 52 57 71
14 25 27 38 46 54 60 79
14 25 27 38 52 57 60 76
14 25 30 38 46 49 54 68
14 25 30 46 54 60 71 73
14 25 30 49 54 68 71 79
14 25 33 38 49 52 57 65
14 25 33 49 57 65 71 76
14 25 33 52 57 60 71 73
14 26 29 32 38 53 56 65
14 26 29 32 38 59 68 80
14 26 29 32 50 53 59 68
14 26 29 35 44 53 56 71
14 26 29 35 44 62 68 80
14 26 29 35 47 53 62 68
14 26 29 41 47 56 62 74
14 26 29 41 50 56 59 77
14 26 32 41 50 53 59 65
14 26 32 50 56 59 68 80
14 26 32 53 59 65 68 77
14 26 35 41 47 53 62 71
14 26 35 47 56 62 68 80
14 26 35 53 62 68 71 74
14 27 30 38 46 60 65 79
14 27 30 38 49 54 68 73
14 27 33 38 49 57 65 73
14 27 33 38 52 60 68 76
14 27 38 41 46 49 60 79
14 27 38 44 49 52 60 76
14 27 41 46 60 71 73 79
14 27 44 52 60 71 73 76
14 27 46 54 60 65 71 79
14 27 52 57 60 68 71 76
14 28 31 44 48 58 68 78
14 28 31 44 51 61 71 72
14 28 34 44 45 58 71 75
14 28 34 44 51 55 68 72
14 28 38 44 48 51 58 78
14 28 38 48 58 65 72 78
14 28 41 44 45 51 58 75
14 28 41 45 58 65 72 75
14 28 45 55 58 65 71 75
14 28 48 58 61 65 68 78
14 29 32 41 50 56 71 77
14 29 32 41 53 59 65 80
14 29 35 41 47 56 65 74
14 29 35 41 53 62 71 80
14 29 38 41 47 53 56 74
14 29 38 47 56 68 74 80
14 29 41 44 50 53 56 77
14 29 44 50 56 68 77 80
14 29 47 56 62 65 68 74
14 29 50 56 59 68 71 77
14 30 33 38 46 57 68 79
14 30 33 38 52 54 65 76
14 30 38 41 46 52 54 76
14 30 38 44 46 49 54 73
14 30 41 52 54 71 76 79
14 30 44 49 54 71 73 79
14 30 49 54 60 68 71 73
14 30 52 54 57 65 71 76
14 31 34 44 45 61 68 75
14 31 34 44 48 55 71 78
14 31 38 44 45 48 61 75
14 31 38 45 61 65 75 78
14 31 41 44 48 51 61 72
14 31 41 51 61 65 72 78
14 31 45 55 61 65 68 75
14 31 51 58 61 65 71 72
14 32 35 41 47 59 71 74
14 32 35 41 50 62 65 77
14 32 38 41 50 53 59 80
14 32 38 53 59 68 77 80
14 32 41 44 47 50 59 74
14 32 44 47 59 68 74 77
14 32 47 59 62 68 71 74
14 32 53 56 59 65 68 80
14 33 38 41 49 52 57 73
14 33 38 44 46 52 57 79
14 33 41 49 57 71 73 76
14 33 44 46 57 71 76 79
14 33 46 54 57 68 71 79
14 33 49 57 60 65 71 73
14 34 38 44 45 51 55 72
14 34 38 51 55 65 72 75
14 34 41 44 45 48 55 78
14 34 41 48 55 65 75 78
14 34 48 55 61 65 71 78
14 34 51 55 58 65 68 72
14 35 38 41 47 50 62 77
14 35 38 50 62 68 74 77
14 35 41 44 47 53 62 80
14 35 44 53 62 68 74 80
14 35 50 59 62 65 68 77
14 35 53 56 62 68 71 80
14 36 37 38 39 41 67 70
14 36 37 38 40 41 63 66
14 36 37 41 42 44 64 70
14 36 37 41 43 44 66 69
14 36 38 39 40 44 67 70
14 36 38 40 41 42 64 70
14 36 38 40 43 44 63 69
14 36 38 42 43 44 64 70
14 36 39 41 43 44 67 70
14 36 39 63 64 65 67 68
14 36 39 64 65 66 67 71
14 36 39 64 67 68 69 71
14 36 42 63 65 67 70 71
14 36 42 65 67 68 69 70
14 36 42 66 67 68 70 71
14 37 38 39 40 44 63 66
14 37 38 39 41 43 66 69
14 37 38 39 42 44 64 67
14 37 38 42 43 44 66 69
14 37 40 41 42 44 63 66
14 37 40 64 65 66 69 71
14 37 40 65 66 68 69 70
14 37 40 66 67 68 69 71
14 37 43 63 64 68 69 71
14 37 43 63 65 67 68 69
14 37 43 63 65 69 70 71
14 38 39 41 42 43 64 67
14 38 40 41 42 43 63 69
14 39 40 41 42 44 64 67
14 39 40 41 43 44 63 69
14 39 42 63 64 68 70 71
14 39 42 64 65 66 68 70
14 39 42 64 65 69 70 71
14 40 43 63 64 65 66 68
14 40 43 63 65 66 67 71
14 40 43 63 66 68 70 71
15 16 36 37 40 42 65 68
15 16 36 39 40 43 65 71
15 16 37 39 42 43 68 71
15 16 38 41 63 64 67 69
15 16 38 44 63 66 67 70
15 16 41 44 64 66 69 70
15 17 36 38 39 44 64 70
15 17 36 41 42 44 64 67
15 17 37 40 63 68 69 71
15 17 37 43 63 65 66 71
15 17 38 39 41 42 67 70
15 17 40 43 65 66 68 69
15 18 21 27 30 42 54 72
15 18 21 27 30 42 57 75
15 18 21 27 36 54 63 75
15 18 21 30 39 57 66 72
15 18 24 30 33 42 57 78
15 18 24 30 33 42 60 72
15 18 24 30 36 57 63 72
15 18 24 33 39 60 66 78
15 18 27 30 36 45 57 63
15 18 27 30 36 54 69 72
15 18 27 30 45 48 54 69
15 18 27 42 45 48 54 63
15 18 27 45 54 63 69 75
15 18 27 48 54 57 69 72
15 18 30 33 39 45 57 66
15 18 30 33 39 60 69 72
15 18 30 33 45 51 60 69
15 18 30 42 48 54 57 75
15 18 30 42 51 57 60 78
15 18 33 42 45 51 60 66
15 18 33 45 60 66 69 78
15 18 33 51 57 60 69 72
15 19 22 29 32 36 59 79
15 19 22 29 32 36 62 73
15 19 22 29 39 59 69 73
15 19 22 32 42 62 63 79
15 19 25 32 35 36 56 79
15 19 25 32 35 36 62 76
15 19 25 32 39 62 69 79
15 19 25 35 42 56 63 76
15 19 29 32 39 49 62 69
15 19 29 32 39 59 66 79
15 19 29 32 49 52 59 66
15 19 29 36 49 52 59 69
15 19 29 49 59 66 69 73
15 19 29 52 59 62 66 79
15 19 32 35 42 49 62 63
15 19 32 35 42 56 66 79
15 19 32 35 46 49 56 66
15 19 32 36 46 56 62 76
15 19 32 36 52 59 62 73
15 19 35 36 46 49 56 63
15 19 35 46 56 62 66 79
15 19 35 49 56 63 66 76
15 20 23 31 34 39 55 77
15 20 23 31 34 39 58 80
15 20 23 31 42 55 66 80
15 20 23 34 36 58 69 77
15 20 26 28 34 39 58 74
15 20 26 28 34 39 61 77
15 20 26 28 36 61 69 74
15 20 26 34 42 58 66 77
15 20 28 34 36 53 58 69
15 20 28 34 36 61 63 77
15 20 28 34 50 53 61 63
15 20 28 39 50 53 61 69
15 20 28 50 58 61 63 77
15 20 28 53 61 63 69 74
15 20 31 34 42 53 58 66
15 20 31 34 42 55 63 77
15 20 31 34 47 53 55 63
15 20 31 39 47 53 55 66
15 20 31 47 55 58 63 77
15 20 31 53 55 63 66 80
15 20 34 39 47 55 58 80
15 20 34 39 50 58 61 74
15 21 24 27 33 42 54 78
15 21 24 27 33 42 60 75
15 21 24 27 39 54 66 75
15 21 24 33 36 60 63 78
15 21 27 30 39 48 54 66
15 21 27 30 39 57 69 75
15 21 27 30 45 48 57 69
15 21 27 33 36 48 54 63
15 21 27 33 36 60 69 75
15 21 27 33 48 51 60 69
15 21 27 42 45 54 57 72
15 21 27 42 51 54 60 78
15 21 30 42 45 48 57 66
15 21 30 45 54 57 69 75
15 21 30 48 57 66 69 72
15 21 33 42 48 51 60 63
15 21 33 48 60 63 69 78
15 21 33 51 54 60 69 75
15 22 25 29 35 36 56 73
15 22 25 29 35 36 59 76
15 22 25 29 42 59 63 73
15 22 25 35 39 56 69 76
15 22 29 32 42 52 59 63
15 22 29 32 42 62 66 73
15 22 29 32 49 52 62 66
15 22 29 35 39 52 59 69
15 22 29 35 39 56 66 73
15 22 29 35 46 52 56 66
15 22 29 36 46 56 59 76
15 22 29 36 49 59 62 79
15 22 32 36 49 52 62 63
15 22 32 49 59 62 66 73
15 22 32 52 62 63 66 79
15 22 35 36 46 52 56 69
15 22 35 46 56 59 66 73
15 22 35 52 56 66 69 76
15 23 26 28 31 39 55 74
15 23 26 28 31 39 61 80
15 23 26 28 42 61 66 74
15 23 26 31 36 55 69 80
15 23 28 31 42 47 55 66
15 23 28 31 42 61 63 80
15 23 28 31 47 50 61 63
15 23 28 39 47 50 61 66
15 23 28 47 61 63 66 74
15 23 28 50 55 61 63 80
15 23 31 34 36 47 55 69
15 23 31 34 36 58 63 80
15 23 31 34 47 53 58 63
15 23 31 39 50 55 61 74
15 23 31 39 53 55 58 77
15 23 34 39 47 53 58 69
15 23 34 47 58 63 69 77
15 23 34 53 55 58 63 80
15 24 27 33 39 51 60 66
15 24 27 33 39 54 69 78
15 24 27 33 48 51 54 69
15 24 27 42 48 51 54 66
15 24 27 48 54 60 69 78
15 24 27 51 54 66 69 75
15 24 30 33 36 51 60 63
15 24 30 33 36 57 69 78
15 24 30 33 45 51 57 69
15 24 30 42 45 51 57 63
15 24 30 45 57 60 69 78
15 24 30 51 57 63 69 72
15 24 33 42 45 57 60 72
15 24 33 42 48 54 60 75
15 25 29 35 42 46 56 63
15 25 29 35 42 59 66 76
15 25 29 35 46 52 59 66
15 25 29 36 46 52 59 63
15 25 29 46 59 63 66 73
15 25 29 52 56 59 66 76
15 25 32 35 39 46 56 69
15 25 32 35 39 62 66 76
15 25 32 35 46 49 62 66
15 25 32 36 46 49 62 69
15 25 32 46 62 66 69 79
15 25 32 49 56 62 66 76
15 25 35 36 49 56 62 79
15 25 35 36 52 56 59 73
15 26 28 31 36 50 61 69
15 26 28 31 36 55 63 74
15 26 28 31 47 50 55 63
15 26 28 34 42 50 61 66
15 26 28 34 42 58 63 74
15 26 28 34 50 53 58 63
15 26 28 39 47 55 61 80
15 26 28 39 53 58 61 77
15 26 31 39 47 50 55 69
15 26 31 47 55 61 63 74
15 26 31 50 55 63 69 80
15 26 34 39 50 53 58 66
15 26 34 50 58 63 66 77
15 26 34 53 58 61 63 74
15 27 30 42 45 54 63 72
15 27 30 42 48 57 66 75
15 27 33 42 48 60 63 75
15 27 33 42 51 54 66 78
15 27 36 42 45 48 54 72
15 27 36 45 54 69 72 75
15 27 39 42 48 51 54 78
15 27 39 51 54 69 75 78
15 27 45 54 57 63 69 72
15 27 51 54 60 66 69 78
15 28 31 39 47 61 66 80
15 28 31 39 50 55 69 74
15 28 34 39 50 58 66 74
15 28 34 39 53 61 69 77
15 28 36 39 50 53 61 77
15 28 36 53 61 63 74 77
15 28 39 42 47 50 61 80
15 28 42 47 61 63 74 80
15 28 47 55 61 63 66 80
15 28 53 58 61 63 69 77
15 29 32 36 49 59 69 79
15 29 32 36 52 62 63 73
15 29 35 36 46 59 63 76
15 29 35 36 52 56 69 73
15 29 36 39 49 52 59 79
15 29 36 42 46 52 59 76
15 29 39 49 59 66 73 79
15 29 42 46 59 66 73 76
15 29 46 56 59 63 66 76
15 29 49 59 62 66 69 79
15 30 33 42 45 60 66 72
15 30 33 42 51 57 63 78
15 30 36 42 45 51 57 78
15 30 36 51 57 69 72 78
15 30 39 42 45 48 57 75
15 30 39 48 57 69 72 75
15 30 48 54 57 66 69 75
15 30 51 57 60 63 69 78
15 31 34 39 47 58 69 80
15 31 34 39 53 55 66 77
15 31 36 39 47 50 55 74
15 31 36 50 55 63 74 80
15 31 39 42 47 53 55 77
15 31 42 53 55 63 77 80
15 31 50 55 61 63 69 74
15 31 53 55 58 63 66 77
15 32 35 36 46 62 69 76
15 32 35 36 49 56 63 79
15 32 36 39 46 49 62 76
15 32 36 42 49 52 62 73
15 32 39 46 62 66 76 79
15 32 42 52 62 66 73 79
15 32 46 56 62 66 69 76
15 32 52 59 62 63 66 73
15 33 36 42 48 51 60 75
15 33 36 48 60 69 75 78
15 33 39 42 45 51 60 72
15 33 39 45 60 69 72 78
15 33 45 57 60 66 69 72
15 33 48 54 60 63 69 75
15 34 36 39 47 53 58 80
15 34 36 47 58 63 77 80
15 34 39 42 50 53 58 74
15 34 42 50 58 63 74 77
15 34 47 55 58 63 69 80
15 34 50 58 61 63 66 74
15 35 36 39 46 52 56 73
15 35 36 42 46 49 56 79
15 35 39 52 56 66 73 76
15 35 42 49 56 66 76 79
15 35 49 56 62 63 66 79
15 35 52 56 59 66 69 73
15 36 37 38 42 43 65 71
15 36 37 38 42 44 67 70
15 36 37 39 40 41 68 71
15 36 37 39 41 44 64 70
15 36 37 39 43 44 65 71
15 36 37 40 42 44 68 71
15 36 38 39 40 41 64 67
15 36 38 39 40 43 65 68
15 36 38 39 43 44 67 70
15 36 38 41 42 43 64 67
15 36 40 41 42 43 65 68
15 36 40 41 42 44 64 70
15 37 38 39 40 42 68 71
15 37 38 39 41 42 64 67
15 37 39 41 42 43 65 71
15 37 40 63 65 66 67 68
15 37 40 63 65 68 69 70
15 37 40 64 65 66 68 69
15 37 43 63 64 66 68 71
15 37 43 63 67 68 69 71
15 37 43 66 68 69 70 71
15 38 39 40 42 44 67 70
15 38 41 63 65 66 67 70
15 38 41 63 67 68 69 70
15 38 41 66 67 69 70 71
15 38 44 63 64 65 69 70
15 38 44 63 64 66 70 71
15 38 44 64 66 68 69 70
15 39 40 42 43 44 65 68
15 39 41 42 43 44 64 70
15 40 43 63 64 65 69 71
15 40 43 63 65 66 70 71
15 40 43 65 66 67 69 71
15 41 44 63 64 66 67 68
15 41 44 63 64 67 69 71
15 41 44 64 65 66 67 69
16 17 36 39 64 67 68 71
16 17 36 42 65 67 70 71
16 17 37 38 41 43 66 69
16 17 37 40 41 44 63 66
16 17 38 40 43 44 63 69
16 17 39 42 64 65 68 70
16 18 21 29 35 40 59 75
16 18 21 29 35 40 62 78
16 18 21 29 37 62 70 75
16 18 21 35 43 59 67 78
16 18 24 29 32 40 56 75
16 18 24 29 32 40 62 72
16 18 24 29 43 62 67 75
16 18 24 32 37 56 70 72
16 18 29 32 37 51 62 70
16 18 29 32 37 56 64 75
16 18 29 32 48 51 56 64
16 18 29 35 43 51 62 67
16 18 29 35 43 59 64 75
16 18 29 35 45 51 59 64
16 18 29 40 45 59 62 78
16 18 29 40 48 56 62 72
16 18 32 40 48 51 56 70
16 18 32 48 56 62 64 75
16 18 32 51 56 64 70 72
16 18 35 40 45 51 59 67
16 18 35 45 59 62 64 75
16 18 35 51 59 64 67 78
16 19 22 28 31 43 55 73
16 19 22 28 31 43 58 76
16 19 22 28 37 55 64 76
16 19 22 31 40 58 67 73
16 19 25 31 34 43 58 79
16 19 25 31 34 43 61 73
16 19 25 31 37 58 64 73
16 19 25 34 40 61 67 79
16 19 28 31 37 46 58 64
16 19 28 31 37 55 70 73
16 19 28 31 46 49 55 70
16 19 28 43 46 49 55 64
16 19 28 46 55 64 70 76
16 19 28 49 55 58 70 73
16 19 31 34 40 46 58 67
16 19 31 34 40 61 70 73
16 19 31 34 46 52 61 70
16 19 31 43 49 55 58 76
16 19 31 43 52 58 61 79
16 19 34 43 46 52 61 67
16 19 34 46 61 67 70 79
16 19 34 52 58 61 70 73
16 20 23 30 33 37 54 74
16 20 23 30 33 37 60 80
16 20 23 30 40 60 70 74
16 20 23 33 43 54 64 80
16 20 26 27 33 37 54 77
16 20 26 27 33 37 57 80
16 20 26 27 43 57 64 77
16 20 26 33 40 54 70 80
16 20 27 33 43 50 54 64
16 20 27 33 43 57 67 80
16 20 27 33 47 50 57 67
16 20 27 37 47 50 57 64
16 20 27 47 54 57 67 80
16 20 27 50 57 64 67 77
16 20 30 33 40 50 54 70
16 20 30 33 40 60 67 80
16 20 30 33 50 53 60 67
16 20 30 37 50 53 60 70
16 20 30 50 60 67 70 74
16 20 30 53 54 60 67 80
16 20 33 37 47 54 57 77
16 20 33 37 53 54 60 74
16 21 24 32 35 40 56 78
16 21 24 32 35 40 59 72
16 21 24 32 43 56 67 72
16 21 24 35 37 59 70 78
16 21 29 35 37 45 59 70
16 21 29 35 37 62 64 78
16 21 29 35 45 51 62 64
16 21 29 40 45 51 62 70
16 21 29 45 62 64 70 75
16 21 29 51 59 62 64 78
16 21 32 35 43 45 59 67
16 21 32 35 43 56 64 78
16 21 32 35 45 48 56 64
16 21 32 40 45 48 56 67
16 21 32 45 56 64 67 72
16 21 32 48 56 59 64 78
16 21 35 40 48 56 59 72
16 21 35 40 51 59 62 75
16 22 25 28 34 43 55 79
16 22 25 28 34 43 61 76
16 22 25 28 40 55 67 76
16 22 25 34 37 61 64 79
16 22 28 31 40 49 55 67
16 22 28 31 40 58 70 76
16 22 28 31 46 49 58 70
16 22 28 34 37 49 55 64
16 22 28 34 37 61 70 76
16 22 28 34 49 52 61 70
16 22 28 43 46 55 58 73
16 22 28 43 52 55 61 79
16 22 31 43 46 49 58 67
16 22 31 46 55 58 70 76
16 22 31 49 58 67 70 73
16 22 34 43 49 52 61 64
16 22 34 49 61 64 70 79
16 22 34 52 55 61 70 76
16 23 26 27 30 37 57 74
16 23 26 27 30 37 60 77
16 23 26 27 40 57 70 77
16 23 26 30 43 60 64 74
16 23 27 30 40 53 60 70
16 23 27 30 40 57 67 74
16 23 27 30 47 53 57 67
16 23 27 37 47 53 57 70
16 23 27 47 57 60 67 74
16 23 27 53 57 67 70 77
16 23 30 33 43 53 60 64
16 23 30 33 43 54 67 74
16 23 30 33 50 53 54 67
16 23 30 37 47 57 60 77
16 23 30 37 50 54 60 80
16 23 33 37 50 53 54 64
16 23 33 50 54 60 67 74
16 23 33 53 54 64 67 80
16 24 29 32 43 48 56 67
16 24 29 32 43 62 64 72
16 24 29 32 48 51 62 64
16 24 29 40 48 51 62 67
16 24 29 48 62 64 67 75
16 24 29 51 56 62 64 72
16 24 32 35 37 48 56 70
16 24 32 35 37 59 64 72
16 24 32 35 45 48 59 64
16 24 32 40 45 56 59 78
16 24 32 40 51 56 62 75
16 24 35 40 45 48 59 70
16 24 35 45 56 59 64 72
16 24 35 48 59 64 70 78
16 25 28 34 40 52 61 67
16 25 28 34 40 55 70 79
16 25 28 34 49 52 55 70
16 25 28 43 49 52 55 67
16 25 28 49 55 61 70 79
16 25 28 52 55 67 70 76
16 25 31 34 37 52 61 64
16 25 31 34 37 58 70 79
16 25 31 34 46 52 58 70
16 25 31 43 46 52 58 64
16 25 31 46 58 61 70 79
16 25 31 52 58 64 70 73
16 25 34 43 46 58 61 73
16 25 34 43 49 55 61 76
16 26 27 30 43 47 57 64
16 26 27 30 43 60 67 77
16 26 27 30 47 53 60 67
16 26 27 33 40 47 57 70
16 26 27 33 40 54 67 77
16 26 27 33 47 50 54 67
16 26 27 37 50 54 57 80
16 26 27 37 53 57 60 74
16 26 30 37 47 53 60 64
16 26 30 47 60 64 67 74
16 26 30 53 57 60 67 77
16 26 33 37 47 50 54 70
16 26 33 47 54 67 70 80
16 26 33 50 54 57 67 77
16 27 30 37 47 60 64 77
16 27 30 37 53 57 70 74
16 27 33 37 47 54 70 77
16 27 33 37 50 57 64 80
16 27 37 40 47 53 57 74
16 27 37 43 47 50 57 80
16 27 40 53 57 67 74 77
16 27 43 50 57 67 77 80
16 27 50 54 57 64 67 80
16 27 53 57 60 67 70 74
16 28 31 43 46 55 64 73
16 28 31 43 49 58 67 76
16 28 34 43 49 61 64 76
16 28 34 43 52 55 67 79
16 28 37 43 46 49 55 73
16 28 37 46 55 70 73 76
16 28 40 43 49 52 55 79
16 28 40 52 55 70 76 79
16 28 46 55 58 64 70 73
16 28 52 55 61 67 70 79
16 29 32 40 48 62 67 72
16 29 32 40 51 56 70 75
16 29 35 40 45 62 70 78
16 29 35 40 51 59 67 75
16 29 37 40 45 51 62 78
16 29 37 45 62 64 75 78
16 29 40 43 48 51 62 72
16 29 43 48 62 64 72 75
16 29 45 59 62 64 70 78
16 29 48 56 62 64 67 72
16 30 33 37 50 60 70 80
16 30 33 37 53 54 64 74
16 30 37 40 50 53 60 80
16 30 37 43 47 53 60 77
16 30 40 50 60 67 74 80
16 30 43 47 60 67 74 77
16 30 47 57 60 64 67 77
16 30 50 54 60 67 70 80
16 31 34 43 46 61 67 73
16 31 34 43 52 58 64 79
16 31 37 43 46 52 58 79
16 31 37 52 58 70 73 79
16 31 40 43 46 49 58 76
16 31 40 49 58 70 73 76
16 31 49 55 58 67 70 76
16 31 52 58 61 64 70 79
16 32 35 40 45 56 67 78
16 32 35 40 48 59 70 72
16 32 37 40 48 51 56 75
16 32 37 51 56 64 72 75
16 32 40 43 45 48 56 78
16 32 43 45 56 64 72 78
16 32 45 56 59 64 67 78
16 32 51 56 62 64 70 75
16 33 37 40 47 50 54 77
16 33 37 43 50 53 54 74
16 33 40 47 54 67 77 80
16 33 43 53 54 67 74 80
16 33 47 54 57 67 70 77
16 33 53 54 60 64 67 74
16 34 37 43 49 52 61 76
16 34 37 49 61 70 76 79
16 34 40 43 46 52 61 73
16 34 40 46 61 70 73 79
16 34 46 58 61 67 70 73
16 34 49 55 61 64 70 76
16 35 37 40 45 48 59 72
16 35 37 48 59 64 72 78
16 35 40 43 45 51 59 75
16 35 43 51 59 64 75 78
16 35 48 56 59 64 70 72
16 35 51 59 62 64 67 75
16 36 37 38 39 43 68 71
16 36 37 38 40 42 65 71
16 36 37 38 40 44 63 66
16 36 37 38 41 43 63 69
16 36 37 39 40 44 68 71
16 36 37 41 42 43 65 71
16 36 39 40 41 43 68 71
16 36 39 63 64 65 67 71
16 36 39 64 65 66 70 71
16 36 39 65 67 69 70 71
16 36 40 41 43 44 66 69
16 36 40 42 43 44 65 71
16 36 42 63 64 65 68 70
16 36 42 64 65 67 68 69
16 36 42 65 66 67 68 70
16 37 38 39 43 44 63 66
16 37 38 40 41 42 63 69
16 37 39 40 41 42 65 68
16 37 39 40 41 44 66 69
16 37 39 42 43 44 65 68
16 37 41 42 43 44 66 69
16 38 39 40 41 43 63 69
16 38 39 40 42 43 65 68
16 38 40 42 43 44 63 66
16 38 41 64 66 67 68 69
16 38 41 64 66 69 70 71
16 38 41 65 66 67 69 70
16 38 44 63 64 65 67 69
16 38 44 63 64 68 69 70
16 38 44 63 67 69 70 71
16 39 42 63 67 68 70 71
16 39 42 64 66 67 68 71
16 39 42 64 68 69 70 71
16 41 44 63 64 65 66 70
16 41 44 63 64 66 67 71
16 41 44 63 66 67 68 70
17 18 21 28 34 38 55 78
17 18 21 28 34 38 58 72
17 18 21 28 44 58 65 78
17 18 21 34 41 55 71 72
17 18 24 28 31 38 58 75
17 18 24 28 31 38 61 78
17 18 24 28 41 58 71 78
17 18 24 31 44 61 65 75
17 18 28 31 44 48 58 65
17 18 28 31 44 61 68 78
17 18 28 31 45 48 61 68
17 18 28 34 41 48 58 71
17 18 28 34 41 55 68 78
17 18 28 34 48 51 55 68
17 18 28 38 45 58 61 75
17 18 28 38 51 55 58 72
17 18 31 38 45 48 61 65
17 18 31 45 58 61 68 78
17 18 31 48 61 65 68 75
17 18 34 38 48 51 55 71
17 18 34 48 55 68 71 72
17 18 34 51 55 58 68 78
17 19 22 27 30 41 54 79
17 19 22 27 30 41 60 76
17 19 22 27 44 60 68 79
17 19 22 30 38 54 71 76
17 19 25 30 33 41 54 73
17 19 25 30 33 41 57 76
17 19 25 30 44 54 68 76
17 19 25 33 38 57 71 73
17 19 27 30 44 52 54 68
17 19 27 30 44 60 65 76
17 19 27 30 46 52 60 65
17 19 27 41 46 52 60 68
17 19 27 46 54 60 65 76
17 19 27 52 60 65 68 79
17 19 30 33 38 52 54 71
17 19 30 33 38 57 65 76
17 19 30 33 49 52 57 65
17 19 30 41 46 54 60 79
17 19 30 41 49 54 57 73
17 19 33 41 49 52 57 71
17 19 33 49 54 57 65 76
17 19 33 52 57 65 71 73
17 20 23 29 32 44 56 74
17 20 23 29 32 44 59 77
17 20 23 29 38 56 65 77
17 20 23 32 41 59 68 74
17 20 26 32 35 44 59 80
17 20 26 32 35 44 62 74
17 20 26 32 38 59 65 74
17 20 26 35 41 62 68 80
17 20 29 32 38 47 59 65
17 20 29 32 38 56 71 74
17 20 29 32 47 50 56 71
17 20 29 44 47 50 56 65
17 20 29 47 56 65 71 77
17 20 29 50 56 59 71 74
17 20 32 35 41 47 59 68
17 20 32 35 41 62 71 74
17 20 32 35 47 53 62 71
17 20 32 44 50 56 59 77
17 20 32 44 53 59 62 80
17 20 35 44 47 53 62 68
17 20 35 47 62 68 71 80
17 20 35 53 59 62 71 74
17 21 24 31 34 38 55 75
17 21 24 31 34 38 61 72
17 21 24 31 41 61 71 75
17 21 24 34 44 55 65 72
17 21 28 34 44 51 55 65
17 21 28 34 44 58 68 72
17 21 28 34 48 51 58 68
17 21 28 38 48 51 58 65
17 21 28 48 55 58 68 72
17 21 28 51 58 65 68 78
17 21 31 34 41 51 55 71
17 21 31 34 41 61 68 72
17 21 31 34 45 51 61 68
17 21 31 38 45 51 61 71
17 21 31 45 55 61 68 72
17 21 31 51 61 68 71 75
17 21 34 38 45 55 61 75
17 21 34 38 48 55 58 78
17 22 25 27 33 41 57 79
17 22 25 27 33 41 60 73
17 22 25 27 38 60 71 79
17 22 25 33 44 57 68 73
17 22 27 30 38 46 60 71
17 22 27 30 38 54 65 79
17 22 27 30 46 52 54 65
17 22 27 33 44 46 60 68
17 22 27 33 44 57 65 79
17 22 27 33 46 49 57 65
17 22 27 41 49 57 60 73
17 22 27 41 52 54 60 76
17 22 30 41 46 52 54 71
17 22 30 46 54 65 71 76
17 22 30 52 54 60 65 79
17 22 33 41 46 49 57 68
17 22 33 46 57 65 68 73
17 22 33 49 57 60 65 79
17 23 26 29 35 44 56 80
17 23 26 29 35 44 62 77
17 23 26 29 41 56 68 77
17 23 26 35 38 62 65 80
17 23 29 32 41 50 56 68
17 23 29 32 41 59 71 77
17 23 29 32 47 50 59 71
17 23 29 35 38 50 56 65
17 23 29 35 38 62 71 77
17 23 29 35 50 53 62 71
17 23 29 44 47 56 59 74
17 23 29 44 53 56 62 80
17 23 32 44 47 50 59 68
17 23 32 47 56 59 71 77
17 23 32 50 59 68 71 74
17 23 35 44 50 53 62 65
17 23 35 50 62 65 71 80
17 23 35 53 56 62 71 77
17 24 28 31 41 45 61 71
17 24 28 31 41 58 68 75
17 24 28 31 45 48 58 68
17 24 28 38 45 48 58 71
17 24 28 45 58 68 71 78
17 24 28 48 58 61 68 75
17 24 31 34 44 45 61 65
17 24 31 34 44 55 68 75
17 24 31 34 45 51 55 68
17 24 31 38 48 58 61 78
17 24 31 38 51 55 61 72
17 24 34 38 45 51 55 65
17 24 34 45 55 65 68 72
17 24 34 51 55 61 68 75
17 25 27 33 38 49 57 71
17 25 27 33 38 60 65 73
17 25 27 33 46 49 60 65
17 25 27 41 46 49 60 71
17 25 27 46 57 60 65 73
17 25 27 49 60 65 71 79
17 25 30 33 44 49 57 68
17 25 30 33 44 54 65 73
17 25 30 33 49 52 54 65
17 25 30 41 49 52 54 68
17 25 30 49 54 65 68 76
17 25 30 52 54 57 65 73
17 25 33 41 46 57 60 79
17 25 33 41 52 54 57 76
17 26 29 35 41 53 62 68
17 26 29 35 41 56 71 80
17 26 29 35 50 53 56 71
17 26 29 44 50 53 56 68
17 26 29 50 56 62 71 80
17 26 29 53 56 68 71 77
17 26 32 35 38 53 62 65
17 26 32 35 38 59 71 80
17 26 32 35 47 53 59 71
17 26 32 44 47 53 59 65
17 26 32 47 59 62 71 80
17 26 32 53 59 65 71 74
17 26 35 44 47 59 62 74
17 26 35 44 50 56 62 77
17 27 30 41 46 54 71 79
17 27 30 41 52 60 68 76
17 27 33 41 46 57 68 79
17 27 33 41 49 60 71 73
17 27 38 41 46 49 60 73
17 27 38 49 60 65 73 79
17 27 41 44 46 52 60 76
17 27 44 52 60 65 76 79
17 27 49 57 60 65 71 73
17 27 52 54 60 65 68 76
17 28 31 38 45 58 71 75
17 28 31 38 48 61 65 78
17 28 34 38 48 55 71 78
17 28 34 38 51 58 65 72
17 28 38 41 45 48 58 75
17 28 38 44 48 51 58 72
17 28 41 45 58 68 75 78
17 28 44 51 58 68 72 78
17 28 45 58 61 68 71 75
17 28 51 55 58 65 68 72
17 29 32 44 47 56 65 74
17 29 32 44 50 59 68 77
17 29 35 44 50 62 65 77
17 29 35 44 53 56 68 80
17 29 38 44 47 50 56 74
17 29 38 47 56 71 74 77
17 29 41 44 50 53 56 80
17 29 41 53 56 71 77 80
17 29 47 56 59 65 71 74
17 29 53 56 62 68 71 80
17 30 33 41 49 54 68 73
17 30 33 41 52 57 71 76
17 30 38 41 46 52 54 79
17 30 38 46 54 65 76 79
17 30 41 44 49 52 54 73
17 30 44 49 54 65 73 76
17 30 46 54 60 65 71 79
17 30 49 54 57 65 68 73
17 31 34 38 45 55 65 75
17 31 34 38 51 61 71 72
17 31 38 41 45 51 61 72
17 31 38 44 45 48 61 78
17 31 41 51 61 68 72 75
17 31 44 48 61 68 75 78
17 31 48 58 61 65 68 78
17 31 51 55 61 68 71 72
17 32 35 44 47 62 68 74
17 32 35 44 53 59 65 80
17 32 38 44 47 53 59 80
17 32 38 53 59 71 74 80
17 32 41 44 47 50 59 77
17 32 41 50 59 71 74 77
17 32 50 56 59 68 71 77
17 32 53 59 62 65 71 80
17 33 38 41 49 52 57 76
17 33 38 52 57 65 73 76
17 33 41 44 46 49 57 79
17 33 44 46 57 65 73 79
17 33 46 57 60 65 68 79
17 33 52 54 57 65 71 76
17 34 38 41 48 51 55 78
17 34 38 44 45 51 55 75
17 34 41 48 55 68 72 78
17 34 44 45 55 68 72 75
17 34 45 55 61 65 68 75
17 34 48 55 58 68 71 78
17 35 38 44 50 53 62 77
17 35 38 50 62 71 77 80
17 35 41 44 47 53 62 74
17 35 41 47 62 71 74 80
17 35 47 59 62 68 71 74
17 35 50 56 62 65 71 77
17 36 37 38 39 41 64 67
17 36 37 38 40 41 63 69
17 36 37 41 42 44 67 70
17 36 37 41 43 44 63 66
17 36 38 39 40 44 64 67
17 36 38 40 41 42 67 70
17 36 38 40 43 44 66 69
17 36 38 42 43 44 67 70
17 36 39 41 43 44 64 67
17 36 39 63 64 68 70 71
17 36 39 64 65 66 68 70
17 36 39 64 65 69 70 71
17 36 42 63 64 65 67 68
17 36 42 64 65 66 67 71
17 36 42 64 67 68 69 71
17 37 38 39 40 44 63 69
17 37 38 39 41 43 63 66
17 37 38 39 42 44 64 70
17 37 38 42 43 44 63 66
17 37 40 41 42 44 63 69
17 37 40 63 64 65 66 68
17 37 40 63 65 66 67 71
17 37 40 63 66 68 70 71
17 37 43 64 65 66 69 71
17 37 43 65 66 68 69 70
17 37 43 66 67 68 69 71
17 38 39 41 42 43 64 70
17 38 40 41 42 43 66 69
17 39 40 41 42 44 64 70
17 39 40 41 43 44 66 69
17 39 42 63 65 67 70 71
17 39 42 65 67 68 69 70
17 39 42 66 67 68 70 71
17 40 43 63 64 68 69 71
17 40 43 63 65 67 68 69
17 40 43 63 65 69 70 71
18 19 20 21 23 46 49 80
18 19 20 21 23 46 52 74
18 19 20 21 23 47 73 79
18 19 20 21 23 49 52 77
18 19 20 21 23 50 76 79
18 19 20 21 23 53 73 76
18 19 20 21 25 46 74 77
18 19 20 21 25 47 50 73
18 19 20 21 25 47 53 76
18 19 20 21 25 49 74 80
18 19 20 21 25 50 53 79
18 19 20 21 25 52 77 80
18 19 20 22 23 45 48 77
18 19 20 22 23 45 51 80
18 19 20 22 23 47 75 78
18 19 20 22 23 48 51 74
18 19 20 22 23 50 72 75
18 19 20 22 23 53 72 78
18 19 20 22 24 46 77 80
18 19 20 22 24 47 50 76
18 19 20 22 24 47 53 79
18 19 20 22 24 49 74 77
18 19 20 22 24 50 53 73
18 19 20 22 24 52 74 80
18 19 20 22 26 45 48 79
18 19 20 22 26 45 51 73
18 19 20 22 26 46 72 78
18 19 20 22 26 48 51 76
18 19 20 22 26 49 75 78
18 19 20 22 26 52 72 75
18 19 20 23 25 45 48 76
18 19 20 23 25 45 51 79
18 19 20 23 25 46 75 78
18 19 20 23 25 48 51 73
18 19 20 23 25 49 72 75
18 19 20 23 25 52 72 78
18 19 20 24 25 45 77 80
18 19 20 24 25 47 50 75
18 19 20 24 25 47 53 78
18 19 20 24 25 48 74 77
18 19 20 24 25 50 53 72
18 19 20 24 25 51 74 80
18 19 20 24 26 45 73 76
18 19 20 24 26 46 49 72
18 19 20 24 26 46 52 75
18 19 20 24 26 48 73 79
18 19 20 24 26 49 52 78
18 19 20 24 26 51 76 79
18 19 21 22 23 45 74 77
18 19 21 22 23 47 50 72
18 19 21 22 23 47 53 75
18 19 21 22 23 48 74 80
18 19 21 22 23 50 53 78
18 19 21 22 23 51 77 80
18 19 21 22 26 46 74 77
18 19 21 22 26 47 50 73
18 19 21 22 26 47 53 76
18 19 21 22 26 49 74 80
18 19 21 22 26 50 53 79
18 19 21 22 26 52 77 80
18 19 21 22 45 52 74 80
18 19 21 22 46 48 77 80
18 19 21 22 47 50 76 78
18 19 21 22 47 53 72 79
18 19 21 22 49 51 74 77
18 19 21 22 50 53 73 75
18 19 21 23 26 45 76 79
18 19 21 23 26 46 49 75
18 19 21 23 26 46 52 78
18 19 21 23 26 48 73 76
18 19 21 23 26 49 52 72
18 19 21 23 26 51 73 79
18 19 21 25 26 45 77 80
18 19 21 25 26 47 50 75
18 19 21 25 26 47 53 78
18 19 21 25 26 48 74 77
18 19 21 25 26 50 53 72
18 19 21 25 26 51 74 80
18 19 21 25 45 49 74 77
18 19 21 25 46 51 77 80
18 19 21 25 47 50 72 76
18 19 21 25 47 53 75 79
18 19 21 25 48 52 74 80
18 19 21 25 50 53 73 78
18 19 22 24 26 45 74 77
18 19 22 24 26 47 50 72
18 19 22 24 26 47 53 75
18 19 22 24 26 48 74 80
18 19 22 24 26 50 53 78
18 19 22 24 26 51 77 80
18 19 22 24 45 46 74 80
18 19 22 24 47 50 78 79
18 19 22 24 47 53 72 73
18 19 22 24 48 49 77 80
18 19 22 24 50 53 75 76
18 19 22 24 51 52 74 77
18 19 23 24 25 46 77 80
18 19 23 24 25 47 50 76
18 19 23 24 25 47 53 79
18 19 23 24 25 49 74 77
18 19 23 24 25 50 53 73
18 19 23 24 25 52 74 80
18 19 23 24 26 46 49 74
18 19 23 24 26 46 52 77
18 19 23 24 26 47 73 76
18 19 23 24 26 49 52 80
18 19 23 24 26 50 73 79
18 19 23 24 26 53 76 79
18 19 23 25 26 45 48 80
18 19 23 25 26 45 51 74
18 19 23 25 26 47 72 78
18 19 23 25 26 48 51 77
18 19 23 25 26 50 75 78
18 19 23 25 26 53 72 75
18 19 24 25 45 52 74 77
18 19 24 25 46 48 74 80
18 19 24 25 47 50 72 79
18 19 24 25 47 53 73 75
18 19 24 25 49 51 77 80
18 19 24 25 50 53 76 78
18 19 45 46 49 51 74 80
18 19 45 48 49 52 77 80
18 19 46 48 51 52 74 77
18 19 47 50 73 75 78 79
18 19 47 53 72 73 76 78
18 19 50 53 72 75 76 79
18 20 21 22 23 45 73 79
18 20 21 22 23 46 49 78
18 20 21 22 23 46 52 72
18 20 21 22 23 48 76 79
18 20 21 22 23 49 52 75
18 20 21 22 23 51 73 76
18 20 21 22 25 45 74 80
18 20 21 22 25 47 50 78
18 20 21 22 25 47 53 72
18 20 21 22 25 48 77 80
18 20 21 22 25 50 53 75
18 20 21 22 25 51 74 77
18 20 21 22 26 46 49 80
18 20 21 22 26 46 52 74
18 20 21 22 26 47 73 79
18 20 21 22 26 49 52 77
18 20 21 22 26 50 76 79
18 20 21 22 26 53 73 76
18 20 21 23 45 50 73 76
18 20 21 23 46 49 72 77
18 20 21 23 46 52 75 80
18 20 21 23 47 51 76 79
18 20 21 23 48 53 73 79
18 20 21 23 49 52 74 78
18 20 21 25 26 45 73 76
18 20 21 25 26 46 49 72
18 20 21 25 26 46 52 75
18 20 21 25 26 48 73 79
18 20 21 25 26 49 52 78
18 20 21 25 26 51 76 79
18 20 21 26 45 47 76 79
18 20 21 26 46 49 75 77
18 20 21 26 46 52 78 80
18 20 21 26 48 50 73 76
18 20 21 26 49 52 72 74
18 20 21 26 51 53 73 79
18 20 22 23 24 46 49 74
18 20 22 23 24 46 52 77
18 20 22 23 24 47 73 76
18 20 22 23 24 49 52 80
18 20 22 23 24 50 73 79
18 20 22 23 24 53 76 79
18 20 22 25 26 45 48 74
18 20 22 25 26 45 51 77
18 20 22 25 26 47 72 75
18 20 22 25 26 48 51 80
18 20 22 25 26 50 72 78
18 20 22 25 26 53 75 78
18 20 23 24 25 45 73 79
18 20 23 24 25 46 49 78
18 20 23 24 25 46 52 72
18 20 23 24 25 48 76 79
18 20 23 24 25 49 52 75
18 20 23 24 25 51 73 76
18 20 23 24 45 53 73 76
18 20 23 24 46 49 72 80
18 20 23 24 46 52 74 75
18 20 23 24 47 48 73 79
18 20 23 24 49 52 77 78
18 20 23 24 50 51 76 79
18 20 24 25 26 46 49 74
18 20 24 25 26 46 52 77
18 20 24 25 26 47 73 76
18 20 24 25 26 49 52 80
18 20 24 25 26 50 73 79
18 20 24 25 26 53 76 79
18 20 24 26 45 50 76 79
18 20 24 26 46 49 75 80
18 20 24 26 46 52 74 78
18 20 24 26 47 51 73 79
18 20 24 26 48 53 73 76
18 20 24 26 49 52 72 77
18 20 45 47 48 53 76 79
18 20 45 50 51 53 73 79
18 20 46 49 74 75 77 78
18 20 46 52 72 77 78 80
18 20 47 48 50 51 73 76
18 20 49 52 72 74 75 80
18 21 22 23 25 46 74 77
18 21 22 23 25 47 50 73
18 21 22 23 25 47 53 76
18 21 22 23 25 49 74 80
18 21 22 23 25 50 53 79
18 21 22 23 25 52 77 80
18 21 22 25 45 46 77 80
18 21 22 25 47 50 75 76
18 21 22 25 47 53 78 79
18 21 22 25 48 49 74 77
18 21 22 25 50 53 72 73
18 21 22 25 51 52 74 80
18 21 23 25 26 46 49 80
18 21 23 25 26 46 52 74
18 21 23 25 26 47 73 79
18 21 23 25 26 49 52 77
18 21 23 25 26 50 76 79
18 21 23 25 26 53 73 76
18 21 23 26 45 53 73 79
18 21 23 26 46 49 77 78
18 21 23 26 46 52 72 80
18 21 23 26 47 48 76 79
18 21 23 26 49 52 74 75
18 21 23 26 50 51 73 76
18 21 27 36 48 54 63 69
18 21 27 42 45 54 63 69
18 21 28 38 51 58 65 68
18 21 28 44 48 58 65 68
18 21 29 37 51 62 64 70
18 21 29 40 45 62 64 70
18 21 30 39 45 57 66 69
18 21 30 42 48 57 66 69
18 21 31 41 48 61 65 71
18 21 31 44 51 61 65 71
18 21 32 37 45 56 67 70
18 21 32 43 51 56 67 70
18 21 33 36 45 60 63 66
18 21 33 39 48 60 63 66
18 21 34 38 48 55 68 71
18 21 34 41 51 55 68 71
18 21 35 40 51 59 64 67
18 21 35 43 45 59 64 67
18 21 45 46 47 49 50 77
18 21 45 46 47 49 53 79
18 21 45 46 47 50 52 76
18 21 45 46 50 52 53 80
18 21 45 47 49 52 53 74
18 21 45 49 50 52 53 73
18 21 46 47 48 49 53 77
18 21 46 47 48 50 52 80
18 21 46 47 48 52 53 79
18 21 46 47 49 50 51 76
18 21 46 47 49 50 73 80
18 21 46 47 49 53 76 80
18 21 46 47 50 52 73 74
18 21 46 47 51 52 53 80
18 21 46 47 52 53 74 76
18 21 46 47 73 74 77 79
18 21 46 48 49 50 53 73
18 21 46 49 50 51 53 77
18 21 46 49 50 53 79 80
18 21 46 50 51 52 53 73
18 21 46 50 52 53 74 79
18 21 46 50 74 76 77 79
18 21 46 53 73 74 76 77
18 21 46 72 76 77 79 80
18 21 46 73 75 76 77 80
18 21 46 73 77 78 79 80
18 21 47 48 49 50 52 76
18 21 47 49 50 51 52 74
18 21 47 49 50 52 73 77
18 21 47 49 51 52 53 79
18 21 47 49 52 53 76 77
18 21 47 49 73 74 79 80
18 21 47 52 73 77 79 80
18 21 47 72 74 76 79 80
18 21 47 74 76 77 78 79
18 21 47 75 76 77 79 80
18 21 48 49 50 52 53 74
18 21 49 50 52 53 77 79
18 21 49 50 74 76 79 80
18 21 49 53 73 74 76 80
18 21 49 72 73 74 77 79
18 21 49 73 74 76 77 78
18 21 49 74 75 76 77 79
18 21 50 52 76 77 79 80
18 21 50 72 73 74 76 77
18 21 50 73 74 75 76 80
18 21 50 73 76 77 78 80
18 21 52 53 73 76 77 80
18 21 52 72 73 74 76 80
18 21 52 73 74 75 79 80
18 21 52 74 76 78 79 80
18 21 53 72 73 77 79 80
18 21 53 73 74 75 77 79
18 21 53 73 74 78 79 80
18 22 23 24 25 45 74 80
18 22 23 24 25 47 50 78
18 22 23 24 25 47 53 72
18 22 23 24 25 48 77 80
18 22 23 24 25 50 53 75
18 22 23 24 25 51 74 77
18 22 23 24 26 45 76 79
18 22 23 24 26 46 49 75
18 22 23 24 26 46 52 78
18 22 23 24 26 48 73 76
18 22 23 24 26 49 52 72
18 22 23 24 26 51 73 79
18 22 23 25 26 45 48 73
18 22 23 25 26 45 51 76
18 22 23 25 26 46 72 75
18 22 23 25 26 48 51 79
18 22 23 25 26 49 72 78
18 22 23 25 26 52 75 78
18 22 24 25 26 46 77 80
18 22 24 25 26 47 50 76
18 22 24 25 26 47 53 79
18 22 24 25 26 49 74 77
18 22 24 25 26 50 53 73
18 22 24 25 26 52 74 80
18 22 24 25 45 49 77 80
18 22 24 25 46 51 74 80
18 22 24 25 47 50 75 79
18 22 24 25 47 53 73 78
18 22 24 25 48 52 74 77
18 22 24 25 50 53 72 76
18 22 45 46 48 52 74 77
18 22 45 49 51 52 77 80
18 22 46 48 49 51 74 80
18 22 47 50 72 73 75 79
18 22 47 53 73 75 76 78
18 22 50 53 72 76 78 79
18 23 24 26 45 47 73 79
18 23 24 26 46 49 78 80
18 23 24 26 46 52 72 74
18 23 24 26 48 50 76 79
18 23 24 26 49 52 75 77
18 23 24 26 51 53 73 76
18 23 45 47 48 50 73 76
18 23 45 47 51 53 76 79
18 23 46 49 72 74 75 77
18 23 46 52 75 77 78 80
18 23 48 50 51 53 73 79
18 23 49 52 72 74 78 80
18 24 27 36 51 54 63 66
18 24 27 39 45 54 63 66
18 24 28 38 45 58 68 71
18 24 28 41 48 58 68 71
18 24 29 40 48 62 64 67
18 24 29 43 51 62 64 67
18 24 30 36 45 57 63 69
18 24 30 42 51 57 63 69
18 24 31 38 48 61 65 68
18 24 31 44 45 61 65 68
18 24 32 37 48 56 64 70
18 24 32 40 51 56 64 70
18 24 33 39 51 60 66 69
18 24 33 42 45 60 66 69
18 24 34 41 45 55 65 71
18 24 34 44 48 55 65 71
18 24 35 37 51 59 67 70
18 24 35 43 48 59 67 70
18 24 45 46 47 49 50 80
18 24 45 46 47 49 53 73
18 24 45 46 47 50 52 79
18 24 45 46 50 52 53 74
18 24 45 47 49 52 53 77
18 24 45 49 50 52 53 76
18 24 46 47 48 49 53 80
18 24 46 47 48 50 52 74
18 24 46 47 48 52 53 73
18 24 46 47 49 50 51 79
18 24 46 47 49 50 74 76
18 24 46 47 49 53 74 79
18 24 46 47 50 52 76 77
18 24 46 47 51 52 53 74
18 24 46 47 52 53 77 79
18 24 46 47 73 76 77 80
18 24 46 48 49 50 53 76
18 24 46 49 50 51 53 80
18 24 46 49 50 53 73 74
18 24 46 50 51 52 53 76
18 24 46 50 52 53 73 77
18 24 46 50 73 77 79 80
18 24 46 53 76 77 79 80
18 24 46 72 73 74 76 80
18 24 46 73 74 75 79 80
18 24 46 74 76 78 79 80
18 24 47 48 49 50 52 79
18 24 47 49 50 51 52 77
18 24 47 49 50 52 76 80
18 24 47 49 51 52 53 73
18 24 47 49 52 53 79 80
18 24 47 49 73 74 76 77
18 24 47 52 73 74 76 80
18 24 47 72 73 77 79 80
18 24 47 73 74 75 77 79
18 24 47 73 74 78 79 80
18 24 48 49 50 52 53 77
18 24 49 50 52 53 73 80
18 24 49 50 73 74 77 79
18 24 49 53 74 76 77 79
18 24 49 72 76 77 79 80
18 24 49 73 75 76 77 80
18 24 49 73 77 78 79 80
18 24 50 52 73 74 79 80
18 24 50 72 74 76 79 80
18 24 50 74 76 77 78 79
18 24 50 75 76 77 79 80
18 24 52 53 74 76 79 80
18 24 52 72 73 74 77 79
18 24 52 73 74 76 77 78
18 24 52 74 75 76 77 79
18 24 53 72 73 74 76 77
18 24 53 73 74 75 76 80
18 24 53 73 76 77 78 80
18 25 45 46 48 49 74 80
18 25 45 46 51 52 74 77
18 25 47 50 72 73 78 79
18 25 47 53 72 73 75 76
18 25 48 49 51 52 77 80
18 25 50 53 75 76 78 79
18 26 45 47 50 51 73 76
18 26 45 48 50 53 73 79
18 26 46 49 72 74 77 78
18 26 46 52 72 75 77 80
18 26 47 48 51 53 76 79
18 26 49 52 74 75 78 80
18 27 36 39 51 54 63 78
18 27 36 39 54 60 66 72
18 27 36 42 48 54 63 75
18 27 36 42 54 57 69 72
18 27 39 45 54 60 66 78
18 27 42 45 54 57 69 75
18 28 38 41 45 58 68 75
18 28 38 41 55 58 71 78
18 28 38 44 51 58 68 72
18 28 38 44 58 61 65 78
18 28 41 48 55 58 71 75
18 28 44 48 58 61 65 72
18 29 37 40 45 62 64 78
18 29 37 40 56 62 70 75
18 29 37 51 56 62 70 78
18 29 40 43 48 62 64 72
18 29 40 43 59 62 67 75
18 29 43 51 59 62 67 72
18 30 36 42 51 57 69 78
18 30 36 42 54 57 63 72
18 30 36 45 54 57 63 78
18 30 39 42 48 57 69 75
18 30 39 42 57 60 66 72
18 30 39 45 57 60 66 75
18 31 38 44 45 61 65 75
18 31 38 44 58 61 68 78
18 31 38 48 58 61 68 75
18 31 41 44 51 61 65 72
18 31 41 44 55 61 71 78
18 31 41 48 55 61 71 72
18 32 37 40 48 56 70 72
18 32 37 40 56 62 64 75
18 32 37 43 45 56 70 78
18 32 37 43 56 59 67 75
18 32 40 51 56 62 64 72
18 32 43 51 56 59 67 78
18 33 36 39 48 60 66 75
18 33 36 39 54 60 63 72
18 33 36 45 54 60 63 75
18 33 39 42 51 60 66 78
18 33 39 42 57 60 69 72
18 33 42 45 57 60 69 78
18 34 38 41 51 55 71 72
18 34 38 41 55 58 68 78
18 34 38 48 55 58 68 72
18 34 41 44 45 55 71 75
18 34 41 44 55 61 65 78
18 34 44 48 55 61 65 75
18 35 37 43 48 59 67 72
18 35 37 43 56 59 70 75
18 35 37 51 56 59 70 72
18 35 40 43 45 59 67 78
18 35 40 43 59 62 64 75
18 35 40 51 59 62 64 78
18 45 46 47 51 52 77 80
18 45 46 47 51 53 73 76
18 45 46 48 49 50 74 77
18 45 46 48 50 53 76 79
18 45 46 48 52 53 77 80
18 45 46 49 51 53 74 77
18 45 47 48 49 50 73 79
18 45 47 48 49 52 74 80
18 45 47 48 52 53 73 76
18 45 47 50 51 52 73 79
18 45 49 50 51 52 74 80
18 45 49 50 51 53 76 79
18 46 47 48 49 51 74 77
18 46 47 48 50 51 73 79
18 46 48 50 51 52 77 80
18 46 49 72 73 74 78 80
18 46 49 72 74 75 79 80
18 46 49 74 75 76 78 80
18 46 52 72 74 75 76 77
18 46 52 72 74 77 78 79
18 46 52 73 74 75 77 78
18 47 48 49 51 53 73 76
18 47 50 72 73 75 76 77
18 47 50 72 73 76 78 80
18 47 50 73 74 75 76 78
18 47 53 72 74 75 76 79
18 47 53 72 76 77 78 79
18 47 53 75 76 78 79 80
18 48 49 51 52 53 74 80
18 48 50 51 52 53 76 79
18 49 52 72 73 75 77 80
18 49 52 72 76 77 78 80
18 49 52 75 77 78 79 80
18 50 53 72 73 74 78 79
18 50 53 72 73 75 79 80
18 50 53 73 75 77 78 79
19 20 21 22 24 45 74 77
19 20 21 22 24 47 50 72
19 20 21 22 24 47 53 75
19 20 21 22 24 48 74 80
19 20 21 22 24 50 53 78
19 20 21 22 24 51 77 80
19 20 21 22 26 45 48 77
19 20 21 22 26 45 51 80
19 20 21 22 26 47 75 78
19 20 21 22 26 48 51 74
19 20 21 22 26 50 72 75
19 20 21 22 26 53 72 78
19 20 21 23 24 45 73 79
19 20 21 23 24 46 49 78
19 20 21 23 24 46 52 72
19 20 21 23 24 48 76 79
19 20 21 23 24 49 52 75
19 20 21 23 24 51 73 76
19 20 21 23 25 45 48 80
19 20 21 23 25 45 51 74
19 20 21 23 25 47 72 78
19 20 21 23 25 48 51 77
19 20 21 23 25 50 75 78
19 20 21 23 25 53 72 75
19 20 21 24 26 46 49 77
19 20 21 24 26 46 52 80
19 20 21 24 26 47 76 79
19 20 21 24 26 49 52 74
19 20 21 24 26 50 73 76
19 20 21 24 26 53 73 79
19 20 21 25 26 45 48 79
19 20 21 25 26 45 51 73
19 20 21 25 26 46 72 78
19 20 21 25 26 48 51 76
19 20 21 25 26 49 75 78
19 20 21 25 26 52 72 75
19 20 22 23 24 45 48 76
19 20 22 23 24 45 51 79
19 20 22 23 24 46 75 78
19 20 22 23 24 48 51 73
19 20 22 23 24 49 72 75
19 20 22 23 24 52 72 78
19 20 22 23 45 48 73 80
19 20 22 23 45 51 74 76
19 20 22 23 46 53 72 75
19 20 22 23 47 49 72 78
19 20 22 23 48 51 77 79
19 20 22 23 50 52 75 78
19 20 22 26 45 48 76 80
19 20 22 26 45 51 74 79
19 20 22 26 46 50 75 78
19 20 22 26 47 52 72 78
19 20 22 26 48 51 73 77
19 20 22 26 49 53 72 75
19 20 23 25 45 48 73 74
19 20 23 25 45 51 76 77
19 20 23 25 46 47 72 75
19 20 23 25 48 51 79 80
19 20 23 25 49 50 72 78
19 20 23 25 52 53 75 78
19 20 24 25 26 45 48 80
19 20 24 25 26 45 51 74
19 20 24 25 26 47 72 78
19 20 24 25 26 48 51 77
19 20 24 25 26 50 75 78
19 20 24 25 26 53 72 75
19 20 25 26 45 48 74 76
19 20 25 26 45 51 77 79
19 20 25 26 46 53 75 78
19 20 25 26 47 49 72 75
19 20 25 26 48 51 73 80
19 20 25 26 50 52 72 78
19 20 45 48 73 74 77 79
19 20 45 51 73 76 77 80
19 20 46 47 50 52 72 75
19 20 46 49 50 53 72 78
19 20 47 49 52 53 75 78
19 20 48 51 74 76 79 80
19 21 22 23 24 46 74 80
19 21 22 23 24 47 50 79
19 21 22 23 24 47 53 73
19 21 22 23 24 49 77 80
19 21 22 23 24 50 53 76
19 21 22 23 24 52 74 77
19 21 22 23 26 45 48 73
19 21 22 23 26 45 51 76
19 21 22 23 26 46 72 75
19 21 22 23 26 48 51 79
19 21 22 23 26 49 72 78
19 21 22 23 26 52 75 78
19 21 22 24 45 49 74 80
19 21 22 24 46 51 74 77
19 21 22 24 47 50 73 78
19 21 22 24 47 53 72 76
19 21 22 24 48 52 77 80
19 21 22 24 50 53 75 79
19 21 23 24 25 45 77 80
19 21 23 24 25 47 50 75
19 21 23 24 25 47 53 78
19 21 23 24 25 48 74 77
19 21 23 24 25 50 53 72
19 21 23 24 25 51 74 80
19 21 24 25 26 46 74 80
19 21 24 25 26 47 50 79
19 21 24 25 26 47 53 73
19 21 24 25 26 49 77 80
19 21 24 25 26 50 53 76
19 21 24 25 26 52 74 77
19 21 24 25 45 46 74 77
19 21 24 25 47 50 72 73
19 21 24 25 47 53 75 76
19 21 24 25 48 49 74 80
19 21 24 25 50 53 78 79
19 21 24 25 51 52 77 80
19 21 45 46 48 49 77 80
19 21 45 46 51 52 74 80
19 21 47 50 75 76 78 79
19 21 47 53 72 73 78 79
19 21 48 49 51 52 74 77
19 21 50 53 72 73 75 76
19 22 23 24 26 45 48 77
19 22 23 24 26 45 51 80
19 22 23 24 26 47 75 78
19 22 23 24 26 48 51 74
19 22 23 24 26 50 72 75
19 22 23 24 26 53 72 78
19 22 23 26 45 48 79 80
19 22 23 26 45 51 73 74
19 22 23 26 46 47 72 78
19 22 23 26 48 51 76 77
19 22 23 26 49 50 75 78
19 22 23 26 52 53 72 75
19 22 27 41 52 60 65 68
19 22 27 44 46 60 65 68
19 22 28 37 49 55 64 70
19 22 28 43 46 55 64 70
19 22 29 36 49 59 66 69
19 22 29 39 52 59 66 69
19 22 30 38 52 54 65 71
19 22 30 41 46 54 65 71
19 22 31 40 46 58 67 70
19 22 31 43 49 58 67 70
19 22 32 36 52 62 63 66
19 22 32 42 49 62 63 66
19 22 33 38 46 57 68 71
19 22 33 44 52 57 68 71
19 22 34 37 46 61 64 67
19 22 34 40 49 61 64 67
19 22 35 39 49 56 63 69
19 22 35 42 52 56 63 69
19 22 45 46 47 48 50 80
19 22 45 46 47 51 53 72
19 22 45 46 48 50 53 75
19 22 45 46 50 51 53 74
19 22 45 47 48 49 50 78
19 22 45 47 48 49 53 80
19 22 45 47 48 50 72 77
19 22 45 47 48 52 53 72
19 22 45 47 48 53 75 77
19 22 45 47 49 50 51 74
19 22 45 47 50 51 52 78
19 22 45 47 50 51 72 80
19 22 45 47 51 52 53 74
19 22 45 47 51 53 75 80
19 22 45 47 74 75 77 78
19 22 45 48 50 52 53 80
19 22 45 48 50 53 77 78
19 22 45 49 50 51 53 75
19 22 45 50 51 53 78 80
19 22 45 50 72 74 75 77
19 22 45 53 72 74 77 78
19 22 45 72 73 74 78 80
19 22 45 72 74 75 79 80
19 22 45 74 75 76 78 80
19 22 46 47 48 50 51 78
19 22 46 47 48 51 53 77
19 22 47 48 49 51 53 72
19 22 47 48 50 51 52 77
19 22 47 48 50 51 72 74
19 22 47 48 51 53 74 75
19 22 47 48 74 75 78 80
19 22 47 51 75 77 78 80
19 22 47 72 73 77 78 80
19 22 47 72 74 76 77 78
19 22 47 72 74 78 79 80
19 22 48 49 50 51 53 77
19 22 48 50 51 52 53 75
19 22 48 50 51 53 74 78
19 22 48 50 72 74 75 80
19 22 48 53 72 74 78 80
19 22 48 72 73 75 77 80
19 22 48 72 76 77 78 80
19 22 48 75 77 78 79 80
19 22 50 51 72 75 77 80
19 22 50 73 74 75 78 80
19 22 50 74 75 77 78 79
19 22 50 75 76 77 78 80
19 22 51 53 72 77 78 80
19 22 51 72 74 75 76 77
19 22 51 72 74 77 78 79
19 22 51 73 74 75 77 78
19 22 53 72 73 74 75 77
19 22 53 72 74 75 76 80
19 22 53 72 75 77 79 80
19 23 24 25 26 45 48 73
19 23 24 25 26 45 51 76
19 23 24 25 26 46 72 75
19 23 24 25 26 48 51 79
19 23 24 25 26 49 72 78
19 23 24 25 26 52 75 78
19 23 25 26 45 48 74 79
19 23 25 26 45 51 73 77
19 23 25 26 46 50 72 78
19 23 25 26 47 52 72 75
19 23 25 26 48 51 76 80
19 23 25 26 49 53 75 78
19 23 45 48 74 76 77 79
19 23 45 51 73 77 79 80
19 23 46 47 49 53 75 78
19 23 46 50 52 53 72 78
19 23 47 49 50 52 72 75
19 23 48 51 73 74 76 80
19 24 45 46 48 52 77 80
19 24 45 49 51 52 74 80
19 24 46 48 49 51 74 77
19 24 47 50 73 75 76 78
19 24 47 53 72 76 78 79
19 24 50 53 72 73 75 79
19 25 27 38 52 60 68 71
19 25 27 44 49 60 68 71
19 25 28 37 52 55 64 67
19 25 28 40 46 55 64 67
19 25 29 39 46 59 63 69
19 25 29 42 49 59 63 69
19 25 30 41 49 54 65 68
19 25 30 44 52 54 65 68
19 25 31 37 46 58 64 70
19 25 31 43 52 58 64 70
19 25 32 36 46 62 66 69
19 25 32 39 49 62 66 69
19 25 33 38 49 57 65 71
19 25 33 41 52 57 65 71
19 25 34 40 52 61 67 70
19 25 34 43 46 61 67 70
19 25 35 36 49 56 63 66
19 25 35 42 46 56 63 66
19 25 45 46 47 48 50 74
19 25 45 46 47 51 53 75
19 25 45 46 48 50 53 78
19 25 45 46 50 51 53 77
19 25 45 47 48 49 50 72
19 25 45 47 48 49 53 74
19 25 45 47 48 50 75 80
19 25 45 47 48 52 53 75
19 25 45 47 48 53 78 80
19 25 45 47 49 50 51 77
19 25 45 47 50 51 52 72
19 25 45 47 50 51 74 75
19 25 45 47 51 52 53 77
19 25 45 47 51 53 74 78
19 25 45 47 72 77 78 80
19 25 45 48 50 52 53 74
19 25 45 48 50 53 72 80
19 25 45 49 50 51 53 78
19 25 45 50 51 53 72 74
19 25 45 50 75 77 78 80
19 25 45 53 72 75 77 80
19 25 45 72 74 75 76 77
19 25 45 72 74 77 78 79
19 25 45 73 74 75 77 78
19 25 46 47 48 50 51 72
19 25 46 47 48 51 53 80
19 25 47 48 49 51 53 75
19 25 47 48 50 51 52 80
19 25 47 48 50 51 75 77
19 25 47 48 51 53 77 78
19 25 47 48 72 74 77 78
19 25 47 51 72 74 78 80
19 25 47 72 73 74 75 77
19 25 47 72 74 75 76 80
19 25 47 72 75 77 79 80
19 25 48 49 50 51 53 80
19 25 48 50 51 52 53 78
19 25 48 50 51 53 72 77
19 25 48 50 74 75 77 78
19 25 48 53 72 74 75 77
19 25 48 72 73 74 78 80
19 25 48 72 74 75 79 80
19 25 48 74 75 76 78 80
19 25 50 51 74 75 78 80
19 25 50 72 73 77 78 80
19 25 50 72 74 76 77 78
19 25 50 72 74 78 79 80
19 25 51 53 72 74 75 80
19 25 51 72 73 75 77 80
19 25 51 72 76 77 78 80
19 25 51 75 77 78 79 80
19 25 53 73 74 75 78 80
19 25 53 74 75 77 78 79
19 25 53 75 76 77 78 80
19 26 45 48 73 74 76 77
19 26 45 51 76 77 79 80
19 26 46 47 49 50 72 75
19 26 46 47 52 53 75 78
19 26 48 51 73 74 79 80
19 26 49 50 52 53 72 78
19 27 38 44 49 60 68 73
19 27 38 44 57 60 71 76
19 27 38 52 57 60 71 73
19 27 41 44 46 60 68 79
19 27 41 44 54 60 65 76
19 27 41 52 54 60 65 79
19 28 37 40 52 55 64 79
19 28 37 40 55 61 67 73
19 28 37 43 49 55 64 76
19 28 37 43 55 58 70 73
19 28 40 46 55 61 67 79
19 28 43 46 55 58 70 76
19 29 36 39 52 59 69 73
19 29 36 39 59 62 66 79
19 29 36 49 59 62 66 73
19 29 39 42 46 59 69 76
19 29 39 42 56 59 63 79
19 29 42 49 56 59 63 76
19 30 38 41 46 54 65 79
19 30 38 41 54 57 71 76
19 30 38 52 54 57 71 79
19 30 41 44 49 54 65 73
19 30 41 44 54 60 68 76
19 30 44 52 54 60 68 73
19 31 37 43 52 58 70 79
19 31 37 43 55 58 64 73
19 31 37 46 55 58 64 79
19 31 40 43 49 58 70 76
19 31 40 43 58 61 67 73
19 31 40 46 58 61 67 76
19 32 36 39 46 62 66 76
19 32 36 39 59 62 69 79
19 32 36 42 52 62 66 73
19 32 36 42 56 62 63 79
19 32 39 49 59 62 69 76
19 32 42 49 56 62 63 73
19 33 38 41 49 57 71 73
19 33 38 41 54 57 65 76
19 33 38 44 46 57 71 79
19 33 38 44 57 60 68 76
19 33 41 52 54 57 65 73
19 33 44 52 57 60 68 79
19 34 37 40 49 61 67 76
19 34 37 40 55 61 64 73
19 34 37 46 55 61 64 76
19 34 40 43 52 61 67 79
19 34 40 43 58 61 70 73
19 34 43 46 58 61 70 79
19 35 36 42 46 56 63 76
19 35 36 42 56 62 66 79
19 35 36 49 56 62 66 76
19 35 39 42 52 56 63 73
19 35 39 42 56 59 69 79
19 35 39 49 56 59 69 73
19 45 46 47 48 52 74 77
19 45 46 47 49 51 77 80
19 45 46 47 49 53 72 78
19 45 46 47 50 52 75 78
19 45 46 48 49 53 74 77
19 45 46 50 51 52 77 80
19 45 48 49 50 52 74 77
19 45 48 72 76 77 79 80
19 45 48 73 75 76 77 80
19 45 48 73 77 78 79 80
19 45 49 50 52 53 72 75
19 45 49 51 52 53 77 80
19 45 51 72 73 74 76 80
19 45 51 73 74 75 79 80
19 45 51 74 76 78 79 80
19 46 47 48 52 53 72 78
19 46 47 49 50 51 75 78
19 46 48 49 50 51 74 80
19 46 48 49 50 53 72 75
19 46 48 51 52 53 74 80
19 46 50 51 52 53 72 75
19 47 48 49 50 52 75 78
19 47 48 49 51 52 74 80
19 47 49 51 52 53 72 78
19 47 50 72 73 74 75 79
19 47 50 72 73 75 76 80
19 47 50 72 75 76 77 79
19 47 53 73 75 76 77 78
19 47 53 73 75 78 79 80
19 47 53 74 75 76 78 79
19 48 51 72 73 74 77 79
19 48 51 73 74 76 77 78
19 48 51 74 75 76 77 79
19 50 53 72 73 74 76 78
19 50 53 72 73 77 78 79
19 50 53 72 76 78 79 80
20 21 22 23 25 45 48 76
20 21 22 23 25 45 51 79
20 21 22 23 25 46 75 78
20 21 22 23 25 48 51 73
20 21 22 23 25 49 72 75
20 21 22 23 25 52 72 78
20 21 22 24 25 46 74 80
20 21 22 24 25 47 50 79
20 21 22 24 25 47 53 73
20 21 22 24 25 49 77 80
20 21 22 24 25 50 53 76
20 21 22 24 25 52 74 77
20 21 22 24 26 45 73 76
20 21 22 24 26 46 49 72
20 21 22 24 26 46 52 75
20 21 22 24 26 48 73 79
20 21 22 24 26 49 52 78
20 21 22 24 26 51 76 79
20 21 23 24 25 46 49 77
20 21 23 24 25 46 52 80
20 21 23 24 25 47 76 79
20 21 23 24 25 49 52 74
20 21 23 24 25 50 73 76
20 21 23 24 25 53 73 79
20 21 23 24 45 47 73 76
20 21 23 24 46 49 72 74
20 21 23 24 46 52 75 77
20 21 23 24 48 50 73 79
20 21 23 24 49 52 78 80
20 21 23 24 51 53 76 79
20 21 24 26 45 53 76 79
20 21 24 26 46 49 74 75
20 21 24 26 46 52 77 78
20 21 24 26 47 48 73 76
20 21 24 26 49 52 72 80
20 21 24 26 50 51 73 79
20 21 45 47 50 51 73 79
20 21 45 48 50 53 76 79
20 21 46 49 74 75 78 80
20 21 46 52 72 74 77 78
20 21 47 48 51 53 73 76
20 21 49 52 72 75 77 80
20 22 23 24 25 45 48 74
20 22 23 24 25 45 51 77
20 22 23 24 25 47 72 75
20 22 23 24 25 48 51 80
20 22 23 24 25 50 72 78
20 22 23 24 25 53 75 78
20 22 23 25 45 48 73 77
20 22 23 25 45 51 76 80
20 22 23 25 46 50 72 75
20 22 23 25 47 52 75 78
20 22 23 25 48 51 74 79
20 22 23 25 49 53 72 78
20 22 24 25 26 45 48 79
20 22 24 25 26 45 51 73
20 22 24 25 26 46 72 78
20 22 24 25 26 48 51 76
20 22 24 25 26 49 75 78
20 22 24 25 26 52 72 75
20 22 25 26 45 48 76 77
20 22 25 26 45 51 79 80
20 22 25 26 46 47 75 78
20 22 25 26 48 51 73 74
20 22 25 26 49 50 72 75
20 22 25 26 52 53 72 78
20 22 45 48 73 74 79 80
20 22 45 51 73 74 76 77
20 22 46 47 49 50 72 78
20 22 46 47 52 53 72 75
20 22 48 51 76 77 79 80
20 22 49 50 52 53 75 78
20 23 27 40 50 57 64 70
20 23 27 43 53 57 64 70
20 23 28 36 47 61 66 69
20 23 28 42 53 61 66 69
20 23 29 38 50 56 65 71
20 23 29 44 47 56 65 71
20 23 30 37 50 60 67 70
20 23 30 40 53 60 67 70
20 23 31 39 53 55 63 66
20 23 31 42 47 55 63 66
20 23 32 41 47 59 68 71
20 23 32 44 50 59 68 71
20 23 33 37 53 54 64 67
20 23 33 43 50 54 64 67
20 23 34 36 53 58 63 69
20 23 34 39 47 58 63 69
20 23 35 38 47 62 65 68
20 23 35 41 50 62 65 68
20 23 45 46 47 48 52 73
20 23 45 46 47 49 51 76
20 23 45 46 47 51 52 75
20 23 45 46 48 49 50 72
20 23 45 46 48 49 53 73
20 23 45 46 48 49 76 78
20 23 45 46 48 52 53 75
20 23 45 46 48 52 72 76
20 23 45 46 49 51 53 72
20 23 45 46 49 51 78 79
20 23 45 46 50 51 52 76
20 23 45 46 51 52 72 79
20 23 45 46 73 75 78 79
20 23 45 47 48 49 52 78
20 23 45 48 49 50 52 73
20 23 45 48 49 52 75 76
20 23 45 49 50 51 52 78
20 23 45 49 51 52 53 76
20 23 45 49 51 52 75 79
20 23 45 49 72 73 75 79
20 23 45 52 72 73 78 79
20 23 45 72 73 75 76 77
20 23 45 72 73 76 78 80
20 23 45 73 74 75 76 78
20 23 46 47 48 49 51 72
20 23 46 48 49 50 51 79
20 23 46 48 49 51 73 78
20 23 46 48 50 51 52 75
20 23 46 48 51 52 53 79
20 23 46 48 51 52 72 73
20 23 46 48 75 76 78 79
20 23 46 51 73 75 76 78
20 23 46 72 73 74 75 79
20 23 46 72 73 75 76 80
20 23 46 72 75 76 77 79
20 23 47 48 49 51 52 79
20 23 48 49 51 52 53 78
20 23 48 49 51 52 73 75
20 23 48 49 72 75 76 79
20 23 48 52 72 76 78 79
20 23 48 72 73 74 78 79
20 23 48 72 73 75 79 80
20 23 48 73 75 77 78 79
20 23 49 51 72 73 75 76
20 23 49 72 73 74 76 78
20 23 49 72 73 77 78 79
20 23 49 72 76 78 79 80
20 23 51 52 72 73 76 78
20 23 51 72 74 75 76 79
20 23 51 72 76 77 78 79
20 23 51 75 76 78 79 80
20 23 52 73 75 76 77 78
20 23 52 73 75 78 79 80
20 23 52 74 75 76 78 79
20 24 45 47 48 50 76 79
20 24 45 47 51 53 73 79
20 24 46 49 75 77 78 80
20 24 46 52 72 74 78 80
20 24 48 50 51 53 73 76
20 24 49 52 72 74 75 77
20 25 45 48 73 77 79 80
20 25 45 51 73 74 76 80
20 25 46 47 49 53 72 78
20 25 46 50 52 53 72 75
20 25 47 49 50 52 75 78
20 25 48 51 74 76 77 79
20 26 27 37 50 57 64 67
20 26 27 43 47 57 64 67
20 26 28 36 50 61 63 69
20 26 28 39 53 61 63 69
20 26 29 38 53 56 65 68
20 26 29 41 47 56 65 68
20 26 30 40 47 60 64 70
20 26 30 43 50 60 64 70
20 26 31 36 53 55 66 69
20 26 31 42 50 55 66 69
20 26 32 38 47 59 65 71
20 26 32 44 53 59 65 71
20 26 33 37 47 54 67 70
20 26 33 40 50 54 67 70
20 26 34 39 50 58 63 66
20 26 34 42 53 58 63 66
20 26 35 41 53 62 68 71
20 26 35 44 47 62 68 71
20 26 45 46 47 48 52 76
20 26 45 46 47 49 51 79
20 26 45 46 47 51 52 78
20 26 45 46 48 49 50 75
20 26 45 46 48 49 53 76
20 26 45 46 48 49 72 79
20 26 45 46 48 52 53 78
20 26 45 46 48 52 75 79
20 26 45 46 49 51 53 75
20 26 45 46 49 51 72 73
20 26 45 46 50 51 52 79
20 26 45 46 51 52 73 75
20 26 45 46 72 73 76 78
20 26 45 47 48 49 52 72
20 26 45 48 49 50 52 76
20 26 45 48 49 52 78 79
20 26 45 49 50 51 52 72
20 26 45 49 51 52 53 79
20 26 45 49 51 52 73 78
20 26 45 49 73 75 76 78
20 26 45 52 72 73 75 76
20 26 45 72 74 75 76 79
20 26 45 72 76 77 78 79
20 26 45 75 76 78 79 80
20 26 46 47 48 49 51 75
20 26 46 48 49 50 51 73
20 26 46 48 49 51 72 76
20 26 46 48 50 51 52 78
20 26 46 48 51 52 53 73
20 26 46 48 51 52 75 76
20 26 46 48 72 73 78 79
20 26 46 51 72 76 78 79
20 26 46 73 75 76 77 78
20 26 46 73 75 78 79 80
20 26 46 74 75 76 78 79
20 26 47 48 49 51 52 73
20 26 48 49 51 52 53 72
20 26 48 49 51 52 76 78
20 26 48 49 73 75 78 79
20 26 48 52 72 73 75 79
20 26 48 72 73 75 76 77
20 26 48 72 73 76 78 80
20 26 48 73 74 75 76 78
20 26 49 51 75 76 78 79
20 26 49 72 73 74 75 79
20 26 49 72 73 75 76 80
20 26 49 72 75 76 77 79
20 26 51 52 72 75 76 79
20 26 51 72 73 74 78 79
20 26 51 72 73 75 79 80
20 26 51 73 75 77 78 79
20 26 52 72 73 74 76 78
20 26 52 72 73 77 78 79
20 26 52 72 76 78 79 80
20 27 37 43 47 57 64 77
20 27 37 43 54 57 67 80
20 27 37 50 54 57 67 77
20 27 40 43 53 57 64 74
20 27 40 43 57 60 70 80
20 27 40 50 57 60 70 74
20 28 36 39 50 61 69 74
20 28 36 39 58 61 63 77
20 28 36 42 47 61 69 80
20 28 36 42 55 61 66 77
20 28 39 53 58 61 63 74
20 28 42 53 55 61 66 80
20 29 38 41 53 56 65 80
20 29 38 41 56 62 68 74
20 29 38 44 50 56 65 77
20 29 38 44 56 59 71 74
20 29 41 47 56 62 68 80
20 29 44 47 56 59 71 77
20 30 37 40 53 60 70 74
20 30 37 40 54 60 67 80
20 30 37 50 54 60 67 74
20 30 40 43 47 60 70 77
20 30 40 43 57 60 64 80
20 30 43 50 57 60 64 77
20 31 36 42 50 55 66 74
20 31 36 42 55 61 69 77
20 31 36 53 55 61 69 74
20 31 39 42 47 55 66 80
20 31 39 42 55 58 63 77
20 31 39 53 55 58 63 80
20 32 38 44 53 59 71 80
20 32 38 44 56 59 65 74
20 32 38 47 56 59 65 80
20 32 41 44 50 59 71 77
20 32 41 44 59 62 68 74
20 32 41 47 59 62 68 77
20 33 37 40 47 54 67 77
20 33 37 40 54 60 70 80
20 33 37 43 53 54 67 74
20 33 37 43 54 57 64 80
20 33 40 50 54 60 70 77
20 33 43 50 54 57 64 74
20 34 36 39 47 58 63 80
20 34 36 39 58 61 69 77
20 34 36 53 58 61 69 80
20 34 39 42 50 58 63 74
20 34 39 42 55 58 66 77
20 34 42 53 55 58 66 74
20 35 38 41 50 62 68 77
20 35 38 41 56 62 65 74
20 35 38 47 56 62 65 77
20 35 41 44 53 62 68 80
20 35 41 44 59 62 71 74
20 35 44 47 59 62 71 80
20 45 46 47 48 50 73 79
20 45 46 47 49 50 75 78
20 45 46 50 51 53 73 76
20 45 46 50 52 53 72 78
20 45 47 48 49 53 73 79
20 45 47 49 50 51 73 76
20 45 47 49 52 53 72 75
20 45 47 51 52 53 73 76
20 45 48 50 52 53 73 79
20 45 48 72 74 76 79 80
20 45 48 74 76 77 78 79
20 45 48 75 76 77 79 80
20 45 51 72 73 77 79 80
20 45 51 73 74 75 77 79
20 45 51 73 74 78 79 80
20 46 47 48 49 53 75 78
20 46 47 48 50 52 72 78
20 46 47 48 51 53 76 79
20 46 47 51 52 53 72 78
20 46 49 50 51 53 75 78
20 46 49 72 73 77 78 80
20 46 49 72 74 76 77 78
20 46 49 72 74 78 79 80
20 46 52 72 73 74 75 77
20 46 52 72 74 75 76 80
20 46 52 72 75 77 79 80
20 47 48 50 51 52 76 79
20 47 49 50 51 52 72 75
20 48 49 50 51 53 76 79
20 48 49 50 52 53 72 75
20 48 51 72 73 74 76 77
20 48 51 73 74 75 76 80
20 48 51 73 76 77 78 80
20 49 52 73 74 75 78 80
20 49 52 74 75 77 78 79
20 49 52 75 76 77 78 80
21 22 23 24 26 46 49 77
21 22 23 24 26 46 52 80
21 22 23 24 26 47 76 79
21 22 23 24 26 49 52 74
21 22 23 24 26 50 73 76
21 22 23 24 26 53 73 79
21 22 23 25 26 45 48 74
21 22 23 25 26 45 51 77
21 22 23 25 26 47 72 75
21 22 23 25 26 48 51 80
21 22 23 25 26 50 72 78
21 22 23 25 26 53 75 78
21 22 24 25 26 45 74 80
21 22 24 25 26 47 50 78
21 22 24 25 26 47 53 72
21 22 24 25 26 48 77 80
21 22 24 25 26 50 53 75
21 22 24 25 26 51 74 77
21 22 24 25 45 52 77 80
21 22 24 25 46 48 74 77
21 22 24 25 47 50 73 75
21 22 24 25 47 53 76 78
21 22 24 25 49 51 74 80
21 22 24 25 50 53 72 79
21 22 45 46 49 51 77 80
21 22 45 48 49 52 74 77
21 22 46 48 51 52 74 80
21 22 47 50 72 75 76 79
21 22 47 53 73 75 78 79
21 22 50 53 72 73 76 78
21 23 24 25 26 45 76 79
21 23 24 25 26 46 49 75
21 23 24 25 26 46 52 78
21 23 24 25 26 48 73 76
21 23 24 25 26 49 52 72
21 23 24 25 26 51 73 79
21 23 24 26 45 50 73 79
21 23 24 26 46 49 74 78
21 23 24 26 46 52 72 77
21 23 24 26 47 51 73 76
21 23 24 26 48 53 76 79
21 23 24 26 49 52 75 80
21 23 45 47 48 53 73 76
21 23 45 50 51 53 76 79
21 23 46 49 72 74 75 80
21 23 46 52 74 75 77 78
21 23 47 48 50 51 73 79
21 23 49 52 72 77 78 80
21 24 27 39 48 54 66 69
21 24 27 42 51 54 66 69
21 24 28 41 51 58 65 71
21 24 28 44 45 58 65 71
21 24 29 37 48 62 67 70
21 24 29 43 45 62 67 70
21 24 30 36 48 57 63 66
21 24 30 39 51 57 63 66
21 24 31 38 51 61 68 71
21 24 31 41 45 61 68 71
21 24 32 40 45 56 64 67
21 24 32 43 48 56 64 67
21 24 33 36 51 60 63 69
21 24 33 42 48 60 63 69
21 24 34 38 45 55 65 68
21 24 34 44 51 55 65 68
21 24 35 37 45 59 64 70
21 24 35 40 48 59 64 70
21 24 45 46 47 49 50 74
21 24 45 46 47 49 53 76
21 24 45 46 47 50 52 73
21 24 45 46 50 52 53 77
21 24 45 47 49 52 53 80
21 24 45 49 50 52 53 79
21 24 46 47 48 49 53 74
21 24 46 47 48 50 52 77
21 24 46 47 48 52 53 76
21 24 46 47 49 50 51 73
21 24 46 47 49 50 77 79
21 24 46 47 49 53 73 77
21 24 46 47 50 52 79 80
21 24 46 47 51 52 53 77
21 24 46 47 52 53 73 80
21 24 46 47 74 76 79 80
21 24 46 48 49 50 53 79
21 24 46 49 50 51 53 74
21 24 46 49 50 53 76 77
21 24 46 50 51 52 53 79
21 24 46 50 52 53 76 80
21 24 46 50 73 74 76 80
21 24 46 53 73 74 79 80
21 24 46 72 73 74 77 79
21 24 46 73 74 76 77 78
21 24 46 74 75 76 77 79
21 24 47 48 49 50 52 73
21 24 47 49 50 51 52 80
21 24 47 49 50 52 74 79
21 24 47 49 51 52 53 76
21 24 47 49 52 53 73 74
21 24 47 49 76 77 79 80
21 24 47 52 74 76 77 79
21 24 47 72 73 74 76 77
21 24 47 73 74 75 76 80
21 24 47 73 76 77 78 80
21 24 48 49 50 52 53 80
21 24 49 50 52 53 74 76
21 24 49 50 73 76 77 80
21 24 49 53 73 77 79 80
21 24 49 72 73 74 76 80
21 24 49 73 74 75 79 80
21 24 49 74 76 78 79 80
21 24 50 52 73 74 76 77
21 24 50 72 73 77 79 80
21 24 50 73 74 75 77 79
21 24 50 73 74 78 79 80
21 24 52 53 73 74 77 79
21 24 52 72 76 77 79 80
21 24 52 73 75 76 77 80
21 24 52 73 77 78 79 80
21 24 53 72 74 76 79 80
21 24 53 74 76 77 78 79
21 24 53 75 76 77 79 80
21 25 45 46 48 52 74 80
21 25 45 49 51 52 74 77
21 25 46 48 49 51 77 80
21 25 47 50 72 76 78 79
21 25 47 53 72 73 75 79
21 25 50 53 73 75 76 78
21 26 45 47 48 50 73 79
21 26 45 47 51 53 73 76
21 26 46 49 72 74 78 80
21 26 46 52 72 74 75 77
21 26 48 50 51 53 76 79
21 26 49 52 75 77 78 80
21 27 36 42 45 54 69 72
21 27 36 42 54 60 63 75
21 27 36 48 54 60 63 72
21 27 39 42 51 54 69 78
21 27 39 42 54 57 66 75
21 27 39 48 54 57 66 78
21 28 38 44 48 58 65 78
21 28 38 44 55 58 68 72
21 28 38 51 55 58 68 78
21 28 41 44 45 58 65 75
21 28 41 44 58 61 71 72
21 28 41 51 58 61 71 75
21 29 37 40 51 62 70 75
21 29 37 40 59 62 64 78
21 29 37 43 48 62 70 72
21 29 37 43 56 62 67 78
21 29 40 45 59 62 64 75
21 29 43 45 56 62 67 72
21 30 36 39 51 57 66 78
21 30 36 39 57 60 63 75
21 30 36 48 57 60 63 78
21 30 39 42 45 57 66 72
21 30 39 42 54 57 69 75
21 30 42 48 54 57 69 72
21 31 38 41 45 61 71 75
21 31 38 41 55 61 68 72
21 31 38 51 55 61 68 75
21 31 41 44 48 61 71 78
21 31 41 44 58 61 65 72
21 31 44 51 58 61 65 78
21 32 37 43 51 56 67 75
21 32 37 43 56 62 70 78
21 32 37 45 56 62 70 75
21 32 40 43 48 56 67 72
21 32 40 43 56 59 64 78
21 32 40 45 56 59 64 72
21 33 36 39 45 60 63 72
21 33 36 39 57 60 66 75
21 33 36 42 51 60 63 78
21 33 36 42 54 60 69 75
21 33 39 48 57 60 66 72
21 33 42 48 54 60 69 78
21 34 38 41 48 55 68 78
21 34 38 41 55 61 71 72
21 34 38 44 45 55 68 75
21 34 38 44 55 58 65 72
21 34 41 51 55 61 71 78
21 34 44 51 55 58 65 75
21 35 37 40 48 59 64 72
21 35 37 40 59 62 70 78
21 35 37 45 59 62 70 72
21 35 40 43 51 59 64 75
21 35 40 43 56 59 67 78
21 35 43 45 56 59 67 75
21 45 46 47 51 52 74 77
21 45 46 47 51 53 73 79
21 45 46 48 49 50 74 80
21 45 46 48 50 53 73 76
21 45 46 48 52 53 74 77
21 45 46 49 51 53 74 80
21 45 47 48 49 50 76 79
21 45 47 48 49 52 77 80
21 45 47 48 52 53 73 79
21 45 47 50 51 52 76 79
21 45 49 50 51 52 77 80
21 45 49 50 51 53 73 76
21 46 47 48 49 51 74 80
21 46 47 48 50 51 76 79
21 46 48 50 51 52 74 77
21 46 49 72 73 75 77 80
21 46 49 72 76 77 78 80
21 46 49 75 77 78 79 80
21 46 52 72 73 74 78 80
21 46 52 72 74 75 79 80
21 46 52 74 75 76 78 80
21 47 48 49 51 53 73 79
21 47 50 72 73 74 78 79
21 47 50 72 73 75 79 80
21 47 50 73 75 77 78 79
21 47 53 72 73 75 76 77
21 47 53 72 73 76 78 80
21 47 53 73 74 75 76 78
21 48 49 51 52 53 77 80
21 48 50 51 52 53 73 76
21 49 52 72 74 75 76 77
21 49 52 72 74 77 78 79
21 49 52 73 74 75 77 78
21 50 53 72 74 75 76 79
21 50 53 72 76 77 78 79
21 50 53 75 76 78 79 80
22 23 25 26 45 48 77 79
22 23 25 26 45 51 73 80
22 23 25 26 46 53 72 78
22 23 25 26 47 49 75 78
22 23 25 26 48 51 74 76
22 23 25 26 50 52 72 75
22 23 45 48 74 76 79 80
22 23 45 51 73 74 77 79
22 23 46 47 50 52 72 78
22 23 46 49 50 53 75 78
22 23 47 49 52 53 72 75
22 23 48 51 73 76 77 80
22 24 45 46 48 49 74 77
22 24 45 46 51 52 77 80
22 24 47 50 72 73 75 76
22 24 47 53 75 76 78 79
22 24 48 49 51 52 74 80
22 24 50 53 72 73 78 79
22 25 27 38 46 60 65 71
22 25 27 41 49 60 65 71
22 25 28 40 49 55 67 70
22 25 28 43 52 55 67 70
22 25 29 36 46 59 63 66
22 25 29 42 52 59 63 66
22 25 30 38 49 54 68 71
22 25 30 44 46 54 68 71
22 25 31 37 49 58 64 67
22 25 31 40 52 58 64 67
22 25 32 39 52 62 63 69
22 25 32 42 46 62 63 69
22 25 33 41 46 57 65 68
22 25 33 44 49 57 65 68
22 25 34 37 52 61 64 70
22 25 34 43 49 61 64 70
22 25 35 36 52 56 66 69
22 25 35 39 46 56 66 69
22 25 45 46 47 48 50 77
22 25 45 46 47 51 53 78
22 25 45 46 48 50 53 72
22 25 45 46 50 51 53 80
22 25 45 47 48 49 50 75
22 25 45 47 48 49 53 77
22 25 45 47 48 50 74 78
22 25 45 47 48 52 53 78
22 25 45 47 48 53 72 74
22 25 45 47 49 50 51 80
22 25 45 47 50 51 52 75
22 25 45 47 50 51 77 78
22 25 45 47 51 52 53 80
22 25 45 47 51 53 72 77
22 25 45 47 72 74 75 80
22 25 45 48 50 52 53 77
22 25 45 48 50 53 74 75
22 25 45 49 50 51 53 72
22 25 45 50 51 53 75 77
22 25 45 50 72 74 78 80
22 25 45 53 74 75 78 80
22 25 45 72 73 75 77 80
22 25 45 72 76 77 78 80
22 25 45 75 77 78 79 80
22 25 46 47 48 50 51 75
22 25 46 47 48 51 53 74
22 25 47 48 49 51 53 78
22 25 47 48 50 51 52 74
22 25 47 48 50 51 78 80
22 25 47 48 51 53 72 80
22 25 47 48 72 75 77 80
22 25 47 51 72 74 75 77
22 25 47 73 74 75 78 80
22 25 47 74 75 77 78 79
22 25 47 75 76 77 78 80
22 25 48 49 50 51 53 74
22 25 48 50 51 52 53 72
22 25 48 50 51 53 75 80
22 25 48 50 72 77 78 80
22 25 48 53 75 77 78 80
22 25 48 72 74 75 76 77
22 25 48 72 74 77 78 79
22 25 48 73 74 75 77 78
22 25 50 51 72 74 77 78
22 25 50 72 73 74 75 77
22 25 50 72 74 75 76 80
22 25 50 72 75 77 79 80
22 25 51 53 74 75 77 78
22 25 51 72 73 74 78 80
22 25 51 72 74 75 79 80
22 25 51 74 75 76 78 80
22 25 53 72 73 77 78 80
22 25 53 72 74 76 77 78
22 25 53 72 74 78 79 80
22 26 45 48 73 74 76 80
22 26 45 51 74 76 77 79
22 26 46 47 49 53 72 75
22 26 46 50 52 53 75 78
22 26 47 49 50 52 72 78
22 26 48 51 73 77 79 80
22 27 38 41 49 60 65 73
22 27 38 41 54 60 71 79
22 27 38 46 54 60 71 73
22 27 41 44 52 60 65 76
22 27 41 44 57 60 68 79
22 27 44 46 57 60 68 76
22 28 37 43 46 55 70 73
22 28 37 43 55 61 64 76
22 28 37 49 55 61 64 73
22 28 40 43 52 55 70 79
22 28 40 43 55 58 67 76
22 28 40 49 55 58 67 79
22 29 36 39 49 59 66 79
22 29 36 39 56 59 69 73
22 29 36 42 46 59 66 76
22 29 36 42 59 62 63 73
22 29 39 52 56 59 69 79
22 29 42 52 59 62 63 76
22 30 38 41 52 54 71 76
22 30 38 41 54 60 65 79
22 30 38 44 49 54 71 73
22 30 38 44 54 57 68 79
22 30 41 46 54 60 65 76
22 30 44 46 54 57 68 73
22 31 37 40 52 58 67 79
22 31 37 40 58 61 64 76
22 31 37 49 58 61 64 79
22 31 40 43 46 58 67 73
22 31 40 43 55 58 70 76
22 31 43 49 55 58 70 73
22 32 36 42 49 62 63 79
22 32 36 42 59 62 66 73
22 32 36 52 59 62 66 79
22 32 39 42 46 62 63 76
22 32 39 42 56 62 69 73
22 32 39 52 56 62 69 76
22 33 38 44 52 57 68 76
22 33 38 44 54 57 71 79
22 33 38 46 54 57 71 76
22 33 41 44 49 57 68 73
22 33 41 44 57 60 65 79
22 33 41 46 57 60 65 73
22 34 37 40 46 61 64 73
22 34 37 40 58 61 67 76
22 34 37 43 52 61 64 79
22 34 37 43 55 61 70 76
22 34 40 49 58 61 67 73
22 34 43 49 55 61 70 79
22 35 36 39 46 56 69 76
22 35 36 39 56 59 66 73
22 35 36 52 56 59 66 76
22 35 39 42 49 56 69 79
22 35 39 42 56 62 63 73
22 35 42 52 56 62 63 79
22 45 46 47 48 52 74 80
22 45 46 47 49 51 74 77
22 45 46 47 49 53 75 78
22 45 46 47 50 52 72 75
22 45 46 48 49 53 74 80
22 45 46 50 51 52 74 77
22 45 48 49 50 52 74 80
22 45 48 72 73 74 77 79
22 45 48 73 74 76 77 78
22 45 48 74 75 76 77 79
22 45 49 50 52 53 72 78
22 45 49 51 52 53 74 77
22 45 51 72 76 77 79 80
22 45 51 73 75 76 77 80
22 45 51 73 77 78 79 80
22 46 47 48 52 53 75 78
22 46 47 49 50 51 72 75
22 46 48 49 50 51 77 80
22 46 48 49 50 53 72 78
22 46 48 51 52 53 77 80
22 46 50 51 52 53 72 78
22 47 48 49 50 52 72 75
22 47 48 49 51 52 77 80
22 47 49 51 52 53 75 78
22 47 50 72 73 74 76 78
22 47 50 72 73 77 78 79
22 47 50 72 76 78 79 80
22 47 53 72 73 74 75 79
22 47 53 72 73 75 76 80
22 47 53 72 75 76 77 79
22 48 51 72 73 74 76 80
22 48 51 73 74 75 79 80
22 48 51 74 76 78 79 80
22 50 53 73 75 76 77 78
22 50 53 73 75 78 79 80
22 50 53 74 75 76 78 79
23 24 45 47 50 51 76 79
23 24 45 48 50 53 73 76
23 24 46 49 72 75 77 80
23 24 46 52 74 75 78 80
23 24 47 48 51 53 73 79
23 24 49 52 72 74 77 78
23 25 45 48 76 77 79 80
23 25 45 51 73 74 79 80
23 25 46 47 49 50 75 78
23 25 46 47 52 53 72 78
23 25 48 51 73 74 76 77
23 25 49 50 52 53 72 75
23 26 27 37 53 57 67 70
23 26 27 40 47 57 67 70
23 26 28 39 47 61 63 66
23 26 28 42 50 61 63 66
23 26 29 41 50 56 68 71
23 26 29 44 53 56 68 71
23 26 30 37 47 60 64 67
23 26 30 43 53 60 64 67
23 26 31 36 47 55 63 69
23 26 31 39 50 55 63 69
23 26 32 38 50 59 65 68
23 26 32 41 53 59 65 68
23 26 33 40 53 54 64 70
23 26 33 43 47 54 64 70
23 26 34 36 50 58 66 69
23 26 34 42 47 58 66 69
23 26 35 38 53 62 65 71
23 26 35 44 50 62 65 71
23 26 45 46 47 48 52 79
23 26 45 46 47 49 51 73
23 26 45 46 47 51 52 72
23 26 45 46 48 49 50 78
23 26 45 46 48 49 53 79
23 26 45 46 48 49 73 75
23 26 45 46 48 52 53 72
23 26 45 46 48 52 73 78
23 26 45 46 49 51 53 78
23 26 45 46 49 51 75 76
23 26 45 46 50 51 52 73
23 26 45 46 51 52 76 78
23 26 45 46 72 75 76 79
23 26 45 47 48 49 52 75
23 26 45 48 49 50 52 79
23 26 45 48 49 52 72 73
23 26 45 49 50 51 52 75
23 26 45 49 51 52 53 73
23 26 45 49 51 52 72 76
23 26 45 49 72 76 78 79
23 26 45 52 75 76 78 79
23 26 45 72 73 74 78 79
23 26 45 72 73 75 79 80
23 26 45 73 75 77 78 79
23 26 46 47 48 49 51 78
23 26 46 48 49 50 51 76
23 26 46 48 49 51 75 79
23 26 46 48 50 51 52 72
23 26 46 48 51 52 53 76
23 26 46 48 51 52 78 79
23 26 46 48 72 73 75 76
23 26 46 51 72 73 75 79
23 26 46 72 73 74 76 78
23 26 46 72 73 77 78 79
23 26 46 72 76 78 79 80
23 26 47 48 49 51 52 76
23 26 48 49 51 52 53 75
23 26 48 49 51 52 72 79
23 26 48 49 72 73 76 78
23 26 48 52 73 75 76 78
23 26 48 72 74 75 76 79
23 26 48 72 76 77 78 79
23 26 48 75 76 78 79 80
23 26 49 51 72 73 78 79
23 26 49 73 75 76 77 78
23 26 49 73 75 78 79 80
23 26 49 74 75 76 78 79
23 26 51 52 73 75 78 79
23 26 51 72 73 75 76 77
23 26 51 72 73 76 78 80
23 26 51 73 74 75 76 78
23 26 52 72 73 74 75 79
23 26 52 72 73 75 76 80
23 26 52 72 75 76 77 79
23 27 37 40 47 57 70 77
23 27 37 40 57 60 67 74
23 27 37 53 57 60 67 77
23 27 40 43 50 57 70 80
23 27 40 43 54 57 64 74
23 27 43 53 54 57 64 80
23 28 36 42 53 61 66 77
23 28 36 42 58 61 69 80
23 28 36 47 58 61 69 77
23 28 39 42 50 61 66 74
23 28 39 42 55 61 63 80
23 28 39 47 55 61 63 74
23 29 38 44 47 56 71 74
23 29 38 44 56 62 65 77
23 29 38 50 56 62 65 74
23 29 41 44 53 56 71 80
23 29 41 44 56 59 68 77
23 29 41 50 56 59 68 80
23 30 37 40 50 60 67 80
23 30 37 40 57 60 70 74
23 30 37 43 47 60 67 77
23 30 37 43 54 60 64 74
23 30 40 53 57 60 70 80
23 30 43 53 54 60 64 77
23 31 36 39 50 55 63 74
23 31 36 39 55 58 69 80
23 31 36 47 55 58 69 74
23 31 39 42 53 55 63 77
23 31 39 42 55 61 66 80
23 31 42 47 55 61 66 77
23 32 38 41 53 59 68 80
23 32 38 41 59 62 65 77
23 32 38 50 59 62 65 80
23 32 41 44 47 59 68 74
23 32 41 44 56 59 71 77
23 32 44 50 56 59 71 74
23 33 37 43 50 54 64 80
23 33 37 43 54 60 67 74
23 33 37 53 54 60 67 80
23 33 40 43 47 54 64 77
23 33 40 43 54 57 70 74
23 33 40 53 54 57 70 77
23 34 36 39 53 58 69 77
23 34 36 39 55 58 63 80
23 34 36 42 50 58 69 74
23 34 36 42 58 61 66 80
23 34 39 47 55 58 63 77
23 34 42 47 58 61 66 74
23 35 38 41 47 62 65 74
23 35 38 41 59 62 68 77
23 35 38 44 53 62 65 80
23 35 38 44 56 62 71 77
23 35 41 50 59 62 68 74
23 35 44 50 56 62 71 80
23 45 46 47 48 50 76 79
23 45 46 47 49 50 72 75
23 45 46 50 51 53 73 79
23 45 46 50 52 53 75 78
23 45 47 48 49 53 76 79
23 45 47 49 50 51 73 79
23 45 47 49 52 53 72 78
23 45 47 51 52 53 73 79
23 45 48 50 52 53 76 79
23 45 48 72 73 74 76 77
23 45 48 73 74 75 76 80
23 45 48 73 76 77 78 80
23 45 51 72 74 76 79 80
23 45 51 74 76 77 78 79
23 45 51 75 76 77 79 80
23 46 47 48 49 53 72 75
23 46 47 48 50 52 75 78
23 46 47 48 51 53 73 76
23 46 47 51 52 53 75 78
23 46 49 50 51 53 72 75
23 46 49 73 74 75 78 80
23 46 49 74 75 77 78 79
23 46 49 75 76 77 78 80
23 46 52 72 73 77 78 80
23 46 52 72 74 76 77 78
23 46 52 72 74 78 79 80
23 47 48 50 51 52 73 76
23 47 49 50 51 52 72 78
23 48 49 50 51 53 73 76
23 48 49 50 52 53 72 78
23 48 51 72 73 77 79 80
23 48 51 73 74 75 77 79
23 48 51 73 74 78 79 80
23 49 52 72 73 74 75 77
23 49 52 72 74 75 76 80
23 49 52 72 75 77 79 80
24 25 45 46 49 51 74 77
24 25 45 48 49 52 74 80
24 25 46 48 51 52 77 80
24 25 47 50 72 73 76 78
24 25 47 53 72 75 76 79
24 25 50 53 73 75 78 79
24 26 45 47 48 53 73 79
24 26 45 50 51 53 73 76
24 26 46 49 72 77 78 80
24 26 46 52 72 74 75 80
24 26 47 48 50 51 76 79
24 26 49 52 74 75 77 78
24 27 36 39 45 54 66 72
24 27 36 39 54 57 63 78
24 27 36 51 54 57 63 72
24 27 39 42 48 54 66 75
24 27 39 42 54 60 69 78
24 27 42 51 54 60 69 75
24 28 38 41 48 58 71 78
24 28 38 41 58 61 68 75
24 28 38 45 58 61 68 78
24 28 41 44 51 58 71 72
24 28 41 44 55 58 65 75
24 28 44 45 55 58 65 72
24 29 37 43 45 62 67 78
24 29 37 43 59 62 70 72
24 29 37 48 59 62 70 78
24 29 40 43 51 62 67 75
24 29 40 43 56 62 64 72
24 29 40 48 56 62 64 75
24 30 36 39 48 57 63 75
24 30 36 39 54 57 66 78
24 30 36 42 45 57 63 72
24 30 36 42 57 60 69 78
24 30 39 51 54 57 66 75
24 30 42 51 57 60 69 72
24 31 38 41 51 61 68 72
24 31 38 41 58 61 71 75
24 31 38 44 48 61 68 78
24 31 38 44 55 61 65 75
24 31 41 45 58 61 71 72
24 31 44 45 55 61 65 78
24 32 37 40 51 56 64 75
24 32 37 40 56 59 70 72
24 32 37 48 56 59 70 75
24 32 40 43 45 56 64 78
24 32 40 43 56 62 67 72
24 32 43 48 56 62 67 78
24 33 36 42 48 60 69 75
24 33 36 42 57 60 63 78
24 33 36 51 57 60 63 75
24 33 39 42 45 60 69 72
24 33 39 42 54 60 66 78
24 33 39 51 54 60 66 72
24 34 38 44 51 55 65 72
24 34 38 44 55 61 68 75
24 34 38 45 55 61 68 72
24 34 41 44 48 55 65 78
24 34 41 44 55 58 71 75
24 34 41 45 55 58 71 78
24 35 37 40 45 59 70 78
24 35 37 40 56 59 64 72
24 35 37 43 51 59 70 75
24 35 37 43 59 62 67 72
24 35 40 48 56 59 64 78
24 35 43 48 59 62 67 75
24 45 46 47 51 52 74 80
24 45 46 47 51 53 76 79
24 45 46 48 49 50 77 80
24 45 46 48 50 53 73 79
24 45 46 48 52 53 74 80
24 45 46 49 51 53 77 80
24 45 47 48 49 50 73 76
24 45 47 48 49 52 74 77
24 45 47 48 52 53 76 79
24 45 47 50 51 52 73 76
24 45 49 50 51 52 74 77
24 45 49 50 51 53 73 79
24 46 47 48 49 51 77 80
24 46 47 48 50 51 73 76
24 46 48 50 51 52 74 80
24 46 49 72 74 75 76 77
24 46 49 72 74 77 78 79
24 46 49 73 74 75 77 78
24 46 52 72 73 75 77 80
24 46 52 72 76 77 78 80
24 46 52 75 77 78 79 80
24 47 48 49 51 53 76 79
24 47 50 72 74 75 76 79
24 47 50 72 76 77 78 79
24 47 50 75 76 78 79 80
24 47 53 72 73 74 78 79
24 47 53 72 73 75 79 80
24 47 53 73 75 77 78 79
24 48 49 51 52 53 74 77
24 48 50 51 52 53 73 79
24 49 52 72 73 74 78 80
24 49 52 72 74 75 79 80
24 49 52 74 75 76 78 80
24 50 53 72 73 75 76 77
24 50 53 72 73 76 78 80
24 50 53 73 74 75 76 78
25 26 45 48 73 76 77 80
25 26 45 51 74 76 79 80
25 26 46 47 50 52 75 78
25 26 46 49 50 53 72 75
25 26 47 49 52 53 72 78
25 26 48 51 73 74 77 79
25 27 38 41 46 60 71 79
25 27 38 41 57 60 65 73
25 27 38 44 52 60 71 76
25 27 38 44 54 60 68 73
25 27 41 49 57 60 65 79
25 27 44 49 54 60 68 76
25 28 37 40 46 55 67 73
25 28 37 40 55 58 64 79
25 28 37 52 55 58 64 73
25 28 40 43 49 55 67 76
25 28 40 43 55 61 70 79
25 28 43 52 55 61 70 76
25 29 36 42 52 59 63 73
25 29 36 42 56 59 66 76
25 29 36 46 56 59 66 73
25 29 39 42 49 59 63 79
25 29 39 42 59 62 69 76
25 29 39 46 59 62 69 79
25 30 38 44 46 54 68 79
25 30 38 44 54 60 71 73
25 30 38 49 54 60 71 79
25 30 41 44 52 54 68 76
25 30 41 44 54 57 65 73
25 30 41 49 54 57 65 76
25 31 37 40 49 58 64 76
25 31 37 40 55 58 67 79
25 31 37 43 46 58 64 73
25 31 37 43 58 61 70 79
25 31 40 52 55 58 67 76
25 31 43 52 58 61 70 73
25 32 36 39 49 62 69 79
25 32 36 39 56 62 66 76
25 32 36 46 56 62 66 79
25 32 39 42 52 62 69 73
25 32 39 42 59 62 63 76
25 32 42 46 59 62 63 73
25 33 38 41 52 57 65 76
25 33 38 41 57 60 71 73
25 33 38 49 57 60 71 76
25 33 41 44 46 57 65 79
25 33 41 44 54 57 68 73
25 33 44 49 54 57 68 79
25 34 37 43 49 61 70 76
25 34 37 43 58 61 64 79
25 34 37 52 58 61 64 76
25 34 40 43 46 61 70 73
25 34 40 43 55 61 67 79
25 34 40 52 55 61 67 73
25 35 36 39 52 56 66 73
25 35 36 39 56 62 69 76
25 35 36 42 49 56 66 79
25 35 36 42 56 59 63 76
25 35 39 46 56 62 69 73
25 35 42 46 56 59 63 79
25 45 46 47 48 52 77 80
25 45 46 47 49 51 74 80
25 45 46 47 49 53 72 75
25 45 46 47 50 52 72 78
25 45 46 48 49 53 77 80
25 45 46 50 51 52 74 80
25 45 48 49 50 52 77 80
25 45 48 72 73 74 76 80
25 45 48 73 74 75 79 80
25 45 48 74 76 78 79 80
25 45 49 50 52 53 75 78
25 45 49 51 52 53 74 80
25 45 51 72 73 74 77 79
25 45 51 73 74 76 77 78
25 45 51 74 75 76 77 79
25 46 47 48 52 53 72 75
25 46 47 49 50 51 72 78
25 46 48 49 50 51 74 77
25 46 48 49 50 53 75 78
25 46 48 51 52 53 74 77
25 46 50 51 52 53 75 78
25 47 48 49 50 52 72 78
25 47 48 49 51 52 74 77
25 47 49 51 52 53 72 75
25 47 50 73 75 76 77 78
25 47 50 73 75 78 79 80
25 47 50 74 75 76 78 79
25 47 53 72 73 74 76 78
25 47 53 72 73 77 78 79
25 47 53 72 76 78 79 80
25 48 51 72 76 77 79 80
25 48 51 73 75 76 77 80
25 48 51 73 77 78 79 80
25 50 53 72 73 74 75 79
25 50 53 72 73 75 76 80
25 50 53 72 75 76 77 79
26 27 37 40 53 57 67 74
26 27 37 40 54 57 70 77
26 27 37 43 50 57 67 80
26 27 37 43 57 60 64 77
26 27 40 47 54 57 70 74
26 27 43 47 57 60 64 80
26 28 36 39 53 61 63 77
26 28 36 39 55 61 69 74
26 28 36 50 55 61 69 77
26 28 39 42 47 61 63 80
26 28 39 42 58 61 66 74
26 28 42 50 58 61 66 80
26 29 38 41 47 56 68 74
26 29 38 41 56 59 65 80
26 29 38 53 56 59 65 74
26 29 41 44 50 56 68 77
26 29 41 44 56 62 71 80
26 29 44 53 56 62 71 77
26 30 37 43 53 60 64 74
26 30 37 43 57 60 67 77
26 30 37 47 57 60 67 74
26 30 40 43 50 60 64 80
26 30 40 43 54 60 70 77
26 30 40 47 54 60 70 80
26 31 36 39 47 55 69 80
26 31 36 39 55 61 63 74
26 31 36 42 53 55 69 77
26 31 36 42 55 58 66 74
26 31 39 50 55 61 63 80
26 31 42 50 55 58 66 77
26 32 38 41 50 59 65 77
26 32 38 41 56 59 68 80
26 32 38 44 47 59 65 74
26 32 38 44 59 62 71 80
26 32 41 53 56 59 68 77
26 32 44 53 59 62 71 74
26 33 37 40 50 54 70 80
26 33 37 40 54 57 67 77
26 33 37 47 54 57 67 80
26 33 40 43 53 54 70 74
26 33 40 43 54 60 64 77
26 33 43 47 54 60 64 74
26 34 36 42 47 58 66 80
26 34 36 42 55 58 69 74
26 34 36 50 55 58 69 80
26 34 39 42 53 58 66 77
26 34 39 42 58 61 63 74
26 34 39 50 58 61 63 77
26 35 38 44 50 62 71 77
26 35 38 44 59 62 65 80
26 35 38 53 59 62 65 77
26 35 41 44 47 62 71 74
26 35 41 44 56 62 68 80
26 35 41 53 56 62 68 74
26 45 46 47 48 50 73 76
26 45 46 47 49 50 72 78
26 45 46 50 51 53 76 79
26 45 46 50 52 53 72 75
26 45 47 48 49 53 73 76
26 45 47 49 50 51 76 79
26 45 47 49 52 53 75 78
26 45 47 51 52 53 76 79
26 45 48 50 52 53 73 76
26 45 48 72 73 77 79 80
26 45 48 73 74 75 77 79
26 45 48 73 74 78 79 80
26 45 51 72 73 74 76 77
26 45 51 73 74 75 76 80
26 45 51 73 76 77 78 80
26 46 47 48 49 53 72 78
26 46 47 48 50 52 72 75
26 46 47 48 51 53 73 79
26 46 47 51 52 53 72 75
26 46 49 50 51 53 72 78
26 46 49 72 73 74 75 77
26 46 49 72 74 75 76 80
26 46 49 72 75 77 79 80
26 46 52 73 74 75 78 80
26 46 52 74 75 77 78 79
26 46 52 75 76 77 78 80
26 47 48 50 51 52 73 79
26 47 49 50 51 52 75 78
26 48 49 50 51 53 73 79
26 48 49 50 52 53 75 78
26 48 51 72 74 76 79 80
26 48 51 74 76 77 78 79
26 48 51 75 76 77 79 80
26 49 52 72 73 77 78 80
26 49 52 72 74 76 77 78
26 49 52 72 74 78 79 80
27 30 36 45 57 63 72 78
27 30 36 51 54 63 72 78
27 30 37 47 60 67 74 77
27 30 37 53 57 67 74 77
27 30 38 46 60 71 73 79
27 30 38 49 54 71 73 79
27 30 39 48 54 66 75 78
27 30 39 51 57 66 75 78
27 30 40 50 57 70 74 80
27 30 40 53 60 70 74 80
27 30 41 46 54 65 76 79
27 30 41 52 60 65 76 79
27 30 42 45 54 69 72 75
27 30 42 48 57 69 72 75
27 30 43 47 57 64 77 80
27 30 43 50 60 64 77 80
27 30 44 49 60 68 73 76
27 30 44 52 54 68 73 76
27 33 36 45 60 63 72 75
27 33 36 48 54 63 72 75
27 33 37 47 54 67 77 80
27 33 37 50 57 67 77 80
27 33 38 49 57 71 73 76
27 33 38 52 60 71 73 76
27 33 39 45 54 66 72 78
27 33 39 51 60 66 72 78
27 33 40 47 57 70 74 77
27 33 40 53 54 70 74 77
27 33 41 46 57 65 73 79
27 33 41 49 60 65 73 79
27 33 42 48 60 69 75 78
27 33 42 51 54 69 75 78
27 33 43 50 54 64 74 80
27 33 43 53 57 64 74 80
27 33 44 46 60 68 76 79
27 33 44 52 57 68 76 79
28 31 36 50 61 69 74 77
28 31 36 53 55 69 74 77
28 31 37 46 58 64 73 79
28 31 37 52 55 64 73 79
28 31 38 45 58 68 75 78
28 31 38 48 61 68 75 78
28 31 39 47 61 63 74 80
28 31 39 50 55 63 74 80
28 31 40 49 55 67 76 79
28 31 40 52 58 67 76 79
28 31 41 45 61 71 72 75
28 31 41 51 58 71 72 75
28 31 42 47 55 66 77 80
28 31 42 53 61 66 77 80
28 31 43 46 55 70 73 76
28 31 43 49 58 70 73 76
28 31 44 48 58 65 72 78
28 31 44 51 61 65 72 78
28 34 36 47 61 69 77 80
28 34 36 53 58 69 77 80
28 34 37 46 61 64 73 76
28 34 37 49 55 64 73 76
28 34 38 48 55 68 72 78
28 34 38 51 58 68 72 78
28 34 39 50 58 63 74 77
28 34 39 53 61 63 74 77
28 34 40 46 55 67 73 79
28 34 40 52 61 67 73 79
28 34 41 45 55 71 75 78
28 34 41 48 58 71 75 78
28 34 42 47 58 66 74 80
28 34 42 50 61 66 74 80
28 34 43 49 61 70 76 79
28 34 43 52 55 70 76 79
28 34 44 45 58 65 72 75
28 34 44 51 55 65 72 75
29 32 36 49 59 66 73 79
29 32 36 52 62 66 73 79
29 32 37 45 56 70 75 78
29 32 37 51 62 70 75 78
29 32 38 47 59 65 74 80
29 32 38 53 56 65 74 80
29 32 39 46 59 69 76 79
29 32 39 49 62 69 76 79
29 32 40 48 62 64 72 75
29 32 40 51 56 64 72 75
29 32 41 50 56 68 77 80
29 32 41 53 59 68 77 80
29 32 42 46 62 63 73 76
29 32 42 52 59 63 73 76
29 32 43 45 62 67 72 78
29 32 43 48 56 67 72 78
29 32 44 47 56 71 74 77
29 32 44 50 59 71 74 77
29 35 36 46 59 66 73 76
29 35 36 52 56 66 73 76
29 35 37 45 59 70 72 78
29 35 37 48 62 70 72 78
29 35 38 47 62 65 74 77
29 35 38 50 56 65 74 77
29 35 39 49 56 69 73 79
29 35 39 52 59 69 73 79
29 35 40 45 62 64 75 78
29 35 40 51 59 64 75 78
29 35 41 47 56 68 74 80
29 35 41 53 62 68 74 80
29 35 42 46 56 63 76 79
29 35 42 49 59 63 76 79
29 35 43 48 59 67 72 75
29 35 43 51 62 67 72 75
29 35 44 50 62 71 77 80
29 35 44 53 56 71 77 80
30 33 36 48 57 63 75 78
30 33 36 51 60 63 75 78
30 33 37 50 60 67 74 80
30 33 37 53 54 67 74 80
30 33 38 46 57 71 76 79
30 33 38 52 54 71 76 79
30 33 39 45 57 66 72 75
30 33 39 48 60 66 72 75
30 33 40 47 60 70 77 80
30 33 40 50 54 70 77 80
30 33 41 49 54 65 73 76
30 33 41 52 57 65 73 76
30 33 42 45 60 69 72 78
30 33 42 51 57 69 72 78
30 33 43 47 54 64 74 77
30 33 43 53 60 64 74 77
30 33 44 46 54 68 73 79
30 33 44 49 57 68 73 79
31 34 36 47 55 69 74 80
31 34 36 50 58 69 74 80
31 34 37 49 58 64 76 79
31 34 37 52 61 64 76 79
31 34 38 45 55 68 72 75
31 34 38 51 61 68 72 75
31 34 39 47 58 63 77 80
31 34 39 53 55 63 77 80
31 34 40 46 58 67 73 76
31 34 40 49 61 67 73 76
31 34 41 48 61 71 72 78
31 34 41 51 55 71 72 78
31 34 42 50 55 66 74 77
31 34 42 53 58 66 74 77
31 34 43 46 61 70 73 79
31 34 43 52 58 70 73 79
31 34 44 45 61 65 75 78
31 34 44 48 55 65 75 78
32 35 36 46 62 66 76 79
32 35 36 49 56 66 76 79
32 35 37 48 56 70 72 75
32 35 37 51 59 70 72 75
32 35 38 50 59 65 77 80
32 35 38 53 62 65 77 80
32 35 39 46 56 69 73 76
32 35 39 52 62 69 73 76
32 35 40 45 56 64 72 78
32 35 40 48 59 64 72 78
32 35 41 47 59 68 74 77
32 35 41 50 62 68 74 77
32 35 42 49 62 63 73 79
32 35 42 52 56 63 73 79
32 35 43 45 59 67 75 78
32 35 43 51 56 67 75 78
32 35 44 47 62 71 74 80
32 35 44 53 59 71 74 80
